{
	"format_version": "1.12.0",
	"minecraft:geometry": [
		{
			"description": {
				"identifier": "geometry.hk416d - Converted",
				"texture_width": 64,
				"texture_height": 64,
				"visible_bounds_width": 4,
				"visible_bounds_height": 2.5,
				"visible_bounds_offset": [0, 0.75, 0]
			},
			"bones": [
				{
					"name": "lod",
					"pivot": [-0.00041, 7.56692, 4.77724],
					"cubes": [
						{
							"origin": [-1.0625, 9.26089, -16.81202],
							"size": [2.125, 0.75, 15.6875],
							"uv": {
								"north": {"uv": [45, 3], "uv_size": [2.25, 0.75]},
								"east": {"uv": [32, 8], "uv_size": [15.75, 0.75]},
								"south": {"uv": [7, 45], "uv_size": [2.25, 0.75]},
								"west": {"uv": [32, 9], "uv_size": [15.75, 0.75]},
								"up": {"uv": [0, 6], "uv_size": [2.25, 15.75]},
								"down": {"uv": [3, 21.75], "uv_size": [2.25, -15.75]}
							}
						},
						{
							"origin": [-1.0625, 9.44839, -16.81202],
							"size": [2.125, 0.375, 15.1875],
							"inflate": 0.001,
							"uv": {
								"north": {"uv": [26, 46], "uv_size": [2.25, 0.5]},
								"east": {"uv": [32, 34], "uv_size": [15.25, 0.5]},
								"south": {"uv": [29, 46], "uv_size": [2.25, 0.5]},
								"west": {"uv": [32, 35], "uv_size": [15.25, 0.5]},
								"up": {"uv": [6, 6], "uv_size": [2.25, 15.25]},
								"down": {"uv": [9, 21.25], "uv_size": [2.25, -15.25]}
							}
						},
						{
							"origin": [-0.375, 8.69839, -16.81202],
							"size": [1.375, 1.375, 15.6875],
							"pivot": [0, 9.69839, -5.46827],
							"rotation": [0, 0, 45],
							"uv": {
								"north": {"uv": [44, 0], "uv_size": [1.5, 1.5]},
								"east": {"uv": [16, 6], "uv_size": [15.75, 1.5]},
								"south": {"uv": [44, 16], "uv_size": [1.5, 1.5]},
								"west": {"uv": [16, 8], "uv_size": [15.75, 1.5]},
								"up": {"uv": [16, 10], "uv_size": [1.5, 15.75]},
								"down": {"uv": [18, 25.75], "uv_size": [1.5, -15.75]}
							}
						},
						{
							"origin": [-0.375, 9.44839, -16.81202],
							"size": [1.375, 1.375, 15.6875],
							"pivot": [0, 10.44839, -5.46827],
							"rotation": [0, 0, 45],
							"uv": {
								"north": {"uv": [18, 44], "uv_size": [1.5, 1.5]},
								"east": {"uv": [20, 10], "uv_size": [15.75, 1.5]},
								"south": {"uv": [20, 44], "uv_size": [1.5, 1.5]},
								"west": {"uv": [20, 12], "uv_size": [15.75, 1.5]},
								"up": {"uv": [20, 14], "uv_size": [1.5, 15.75]},
								"down": {"uv": [0, 37.75], "uv_size": [1.5, -15.75]}
							}
						},
						{
							"origin": [-0.375, 9.19839, -25.37452],
							"size": [0.9375, 0.9375, 3],
							"pivot": [0, 9.76089, -24.46827],
							"rotation": [0, 0, 45],
							"uv": {
								"north": {"uv": [37, 20], "uv_size": [1, 1]},
								"east": {"uv": [42, 3], "uv_size": [3, 1]},
								"south": {"uv": [37, 46], "uv_size": [1, 1]},
								"west": {"uv": [42, 19], "uv_size": [3, 1]},
								"up": {"uv": [35, 42], "uv_size": [1, 3]},
								"down": {"uv": [42, 45], "uv_size": [1, -3]}
							}
						},
						{
							"origin": [-0.25, 9.32339, -22.38952],
							"size": [0.6875, 0.6875, 6.515],
							"pivot": [0, 9.76089, -24.46827],
							"rotation": [0, 0, 45],
							"uv": {
								"north": {"uv": [47, 25], "uv_size": [0.75, 0.75]},
								"east": {"uv": [39, 14], "uv_size": [6.5, 0.75]},
								"south": {"uv": [47, 26], "uv_size": [0.75, 0.75]},
								"west": {"uv": [39, 15], "uv_size": [6.5, 0.75]},
								"up": {"uv": [36, 38], "uv_size": [0.75, 6.5]},
								"down": {"uv": [39, 42.5], "uv_size": [0.75, -6.5]}
							}
						},
						{
							"origin": [-0.54982, 9.20397, -1.56202],
							"size": [1.15835, 1.13975, 11.18702],
							"pivot": [-0.20397, 9.82897, 6.3125],
							"rotation": [0, 0, -45],
							"uv": {
								"north": {"uv": [10, 45], "uv_size": [1.25, 1.25]},
								"east": {"uv": [25, 0], "uv_size": [11.25, 1.25]},
								"south": {"uv": [12, 45], "uv_size": [1.25, 1.25]},
								"west": {"uv": [25, 2], "uv_size": [11.25, 1.25]},
								"up": {"uv": [22, 25], "uv_size": [1.25, 11.25]},
								"down": {"uv": [26, 25.25], "uv_size": [1.25, -11.25]}
							}
						},
						{
							"origin": [-0.54051, 8.50331, -1.12452],
							"size": [1.14905, 1.14905, 10.75],
							"pivot": [-0.20397, 9.12831, 6.56298],
							"rotation": [0, 0, -45],
							"uv": {
								"north": {"uv": [16, 45], "uv_size": [1.25, 1.25]},
								"east": {"uv": [25, 4], "uv_size": [10.75, 1.25]},
								"south": {"uv": [45, 19], "uv_size": [1.25, 1.25]},
								"west": {"uv": [28, 14], "uv_size": [10.75, 1.25]},
								"up": {"uv": [24, 29], "uv_size": [1.25, 10.75]},
								"down": {"uv": [30, 26.75], "uv_size": [1.25, -10.75]}
							}
						},
						{
							"origin": [-0.8125, 9.26089, -1.12452],
							"size": [1.625, 0.6875, 10.75],
							"uv": {
								"north": {"uv": [14, 46], "uv_size": [1.75, 0.75]},
								"east": {"uv": [32, 24], "uv_size": [10.75, 0.75]},
								"south": {"uv": [46, 14], "uv_size": [1.75, 0.75]},
								"west": {"uv": [32, 25], "uv_size": [10.75, 0.75]},
								"up": {"uv": [2, 22], "uv_size": [1.75, 10.75]},
								"down": {"uv": [4, 32.75], "uv_size": [1.75, -10.75]}
							}
						},
						{
							"origin": [0.9375, 9.26089, 5.06298],
							"size": [1.625, 1.0625, 1.5625],
							"pivot": [1.75, 9.60464, 1.75048],
							"rotation": [0, -30, 0],
							"uv": {
								"north": {"uv": [44, 41], "uv_size": [1.75, 1]},
								"east": {"uv": [45, 23], "uv_size": [1.5, 1]},
								"south": {"uv": [2, 45], "uv_size": [1.75, 1]},
								"west": {"uv": [30, 45], "uv_size": [1.5, 1]},
								"up": {"uv": [16, 43], "uv_size": [1.75, 1.5]},
								"down": {"uv": [24, 44.5], "uv_size": [1.75, -1.5]}
							}
						},
						{
							"origin": [-1.41498, 9.25, 5.39021],
							"size": [1.4375, 0.75, 3],
							"pivot": [-0.78998, 9.46875, 7.60896],
							"rotation": [0, -22.5, 0],
							"uv": {
								"north": {"uv": [20, 46], "uv_size": [1.5, 0.75]},
								"east": {"uv": [44, 2], "uv_size": [3, 0.75]},
								"south": {"uv": [46, 31], "uv_size": [1.5, 0.75]},
								"west": {"uv": [44, 18], "uv_size": [3, 0.75]},
								"up": {"uv": [24, 40], "uv_size": [1.5, 3]},
								"down": {"uv": [40, 30], "uv_size": [1.5, -3]}
							}
						},
						{
							"origin": [-0.4375, 8.32339, -16.87452],
							"size": [0.875, 2.5625, 25.0625],
							"uv": {
								"north": {"uv": [28, 43], "uv_size": [1, 2.5]},
								"east": {"uv": [0, 0], "uv_size": [25, 2.5]},
								"south": {"uv": [29, 43], "uv_size": [1, 2.5]},
								"west": {"uv": [0, 3], "uv_size": [25, 2.5]},
								"up": {"uv": [12, 6], "uv_size": [1, 25]},
								"down": {"uv": [13, 31], "uv_size": [1, -25]}
							}
						},
						{
							"origin": [-0.4375, 10.88589, -16.87452],
							"size": [0.875, 0.3125, 24.625],
							"uv": {
								"north": {"uv": [41, 47], "uv_size": [1, 0.25]},
								"east": {"uv": [37, 21], "uv_size": [24.75, 0.25]},
								"south": {"uv": [42, 47], "uv_size": [1, 0.25]},
								"west": {"uv": [37, 22], "uv_size": [24.75, 0.25]},
								"up": {"uv": [14, 6], "uv_size": [1, 24.75]},
								"down": {"uv": [15, 30.75], "uv_size": [1, -24.75]}
							}
						},
						{
							"origin": [-1.3125, 10.63589, 8.18798],
							"size": [2.6875, 0.375, 0.75],
							"uv": {
								"north": {"uv": [45, 43], "uv_size": [2.75, 0.5]},
								"east": {"uv": [39, 47], "uv_size": [0.75, 0.5]},
								"south": {"uv": [46, 4], "uv_size": [2.75, 0.5]},
								"west": {"uv": [47, 39], "uv_size": [0.75, 0.5]},
								"up": {"uv": [44, 39], "uv_size": [2.75, 0.75]},
								"down": {"uv": [44, 40.75], "uv_size": [2.75, -0.75]}
							}
						},
						{
							"origin": [-0.4375, 8.01089, -15.49952],
							"size": [0.875, 0.375, 14.5],
							"uv": {
								"north": {"uv": [28, 47], "uv_size": [1, 0.5]},
								"east": {"uv": [36, 12], "uv_size": [14.5, 0.5]},
								"south": {"uv": [47, 28], "uv_size": [1, 0.5]},
								"west": {"uv": [36, 13], "uv_size": [14.5, 0.5]},
								"up": {"uv": [24, 14], "uv_size": [1, 14.5]},
								"down": {"uv": [25, 28.5], "uv_size": [1, -14.5]}
							}
						},
						{
							"origin": [-0.9375, 5.38589, -0.49952],
							"size": [1.875, 0.3125, 4.75],
							"pivot": [0, 9.38589, 6.50048],
							"rotation": [-5, 0, 0],
							"uv": {
								"north": {"uv": [29, 47], "uv_size": [2, 0.25]},
								"east": {"uv": [46, 17], "uv_size": [4.75, 0.25]},
								"south": {"uv": [47, 29], "uv_size": [2, 0.25]},
								"west": {"uv": [46, 24], "uv_size": [4.75, 0.25]},
								"up": {"uv": [6, 32], "uv_size": [2, 4.75]},
								"down": {"uv": [8, 36.75], "uv_size": [2, -4.75]}
							}
						},
						{
							"origin": [-0.6875, 5.94839, -0.56202],
							"size": [1.375, 2.0625, 4.4375],
							"uv": {
								"north": {"uv": [0, 43], "uv_size": [1.5, 2]},
								"east": {"uv": [32, 20], "uv_size": [4.5, 2]},
								"south": {"uv": [4, 43], "uv_size": [1.5, 2]},
								"west": {"uv": [32, 22], "uv_size": [4.5, 2]},
								"up": {"uv": [6, 37], "uv_size": [1.5, 4.5]},
								"down": {"uv": [8, 41.5], "uv_size": [1.5, -4.5]}
							}
						},
						{
							"origin": [0, 5.76089, 3.93798],
							"size": [0, 1.3125, 2.75],
							"uv": {
								"north": {"uv": [0, 0], "uv_size": [0, 1.25]},
								"east": {"uv": [12, 41], "uv_size": [2.75, 1.25]},
								"south": {"uv": [0, 0], "uv_size": [0, 1.25]},
								"west": {"uv": [15, 41], "uv_size": [2.75, 1.25]},
								"up": {"uv": [0, 0], "uv_size": [0, 2.75]},
								"down": {"uv": [0, 2.75], "uv_size": [0, -2.75]}
							}
						},
						{
							"origin": [-0.6875, 7.01089, 3.87548],
							"size": [1.375, 1, 4.5],
							"uv": {
								"north": {"uv": [32, 45], "uv_size": [1.5, 1]},
								"east": {"uv": [40, 20], "uv_size": [4.5, 1]},
								"south": {"uv": [45, 33], "uv_size": [1.5, 1]},
								"west": {"uv": [40, 30], "uv_size": [4.5, 1]},
								"up": {"uv": [22, 37], "uv_size": [1.5, 4.5]},
								"down": {"uv": [37, 40.5], "uv_size": [1.5, -4.5]}
							}
						},
						{
							"origin": [-0.75, 5.57339, 6.75048],
							"size": [1.5, 1.4375, 2.1875],
							"uv": {
								"north": {"uv": [26, 44], "uv_size": [1.5, 1.5]},
								"east": {"uv": [42, 27], "uv_size": [2.25, 1.5]},
								"south": {"uv": [44, 31], "uv_size": [1.5, 1.5]},
								"west": {"uv": [32, 42], "uv_size": [2.25, 1.5]},
								"up": {"uv": [22, 42], "uv_size": [1.5, 2.25]},
								"down": {"uv": [42, 38.25], "uv_size": [1.5, -2.25]}
							}
						},
						{
							"origin": [-0.75, 6.70496, 8.69564],
							"size": [1.5, 1.9375, 0.875],
							"inflate": 0.001,
							"pivot": [0, 8.29871, 8.35189],
							"rotation": [-35, 0, 0],
							"uv": {
								"north": {"uv": [10, 43], "uv_size": [1.5, 2]},
								"east": {"uv": [39, 43], "uv_size": [1, 2]},
								"south": {"uv": [12, 43], "uv_size": [1.5, 2]},
								"west": {"uv": [43, 44], "uv_size": [1, 2]},
								"up": {"uv": [34, 45], "uv_size": [1.5, 1]},
								"down": {"uv": [39, 46], "uv_size": [1.5, -1]}
							}
						},
						{
							"origin": [-0.75, 1.93194, 7.65196],
							"size": [1.5, 1.02397, 2.70862],
							"pivot": [0, 2.44393, 8.75627],
							"rotation": [11, 0, 0],
							"uv": {
								"north": {"uv": [41, 45], "uv_size": [1.5, 1]},
								"east": {"uv": [42, 29], "uv_size": [2.75, 1]},
								"south": {"uv": [45, 42], "uv_size": [1.5, 1]},
								"west": {"uv": [43, 24], "uv_size": [2.75, 1]},
								"up": {"uv": [40, 36], "uv_size": [1.5, 2.75]},
								"down": {"uv": [40, 41.75], "uv_size": [1.5, -2.75]}
							}
						},
						{
							"origin": [-0.75, 2.51089, 6.56582],
							"size": [1.5, 3.57165, 2.30966],
							"inflate": 0.001,
							"pivot": [0, 6.29214, 7.68798],
							"rotation": [22.5, 0, 0],
							"uv": {
								"north": {"uv": [32, 38], "uv_size": [1.5, 3.5]},
								"east": {"uv": [26, 34], "uv_size": [2.25, 3.5]},
								"south": {"uv": [34, 38], "uv_size": [1.5, 3.5]},
								"west": {"uv": [29, 34], "uv_size": [2.25, 3.5]},
								"up": {"uv": [42, 39], "uv_size": [1.5, 2.25]},
								"down": {"uv": [40, 44.25], "uv_size": [1.5, -2.25]}
							}
						},
						{
							"origin": [-0.6875, 8.01089, -1.12452],
							"size": [1.375, 0.6875, 10.6875],
							"uv": {
								"north": {"uv": [32, 46], "uv_size": [1.5, 0.75]},
								"east": {"uv": [32, 26], "uv_size": [10.75, 0.75]},
								"south": {"uv": [46, 32], "uv_size": [1.5, 0.75]},
								"west": {"uv": [26, 33], "uv_size": [10.75, 0.75]},
								"up": {"uv": [10, 22], "uv_size": [1.5, 10.75]},
								"down": {"uv": [22, 24.75], "uv_size": [1.5, -10.75]}
							}
						},
						{
							"origin": [-0.875, 9.19839, 12.37548],
							"size": [1.75, 0.8125, 9.75],
							"uv": {
								"north": {"uv": [46, 15], "uv_size": [1.75, 0.75]},
								"east": {"uv": [36, 4], "uv_size": [9.75, 0.75]},
								"south": {"uv": [46, 16], "uv_size": [1.75, 0.75]},
								"west": {"uv": [36, 5], "uv_size": [9.75, 0.75]},
								"up": {"uv": [6, 22], "uv_size": [1.75, 9.75]},
								"down": {"uv": [8, 31.75], "uv_size": [1.75, -9.75]}
							}
						},
						{
							"origin": [-0.4375, 6.28969, 14.41767],
							"size": [0.875, 0.8125, 7.9375],
							"inflate": 0.001,
							"pivot": [0, 8.16469, 17.35517],
							"rotation": [-35, 0, 0],
							"uv": {
								"north": {"uv": [0, 47], "uv_size": [1, 0.75]},
								"east": {"uv": [37, 23], "uv_size": [8, 0.75]},
								"south": {"uv": [47, 0], "uv_size": [1, 0.75]},
								"west": {"uv": [37, 33], "uv_size": [8, 0.75]},
								"up": {"uv": [2, 33], "uv_size": [1, 8]},
								"down": {"uv": [3, 41], "uv_size": [1, -8]}
							}
						},
						{
							"origin": [-0.4375, 7.91469, 12.60517],
							"size": [0.875, 0.8125, 3],
							"inflate": 0.002,
							"uv": {
								"north": {"uv": [1, 47], "uv_size": [1, 0.75]},
								"east": {"uv": [32, 44], "uv_size": [3, 0.75]},
								"south": {"uv": [47, 1], "uv_size": [1, 0.75]},
								"west": {"uv": [44, 36], "uv_size": [3, 0.75]},
								"up": {"uv": [14, 43], "uv_size": [1, 3]},
								"down": {"uv": [15, 46], "uv_size": [1, -3]}
							}
						},
						{
							"origin": [-0.4375, 7.91469, 15.54267],
							"size": [0.875, 0.625, 3.375],
							"inflate": 0.002,
							"pivot": [0, 8.32094, 16.66767],
							"rotation": [-10, 0, 0],
							"uv": {
								"north": {"uv": [47, 2], "uv_size": [1, 0.75]},
								"east": {"uv": [43, 25], "uv_size": [3.5, 0.75]},
								"south": {"uv": [4, 47], "uv_size": [1, 0.75]},
								"west": {"uv": [43, 26], "uv_size": [3.5, 0.75]},
								"up": {"uv": [2, 41], "uv_size": [1, 3.5]},
								"down": {"uv": [3, 44.5], "uv_size": [1, -3.5]}
							}
						},
						{
							"origin": [-0.4375, 1.69839, 18.31298],
							"size": [0.875, 1.75, 5.375],
							"pivot": [0, 4.63589, 19.18798],
							"rotation": [90, 0, 0],
							"uv": {
								"north": {"uv": [4, 45], "uv_size": [1, 1.75]},
								"east": {"uv": [32, 16], "uv_size": [5.5, 1.75]},
								"south": {"uv": [5, 45], "uv_size": [1, 1.75]},
								"west": {"uv": [32, 18], "uv_size": [5.5, 1.75]},
								"up": {"uv": [26, 38], "uv_size": [1, 5.5]},
								"down": {"uv": [27, 43.5], "uv_size": [1, -5.5]}
							}
						},
						{
							"origin": [-1.43198, 8.843, 12.37548],
							"size": [1.23744, 1.23744, 9.75],
							"pivot": [-1.06954, 10.718, 17.25048],
							"rotation": [0, 0, -45],
							"uv": {
								"north": {"uv": [22, 45], "uv_size": [1.25, 1.25]},
								"east": {"uv": [30, 27], "uv_size": [9.75, 1.25]},
								"south": {"uv": [24, 45], "uv_size": [1.25, 1.25]},
								"west": {"uv": [30, 29], "uv_size": [9.75, 1.25]},
								"up": {"uv": [28, 16], "uv_size": [1.25, 9.75]},
								"down": {"uv": [20, 39.75], "uv_size": [1.25, -9.75]}
							}
						},
						{
							"origin": [-0.68122, 9.4, 12.37548],
							"size": [1.17494, 0.86244, 9.75],
							"pivot": [-0.0625, 9.88589, 17.25048],
							"rotation": [0, 0, -90],
							"uv": {
								"north": {"uv": [44, 46], "uv_size": [1.25, 0.75]},
								"east": {"uv": [36, 10], "uv_size": [9.75, 0.75]},
								"south": {"uv": [46, 44], "uv_size": [1.25, 0.75]},
								"west": {"uv": [36, 11], "uv_size": [9.75, 0.75]},
								"up": {"uv": [12, 31], "uv_size": [1.25, 9.75]},
								"down": {"uv": [14, 40.75], "uv_size": [1.25, -9.75]}
							}
						},
						{
							"origin": [-1.43198, 8.0305, 12.37548],
							"size": [1.23744, 1.23744, 9.75],
							"pivot": [-1.06954, 9.9055, 17.25048],
							"rotation": [0, 0, -45],
							"uv": {
								"north": {"uv": [45, 27], "uv_size": [1.25, 1.25]},
								"east": {"uv": [26, 31], "uv_size": [9.75, 1.25]},
								"south": {"uv": [45, 29], "uv_size": [1.25, 1.25]},
								"west": {"uv": [32, 6], "uv_size": [9.75, 1.25]},
								"up": {"uv": [16, 31], "uv_size": [1.25, 9.75]},
								"down": {"uv": [18, 40.75], "uv_size": [1.25, -9.75]}
							}
						},
						{
							"origin": [-0.66594, 9.31738, 9.62548],
							"size": [1.35225, 0.57452, 2.75],
							"pivot": [0.00509, 9.59235, 11.00048],
							"rotation": [0, 0, -45],
							"uv": {
								"north": {"uv": [15, 47], "uv_size": [1.25, 0.5]},
								"east": {"uv": [46, 5], "uv_size": [2.75, 0.5]},
								"south": {"uv": [47, 18], "uv_size": [1.25, 0.5]},
								"west": {"uv": [46, 6], "uv_size": [2.75, 0.5]},
								"up": {"uv": [18, 41], "uv_size": [1.25, 2.75]},
								"down": {"uv": [37, 43.75], "uv_size": [1.25, -2.75]}
							}
						},
						{
							"origin": [-0.67613, 9.31738, 9.62548],
							"size": [1.35225, 0.57452, 2.75],
							"pivot": [0, 9.60464, 11.00048],
							"rotation": [0, 0, -135],
							"uv": {
								"north": {"uv": [47, 19], "uv_size": [1.25, 0.5]},
								"east": {"uv": [7, 46], "uv_size": [2.75, 0.5]},
								"south": {"uv": [20, 47], "uv_size": [1.25, 0.5]},
								"west": {"uv": [46, 7], "uv_size": [2.75, 0.5]},
								"up": {"uv": [42, 0], "uv_size": [1.25, 2.75]},
								"down": {"uv": [6, 44.75], "uv_size": [1.25, -2.75]}
							}
						},
						{
							"origin": [-0.68122, 9.32968, 9.62548],
							"size": [1.36244, 0.54994, 2.75],
							"uv": {
								"north": {"uv": [47, 20], "uv_size": [1.25, 0.5]},
								"east": {"uv": [46, 10], "uv_size": [2.75, 0.5]},
								"south": {"uv": [22, 47], "uv_size": [1.25, 0.5]},
								"west": {"uv": [46, 11], "uv_size": [2.75, 0.5]},
								"up": {"uv": [8, 42], "uv_size": [1.25, 2.75]},
								"down": {"uv": [42, 18.75], "uv_size": [1.25, -2.75]}
							}
						},
						{
							"origin": [-0.27497, 8.92343, 9.62548],
							"size": [0.54994, 1.36244, 2.75],
							"uv": {
								"north": {"uv": [17, 47], "uv_size": [0.5, 1.25]},
								"east": {"uv": [41, 31], "uv_size": [2.75, 1.25]},
								"south": {"uv": [24, 47], "uv_size": [0.5, 1.25]},
								"west": {"uv": [42, 6], "uv_size": [2.75, 1.25]},
								"up": {"uv": [2, 46], "uv_size": [0.5, 2.75]},
								"down": {"uv": [3, 48.75], "uv_size": [0.5, -2.75]}
							}
						},
						{
							"origin": [-0.43791, 9.12942, -0.53526],
							"size": [1.4375, 1.4375, 4.8125],
							"pivot": [-0.00041, 10.56692, 4.77724],
							"rotation": [0, 0, 22.5],
							"uv": {
								"north": {"uv": [37, 44], "uv_size": [1.5, 1.5]},
								"east": {"uv": [36, 31], "uv_size": [4.75, 1.5]},
								"south": {"uv": [44, 37], "uv_size": [1.5, 1.5]},
								"west": {"uv": [32, 36], "uv_size": [4.75, 1.5]},
								"up": {"uv": [4, 33], "uv_size": [1.5, 4.75]},
								"down": {"uv": [10, 37.75], "uv_size": [1.5, -4.75]}
							}
						},
						{
							"origin": [-1.12509, 7.96674, -0.53526],
							"size": [0.1875, 1.4375, 4.8125],
							"pivot": [-1.03134, 8.68549, 2.37099],
							"rotation": [0, 0, 13.5],
							"uv": {
								"north": {"uv": [40, 47], "uv_size": [0.25, 1.5]},
								"east": {"uv": [37, 0], "uv_size": [4.75, 1.5]},
								"south": {"uv": [47, 40], "uv_size": [0.25, 1.5]},
								"west": {"uv": [37, 2], "uv_size": [4.75, 1.5]},
								"up": {"uv": [18, 46], "uv_size": [0.25, 4.75]},
								"down": {"uv": [19, 50.75], "uv_size": [0.25, -4.75]}
							}
						}
					]
				},
				{
					"name": "bone",
					"parent": "lod",
					"pivot": [-0.0625, 4.35332, 2.03834],
					"rotation": [12.5, 0, 0],
					"cubes": [
						{
							"origin": [-0.6875, 5.77966, 4.17934],
							"size": [1.375, 4.3125, 1.25533],
							"pivot": [-0.0625, 7.81091, 2.30967],
							"rotation": [-103, 0, 0],
							"uv": {
								"north": {"uv": [0, 38], "uv_size": [1.5, 4.25]},
								"east": {"uv": [28, 38], "uv_size": [1.25, 4.25]},
								"south": {"uv": [4, 38], "uv_size": [1.5, 4.25]},
								"west": {"uv": [30, 38], "uv_size": [1.25, 4.25]},
								"up": {"uv": [44, 44], "uv_size": [1.5, 1.25]},
								"down": {"uv": [0, 46.25], "uv_size": [1.5, -1.25]}
							}
						},
						{
							"origin": [-0.6875, 1.75957, 1.52016],
							"size": [1.375, 4.31125, 3.13068],
							"inflate": 0.001,
							"pivot": [-0.0625, 4.35332, 2.03834],
							"rotation": [-110, 0, 0],
							"uv": {
								"north": {"uv": [10, 38], "uv_size": [1.5, 4.25]},
								"east": {"uv": [16, 26], "uv_size": [3.25, 4.25]},
								"south": {"uv": [38, 16], "uv_size": [1.5, 4.25]},
								"west": {"uv": [26, 26], "uv_size": [3.25, 4.25]},
								"up": {"uv": [40, 16], "uv_size": [1.5, 3.25]},
								"down": {"uv": [20, 43.25], "uv_size": [1.5, -3.25]}
							}
						}
					]
				},
				{
					"name": "sight",
					"parent": "lod",
					"pivot": [-0.00041, 21.56692, 4.77724],
					"cubes": [
						{
							"origin": [-0.62541, 11.06692, 5.27724],
							"size": [1.25, 0.5625, 2],
							"uv": {
								"north": {"uv": [47, 23], "uv_size": [1.25, 0.5]},
								"east": {"uv": [46, 37], "uv_size": [2, 0.5]},
								"south": {"uv": [25, 47], "uv_size": [1.25, 0.5]},
								"west": {"uv": [38, 46], "uv_size": [2, 0.5]},
								"up": {"uv": [30, 43], "uv_size": [1.25, 2]},
								"down": {"uv": [43, 44], "uv_size": [1.25, -2]}
							}
						},
						{
							"origin": [-0.50041, 11.06692, 6.46474],
							"size": [1, 1.4375, 0.8125],
							"inflate": 0.002,
							"uv": {
								"north": {"uv": [36, 45], "uv_size": [1, 1.5]},
								"east": {"uv": [34, 46], "uv_size": [0.75, 1.5]},
								"south": {"uv": [46, 0], "uv_size": [1, 1.5]},
								"west": {"uv": [35, 46], "uv_size": [0.75, 1.5]},
								"up": {"uv": [5, 47], "uv_size": [1, 0.75]},
								"down": {"uv": [6, 47.75], "uv_size": [1, -0.75]}
							}
						},
						{
							"origin": [-0.49085, 12.19192, -15.91026],
							"size": [0.875, 0.875, 0.625],
							"pivot": [-0.0221, 12.56692, -15.44151],
							"rotation": [0, 0, 45],
							"uv": {
								"north": {"uv": [46, 38], "uv_size": [1, 1]},
								"east": {"uv": [7, 47], "uv_size": [0.75, 1]},
								"south": {"uv": [40, 46], "uv_size": [1, 1]},
								"west": {"uv": [8, 47], "uv_size": [0.75, 1]},
								"up": {"uv": [9, 47], "uv_size": [1, 0.75]},
								"down": {"uv": [10, 47.75], "uv_size": [1, -0.75]}
							}
						},
						{
							"origin": [-0.3125, 11.50821, -15.91026],
							"size": [0.625, 1, 0.625],
							"uv": {
								"north": {"uv": [11, 47], "uv_size": [0.75, 1]},
								"east": {"uv": [12, 47], "uv_size": [0.75, 1]},
								"south": {"uv": [13, 47], "uv_size": [0.75, 1]},
								"west": {"uv": [14, 47], "uv_size": [0.75, 1]},
								"up": {"uv": [27, 47], "uv_size": [0.75, 0.75]},
								"down": {"uv": [47, 27.75], "uv_size": [0.75, -0.75]}
							}
						},
						{
							"origin": [-0.50041, 11.06692, -15.91026],
							"size": [1.0625, 0.375, 0.9375],
							"uv": {
								"north": {"uv": [47, 30], "uv_size": [1, 0.5]},
								"east": {"uv": [31, 47], "uv_size": [1, 0.5]},
								"south": {"uv": [32, 47], "uv_size": [1, 0.5]},
								"west": {"uv": [33, 47], "uv_size": [1, 0.5]},
								"up": {"uv": [41, 46], "uv_size": [1, 1]},
								"down": {"uv": [46, 42], "uv_size": [1, -1]}
							}
						},
						{
							"origin": [-0.50041, 11.37942, 5.58974],
							"size": [1, 0.5625, 1.75],
							"inflate": 0.001,
							"pivot": [-0.00041, 11.22317, 5.99599],
							"rotation": [22.5, 0, 0],
							"uv": {
								"north": {"uv": [47, 33], "uv_size": [1, 0.5]},
								"east": {"uv": [46, 45], "uv_size": [1.75, 0.5]},
								"south": {"uv": [36, 47], "uv_size": [1, 0.5]},
								"west": {"uv": [46, 46], "uv_size": [1.75, 0.5]},
								"up": {"uv": [6, 45], "uv_size": [1, 1.75]},
								"down": {"uv": [45, 7.75], "uv_size": [1, -1.75]}
							}
						},
						{
							"origin": [-0.50041, 11.81692, 6.02724],
							"size": [1, 0.5625, 1],
							"pivot": [-0.00041, 11.22317, 5.99599],
							"rotation": [22.5, 0, 0],
							"uv": {
								"north": {"uv": [47, 36], "uv_size": [1, 0.5]},
								"east": {"uv": [37, 47], "uv_size": [1, 0.5]},
								"south": {"uv": [38, 47], "uv_size": [1, 0.5]},
								"west": {"uv": [47, 38], "uv_size": [1, 0.5]},
								"up": {"uv": [42, 46], "uv_size": [1, 1]},
								"down": {"uv": [43, 47], "uv_size": [1, -1]}
							}
						}
					]
				},
				{
					"name": "positioning_attachment",
					"parent": "lod",
					"pivot": [0, 7, 6.575]
				},
				{
					"name": "muzzle_flash",
					"parent": "positioning_attachment",
					"pivot": [0, 9.6, -14.375]
				},
				{
					"name": "muzzle_pos",
					"parent": "positioning_attachment",
					"pivot": [0, 9.625, -11.375]
				},
				{
					"name": "laser_pos",
					"parent": "positioning_attachment",
					"pivot": [1.3745, 9.625, -9.625],
					"rotation": [0, 0, 90]
				},
				{
					"name": "scope_pos",
					"parent": "positioning_attachment",
					"pivot": [0, 11.3725, 5.95]
				},
				{
					"name": "grip_pos",
					"parent": "positioning_attachment",
					"pivot": [0, 8.00625, -5.05]
				},
				{
					"name": "shell",
					"parent": "positioning_attachment",
					"pivot": [-0.2, 9.75, 2.2]
				},
				{
					"name": "fixed",
					"parent": "lod",
					"pivot": [0.875, 9.625, 5.1],
					"rotation": [0, 90, 0]
				},
				{
					"name": "ground",
					"parent": "lod",
					"pivot": [0, -0.9, 4.65]
				},
				{
					"name": "thirdperson_hand",
					"parent": "lod",
					"pivot": [0, 7.025, 6.65]
				}
			]
		}
	]
}