{
	"credit": "Made by tjwhangLeime",
	"texture_size": [64, 64],
	"textures": {
		"0": "weapons/gun_dp28",
		"particle": "weapons/gun_dp28"
	},
	"elements": [
		{
			"name": "main",
			"from": [6.34596, 1.77766, 2.36341],
			"to": [7.29404, 2.72574, 4.02256],
			"rotation": {"angle": 0, "axis": "y", "origin": [4, 0, 9]},
			"faces": {
				"north": {"uv": [9.75, 4.25, 10.375, 4.875], "texture": "#0"},
				"east": {"uv": [8.25, 8.25, 9.375, 8.875], "texture": "#0"},
				"south": {"uv": [9.75, 5, 10.375, 5.625], "texture": "#0"},
				"west": {"uv": [8.5, 2.5, 9.625, 3.125], "texture": "#0"},
				"up": {"uv": [9.625, 4.375, 9, 3.25], "texture": "#0"},
				"down": {"uv": [4.125, 9, 3.5, 10.125], "texture": "#0"}
			}
		},
		{
			"name": "main",
			"from": [6.34596, 1.77766, 4.4966],
			"to": [7.29404, 2.72574, 8.28894],
			"rotation": {"angle": 0, "axis": "y", "origin": [4, 0, 9]},
			"faces": {
				"north": {"uv": [9.75, 5.75, 10.375, 6.375], "texture": "#0"},
				"east": {"uv": [6, 6.25, 8.75, 6.875], "texture": "#0"},
				"south": {"uv": [9.75, 7.25, 10.375, 7.875], "texture": "#0"},
				"west": {"uv": [0, 6.75, 2.75, 7.375], "texture": "#0"},
				"up": {"uv": [6.625, 9.75, 6, 7], "texture": "#0"},
				"down": {"uv": [7.375, 7, 6.75, 9.75], "texture": "#0"}
			}
		},
		{
			"name": "main",
			"from": [6.34596, 1.54064, 8.28894],
			"to": [7.29404, 2.72574, 15.63659],
			"rotation": {"angle": 0, "axis": "y", "origin": [4, 0, 9]},
			"faces": {
				"north": {"uv": [2.75, 9.25, 3.375, 10.125], "texture": "#0"},
				"east": {"uv": [3, 0, 8.25, 0.875], "texture": "#0"},
				"south": {"uv": [7.5, 9.25, 8.125, 10.125], "texture": "#0"},
				"west": {"uv": [3, 1, 8.25, 1.875], "texture": "#0"},
				"up": {"uv": [3.625, 7.25, 3, 2], "texture": "#0"},
				"down": {"uv": [4.375, 2, 3.75, 7.25], "texture": "#0"}
			}
		},
		{
			"name": "main",
			"from": [6.46447, 2.64248, 12.55532],
			"to": [7.17553, 3.11652, 14.45148],
			"rotation": {"angle": 0, "axis": "y", "origin": [4, 0, 9]},
			"faces": {
				"north": {"uv": [10.75, 0.5, 11.25, 0.875], "texture": "#0"},
				"east": {"uv": [8.75, 6.5, 10.125, 6.875], "texture": "#0"},
				"south": {"uv": [0.75, 10.75, 1.25, 11.125], "texture": "#0"},
				"west": {"uv": [9.5, 8.25, 10.875, 8.625], "texture": "#0"},
				"up": {"uv": [2.75, 9.625, 2.25, 8.25], "texture": "#0"},
				"down": {"uv": [4.75, 9, 4.25, 10.375], "texture": "#0"}
			}
		},
		{
			"name": "main",
			"from": [6.4647, 2.8761, 14.6253],
			"to": [7.1753, 3.34967, 15.57292],
			"rotation": {"angle": -45, "axis": "x", "origin": [6.82, 2.46107, 14.88944]},
			"faces": {
				"north": {"uv": [3.75, 10.75, 4.25, 11.125], "texture": "#0"},
				"east": {"uv": [10.5, 6, 11.125, 6.375], "texture": "#0"},
				"south": {"uv": [5.5, 10.75, 6, 11.125], "texture": "#0"},
				"west": {"uv": [10.5, 7.25, 11.125, 7.625], "texture": "#0"},
				"up": {"uv": [9, 3.875, 8.5, 3.25], "texture": "#0"},
				"down": {"uv": [1.25, 10, 0.75, 10.625], "texture": "#0"}
			}
		},
		{
			"name": "main",
			"from": [6.58298, 3.11652, 12.55532],
			"to": [7.05702, 3.35354, 14.21446],
			"rotation": {"angle": 0, "axis": "y", "origin": [4, 0, 9]},
			"faces": {
				"north": {"uv": [3.25, 11.25, 3.625, 11.375], "texture": "#0"},
				"east": {"uv": [11, 5, 12.125, 5.125], "texture": "#0"},
				"south": {"uv": [3.75, 11.25, 4.125, 11.375], "texture": "#0"},
				"west": {"uv": [11, 5.25, 12.125, 5.375], "texture": "#0"},
				"up": {"uv": [2.625, 10.875, 2.25, 9.75], "texture": "#0"},
				"down": {"uv": [10.125, 3, 9.75, 4.125], "texture": "#0"}
			}
		},
		{
			"name": "main",
			"from": [6.34596, 0.61625, 17.05871],
			"to": [7.29404, 2.03838, 21.56211],
			"rotation": {"angle": 0, "axis": "y", "origin": [4, 0, 9]},
			"faces": {
				"north": {"uv": [8.25, 9, 8.875, 10], "texture": "#0"},
				"east": {"uv": [4.5, 2, 7.75, 3], "texture": "#0"},
				"south": {"uv": [9, 9, 9.625, 10], "texture": "#0"},
				"west": {"uv": [4.5, 3, 7.75, 4], "texture": "#0"},
				"up": {"uv": [5.125, 7.25, 4.5, 4], "texture": "#0"},
				"down": {"uv": [5.875, 4, 5.25, 7.25], "texture": "#0"}
			}
		},
		{
			"name": "main",
			"from": [6.70149, 2.03838, 19.42892],
			"to": [6.93851, 2.2754, 19.66595],
			"rotation": {"angle": 0, "axis": "y", "origin": [4, 0, 9]},
			"faces": {
				"north": {"uv": [10.25, 4, 10.375, 4.125], "texture": "#0"},
				"east": {"uv": [8, 10.25, 8.125, 10.375], "texture": "#0"},
				"south": {"uv": [9.5, 10.5, 9.625, 10.625], "texture": "#0"},
				"west": {"uv": [11.25, 9, 11.375, 9.125], "texture": "#0"},
				"up": {"uv": [0.125, 11.625, 0, 11.5], "texture": "#0"},
				"down": {"uv": [11.625, 0, 11.5, 0.125], "texture": "#0"}
			}
		},
		{
			"name": "main",
			"from": [6.10894, 1.10792, 18.24382],
			"to": [6.34596, 1.34494, 18.48084],
			"rotation": {"angle": 0, "axis": "y", "origin": [4, 0, 9]},
			"faces": {
				"north": {"uv": [0.25, 11.5, 0.375, 11.625], "texture": "#0"},
				"east": {"uv": [11.5, 0.25, 11.625, 0.375], "texture": "#0"},
				"south": {"uv": [0.75, 11.5, 0.875, 11.625], "texture": "#0"},
				"west": {"uv": [1, 11.5, 1.125, 11.625], "texture": "#0"},
				"up": {"uv": [11.625, 1.125, 11.5, 1], "texture": "#0"},
				"down": {"uv": [1.375, 11.5, 1.25, 11.625], "texture": "#0"}
			}
		},
		{
			"name": "main",
			"from": [5.75341, 0.8709, 18.36233],
			"to": [6.2867, 1.58196, 18.36233],
			"rotation": {"angle": 0, "axis": "y", "origin": [4, 0, 9]},
			"faces": {
				"north": {"uv": [2.75, 10.75, 3.125, 11.25], "texture": "#0"},
				"east": {"uv": [0, 0, 0, 0.5], "texture": "#0"},
				"south": {"uv": [3.25, 10.75, 3.625, 11.25], "texture": "#0"},
				"west": {"uv": [0, 0, 0, 0.5], "texture": "#0"},
				"up": {"uv": [0.375, 0, 0, 0], "texture": "#0"},
				"down": {"uv": [0.375, 0, 0, 0], "texture": "#0"}
			}
		},
		{
			"name": "main",
			"from": [6.10894, 2.13017, 5.06032],
			"to": [6.34596, 2.36719, 5.29734],
			"rotation": {"angle": 0, "axis": "y", "origin": [4, 0, 9]},
			"faces": {
				"north": {"uv": [11.5, 7.25, 11.625, 7.375], "texture": "#0"},
				"east": {"uv": [7.5, 11.5, 7.625, 11.625], "texture": "#0"},
				"south": {"uv": [11.5, 7.5, 11.625, 7.625], "texture": "#0"},
				"west": {"uv": [7.75, 11.5, 7.875, 11.625], "texture": "#0"},
				"up": {"uv": [11.625, 7.875, 11.5, 7.75], "texture": "#0"},
				"down": {"uv": [8.125, 11.5, 8, 11.625], "texture": "#0"}
			}
		},
		{
			"name": "main",
			"from": [5.75341, 1.89315, 5.17883],
			"to": [6.2867, 2.60421, 5.17883],
			"rotation": {"angle": 0, "axis": "y", "origin": [4, 0, 9]},
			"faces": {
				"north": {"uv": [7.5, 10.75, 7.875, 11.25], "texture": "#0"},
				"east": {"uv": [0, 0, 0, 0.5], "texture": "#0"},
				"south": {"uv": [9.5, 10.75, 9.875, 11.25], "texture": "#0"},
				"west": {"uv": [0, 0, 0, 0.5], "texture": "#0"},
				"up": {"uv": [0.375, 0, 0, 0], "texture": "#0"},
				"down": {"uv": [0.375, 0, 0, 0], "texture": "#0"}
			}
		},
		{
			"name": "main",
			"from": [6.46447, 2.09764, 19.54743],
			"to": [7.17553, 2.57319, 19.54743],
			"rotation": {"angle": 0, "axis": "y", "origin": [4, 0, 9]},
			"faces": {
				"north": {"uv": [10.75, 2, 11.25, 2.375], "texture": "#0"},
				"east": {"uv": [0, 0, 0, 0.375], "texture": "#0"},
				"south": {"uv": [10.75, 2.5, 11.25, 2.875], "texture": "#0"},
				"west": {"uv": [0, 0, 0, 0.375], "texture": "#0"},
				"up": {"uv": [0.5, 0, 0, 0], "texture": "#0"},
				"down": {"uv": [0.5, 0, 0, 0], "texture": "#0"}
			}
		},
		{
			"name": "main",
			"from": [6.34596, -0.09481, 18.95488],
			"to": [7.29404, 0.61625, 21.56211],
			"rotation": {"angle": 0, "axis": "y", "origin": [4, 0, 9]},
			"faces": {
				"north": {"uv": [9, 10, 9.625, 10.5], "texture": "#0"},
				"east": {"uv": [0.75, 7.75, 2.625, 8.25], "texture": "#0"},
				"south": {"uv": [2.75, 10.25, 3.375, 10.75], "texture": "#0"},
				"west": {"uv": [7.75, 2, 9.625, 2.5], "texture": "#0"},
				"up": {"uv": [8.125, 9.125, 7.5, 7.25], "texture": "#0"},
				"down": {"uv": [0.625, 7.75, 0, 9.625], "texture": "#0"}
			}
		},
		{
			"name": "main",
			"from": [6.34619, 0.23148, 17.83545],
			"to": [7.29381, 0.94207, 19.2571],
			"rotation": {"angle": 22.5, "axis": "x", "origin": [6.82, 0.58677, 18.54628]},
			"faces": {
				"north": {"uv": [9.75, 8.75, 10.375, 9.25], "texture": "#0"},
				"east": {"uv": [9.75, 2, 10.75, 2.5], "texture": "#0"},
				"south": {"uv": [9.75, 9.25, 10.375, 9.75], "texture": "#0"},
				"west": {"uv": [9.75, 2.5, 10.75, 3], "texture": "#0"},
				"up": {"uv": [9.625, 5.5, 9, 4.5], "texture": "#0"},
				"down": {"uv": [9.625, 5.5, 9, 6.5], "texture": "#0"}
			}
		},
		{
			"name": "main",
			"from": [6.34619, 1.27365, 15.26546],
			"to": [7.29381, 1.98424, 17.39818],
			"rotation": {"angle": 22.5, "axis": "x", "origin": [6.82, 1.56969, 16.03554]},
			"faces": {
				"north": {"uv": [10.25, 3, 10.875, 3.5], "texture": "#0"},
				"east": {"uv": [8.25, 7.25, 9.75, 7.75], "texture": "#0"},
				"south": {"uv": [3.5, 10.25, 4.125, 10.75], "texture": "#0"},
				"west": {"uv": [8.25, 7.75, 9.75, 8.25], "texture": "#0"},
				"up": {"uv": [8.375, 4, 7.75, 2.5], "texture": "#0"},
				"down": {"uv": [3.375, 7.75, 2.75, 9.25], "texture": "#0"}
			}
		},
		{
			"name": "main",
			"from": [6.34643, 1.32986, 16.36263],
			"to": [7.29357, 2.03997, 17.07275],
			"rotation": {"angle": -22.5, "axis": "x", "origin": [6.82, 2.02629, 17.06752]},
			"faces": {
				"north": {"uv": [9.75, 9.75, 10.375, 10.25], "texture": "#0"},
				"east": {"uv": [10.5, 1, 11, 1.5], "texture": "#0"},
				"south": {"uv": [10, 0, 10.625, 0.5], "texture": "#0"},
				"west": {"uv": [1.25, 10.5, 1.75, 11], "texture": "#0"},
				"up": {"uv": [10.625, 1, 10, 0.5], "texture": "#0"},
				"down": {"uv": [8.875, 10, 8.25, 10.5], "texture": "#0"}
			}
		},
		{
			"name": "main",
			"from": [6.58298, 1.06659, 15.39957],
			"to": [7.05702, 1.54064, 15.63659],
			"rotation": {"angle": 0, "axis": "y", "origin": [4, 0, 9]},
			"faces": {
				"north": {"uv": [11, 1.5, 11.375, 1.875], "texture": "#0"},
				"east": {"uv": [11, 8, 11.125, 8.375], "texture": "#0"},
				"south": {"uv": [1.75, 11, 2.125, 11.375], "texture": "#0"},
				"west": {"uv": [8.5, 11, 8.625, 11.375], "texture": "#0"},
				"up": {"uv": [11.375, 8.625, 11, 8.5], "texture": "#0"},
				"down": {"uv": [9.125, 11, 8.75, 11.125], "texture": "#0"}
			}
		},
		{
			"name": "main",
			"from": [6.70149, 1.1851, 14.92552],
			"to": [6.93851, 1.65915, 15.16255],
			"rotation": {"angle": 22.5, "axis": "x", "origin": [6.70149, 1.30362, 15.04404]},
			"faces": {
				"north": {"uv": [5.5, 11.25, 5.625, 11.625], "texture": "#0"},
				"east": {"uv": [5.75, 11.25, 5.875, 11.625], "texture": "#0"},
				"south": {"uv": [11.25, 6, 11.375, 6.375], "texture": "#0"},
				"west": {"uv": [11.25, 7.25, 11.375, 7.625], "texture": "#0"},
				"up": {"uv": [11.625, 1.375, 11.5, 1.25], "texture": "#0"},
				"down": {"uv": [1.625, 11.5, 1.5, 11.625], "texture": "#0"}
			}
		},
		{
			"name": "main",
			"from": [6.70173, 1.06521, 14.7385],
			"to": [6.93827, 1.30176, 14.97505],
			"rotation": {"angle": 45, "axis": "x", "origin": [6.82, 1.06497, 14.85677]},
			"faces": {
				"north": {"uv": [11.5, 1.5, 11.625, 1.625], "texture": "#0"},
				"east": {"uv": [1.75, 11.5, 1.875, 11.625], "texture": "#0"},
				"south": {"uv": [11.5, 1.75, 11.625, 1.875], "texture": "#0"},
				"west": {"uv": [2, 11.5, 2.125, 11.625], "texture": "#0"},
				"up": {"uv": [11.625, 2.125, 11.5, 2], "texture": "#0"},
				"down": {"uv": [2.375, 11.5, 2.25, 11.625], "texture": "#0"}
			}
		},
		{
			"name": "main",
			"from": [6.58298, 1.06659, 14.0367],
			"to": [7.05702, 1.54064, 14.27372],
			"rotation": {"angle": 0, "axis": "y", "origin": [4, 0, 9]},
			"faces": {
				"north": {"uv": [11, 3.5, 11.375, 3.875], "texture": "#0"},
				"east": {"uv": [11, 10.75, 11.125, 11.125], "texture": "#0"},
				"south": {"uv": [11, 4, 11.375, 4.375], "texture": "#0"},
				"west": {"uv": [11.25, 0, 11.375, 0.375], "texture": "#0"},
				"up": {"uv": [11.625, 0.625, 11.25, 0.5], "texture": "#0"},
				"down": {"uv": [1.125, 11.25, 0.75, 11.375], "texture": "#0"}
			}
		},
		{
			"name": "main",
			"from": [6.58322, 0.74601, 15.26725],
			"to": [7.05678, 1.21958, 15.5038],
			"rotation": {"angle": 45, "axis": "x", "origin": [6.82, 0.98279, 15.38552]},
			"faces": {
				"north": {"uv": [2.25, 11, 2.625, 11.375], "texture": "#0"},
				"east": {"uv": [11, 8.75, 11.125, 9.125], "texture": "#0"},
				"south": {"uv": [11, 3, 11.375, 3.375], "texture": "#0"},
				"west": {"uv": [9.25, 11, 9.375, 11.375], "texture": "#0"},
				"up": {"uv": [11.375, 9.375, 11, 9.25], "texture": "#0"},
				"down": {"uv": [11.375, 9.5, 11, 9.625], "texture": "#0"}
			}
		},
		{
			"name": "main",
			"from": [6.58322, 0.74601, 14.15157],
			"to": [7.05678, 1.21958, 14.38812],
			"rotation": {"angle": 45, "axis": "x", "origin": [6.82, 0.98279, 14.26984]},
			"faces": {
				"north": {"uv": [4.25, 11, 4.625, 11.375], "texture": "#0"},
				"east": {"uv": [11.25, 2, 11.375, 2.375], "texture": "#0"},
				"south": {"uv": [11, 4.5, 11.375, 4.875], "texture": "#0"},
				"west": {"uv": [11.25, 2.5, 11.375, 2.875], "texture": "#0"},
				"up": {"uv": [11.625, 0.875, 11.25, 0.75], "texture": "#0"},
				"down": {"uv": [3.125, 11.25, 2.75, 11.375], "texture": "#0"}
			}
		},
		{
			"name": "main",
			"from": [6.58298, 0.73173, 14.35364],
			"to": [7.05702, 0.96875, 15.30172],
			"rotation": {"angle": 0, "axis": "y", "origin": [4, 0, 9]},
			"faces": {
				"north": {"uv": [11, 9.75, 11.375, 9.875], "texture": "#0"},
				"east": {"uv": [11, 5.5, 11.625, 5.625], "texture": "#0"},
				"south": {"uv": [11, 10, 11.375, 10.125], "texture": "#0"},
				"west": {"uv": [11, 5.75, 11.625, 5.875], "texture": "#0"},
				"up": {"uv": [10.875, 5.125, 10.5, 4.5], "texture": "#0"},
				"down": {"uv": [10.875, 5.25, 10.5, 5.875], "texture": "#0"}
			}
		},
		{
			"name": "main",
			"from": [6.2867, 1.24436, 4.02256],
			"to": [7.3533, 2.785, 4.4966],
			"rotation": {"angle": 0, "axis": "y", "origin": [4, 0, 9]},
			"faces": {
				"north": {"uv": [3.5, 7.75, 4.25, 8.875], "texture": "#0"},
				"east": {"uv": [5.5, 9, 5.875, 10.125], "texture": "#0"},
				"south": {"uv": [4.25, 7.75, 5, 8.875], "texture": "#0"},
				"west": {"uv": [0, 9.75, 0.375, 10.875], "texture": "#0"},
				"up": {"uv": [11, 3.875, 10.25, 3.5], "texture": "#0"},
				"down": {"uv": [11, 6.5, 10.25, 6.875], "texture": "#0"}
			}
		},
		{
			"name": "main",
			"from": [7.3533, 2.07393, 4.02256],
			"to": [7.59032, 2.31095, 4.4966],
			"rotation": {"angle": 0, "axis": "y", "origin": [4, 0, 9]},
			"faces": {
				"north": {"uv": [11.5, 2.5, 11.625, 2.625], "texture": "#0"},
				"east": {"uv": [8.75, 11.25, 9.125, 11.375], "texture": "#0"},
				"south": {"uv": [2.75, 11.5, 2.875, 11.625], "texture": "#0"},
				"west": {"uv": [11.25, 8.75, 11.625, 8.875], "texture": "#0"},
				"up": {"uv": [9.625, 11.625, 9.5, 11.25], "texture": "#0"},
				"down": {"uv": [9.875, 11.25, 9.75, 11.625], "texture": "#0"}
			}
		},
		{
			"name": "main",
			"from": [6.58298, 1.1851, 2.60043],
			"to": [7.05702, 1.89617, 3.07447],
			"rotation": {"angle": 0, "axis": "y", "origin": [4, 0, 9]},
			"faces": {
				"north": {"uv": [9, 10.5, 9.375, 11], "texture": "#0"},
				"east": {"uv": [10.5, 9.25, 10.875, 9.75], "texture": "#0"},
				"south": {"uv": [10.5, 9.75, 10.875, 10.25], "texture": "#0"},
				"west": {"uv": [10.75, 0, 11.125, 0.5], "texture": "#0"},
				"up": {"uv": [11.375, 1.375, 11, 1], "texture": "#0"},
				"down": {"uv": [1.625, 11, 1.25, 11.375], "texture": "#0"}
			}
		},
		{
			"name": "main",
			"from": [6.64223, 1.30362, 2.12639],
			"to": [6.99777, 1.65915, 9],
			"rotation": {"angle": 0, "axis": "y", "origin": [4, 0, 9]},
			"faces": {
				"north": {"uv": [2.75, 6.75, 3, 7], "texture": "#0"},
				"east": {"uv": [0, 7.5, 4.875, 7.75], "texture": "#0"},
				"south": {"uv": [2.75, 7, 3, 7.25], "texture": "#0"},
				"west": {"uv": [7.5, 7, 12.375, 7.25], "texture": "#0"},
				"up": {"uv": [5.25, 12.125, 5, 7.25], "texture": "#0"},
				"down": {"uv": [5.5, 7.25, 5.25, 12.125], "texture": "#0"}
			}
		},
		{
			"name": "main",
			"from": [6.99777, 1.24436, 11.76298],
			"to": [7.47181, 1.48138, 12],
			"rotation": {"angle": 0, "axis": "y", "origin": [4, 0, 12]},
			"faces": {
				"north": {"uv": [7.5, 11.25, 7.875, 11.375], "texture": "#0"},
				"east": {"uv": [11.5, 2.25, 11.625, 2.375], "texture": "#0"},
				"south": {"uv": [8, 11.25, 8.375, 11.375], "texture": "#0"},
				"west": {"uv": [2.5, 11.5, 2.625, 11.625], "texture": "#0"},
				"up": {"uv": [11.625, 8.125, 11.25, 8], "texture": "#0"},
				"down": {"uv": [11.625, 8.25, 11.25, 8.375], "texture": "#0"}
			}
		},
		{
			"name": "main",
			"from": [7.47181, 1.1851, 11.70372],
			"to": [8.41989, 1.54064, 12.05926],
			"rotation": {"angle": 0, "axis": "y", "origin": [4, 0, 12]},
			"faces": {
				"north": {"uv": [2.75, 7.25, 3.375, 7.5], "texture": "#0"},
				"east": {"uv": [8.75, 6.25, 9, 6.5], "texture": "#0"},
				"south": {"uv": [3.5, 7.25, 4.125, 7.5], "texture": "#0"},
				"west": {"uv": [9.5, 8.75, 9.75, 9], "texture": "#0"},
				"up": {"uv": [4.875, 7.5, 4.25, 7.25], "texture": "#0"},
				"down": {"uv": [10.375, 8, 9.75, 8.25], "texture": "#0"}
			}
		},
		{
			"name": "main",
			"from": [6.61823, 2.69049, 2.63568],
			"to": [7.02177, 3.56201, 3.03922],
			"rotation": {"angle": 0, "axis": "y", "origin": [4, 0, 9]},
			"faces": {
				"north": {"uv": [11, 6.5, 11.375, 6.625], "texture": "#0"},
				"east": {"uv": [11, 6.75, 11.375, 6.875], "texture": "#0"},
				"south": {"uv": [11, 7.75, 11.375, 7.875], "texture": "#0"},
				"west": {"uv": [8, 11, 8.375, 11.125], "texture": "#0"},
				"up": {"uv": [10.875, 11.125, 10.5, 10.75], "texture": "#0"},
				"down": {"uv": [0.375, 11, 0, 11.375], "texture": "#0"}
			}
		},
		{
			"name": "main",
			"from": [6.46447, 3.49151, 2.60043],
			"to": [7.17553, 4.20258, 3.07447],
			"rotation": {"angle": 0, "axis": "y", "origin": [4, 0, 9]},
			"faces": {
				"north": {"uv": [9.75, 10.25, 10.25, 10.75], "texture": "#0"},
				"east": {"uv": [10.5, 7.75, 10.875, 8.25], "texture": "#0"},
				"south": {"uv": [10.25, 10.25, 10.75, 10.75], "texture": "#0"},
				"west": {"uv": [8, 10.5, 8.375, 11], "texture": "#0"},
				"up": {"uv": [9, 10.875, 8.5, 10.5], "texture": "#0"},
				"down": {"uv": [11, 8.75, 10.5, 9.125], "texture": "#0"}
			}
		},
		{
			"name": "muzzleflash",
			"from": [6.81648, 2.256, -3.1965],
			"to": [6.81648, 2.256, -3.1965],
			"rotation": {"angle": 0, "axis": "y", "origin": [4, 0, 9]},
			"faces": {
				"north": {"uv": [7.25, 5, 7.5625, 5.3125], "texture": "#0"},
				"east": {"uv": [6.75, 7, 7.125, 7.3125], "texture": "#0"},
				"south": {"uv": [7.25, 5.5, 7.5625, 5.8125], "texture": "#0"},
				"west": {"uv": [7.25, 0, 7.625, 0.3125], "texture": "#0"},
				"up": {"uv": [7.5625, 2.625, 7.25, 2.25], "texture": "#0"},
				"down": {"uv": [3.3125, 7.25, 3, 7.625], "texture": "#0"}
			}
		},
		{
			"name": "mag",
			"from": [4.68681, 2.72574, 7.8149],
			"to": [8.95319, 3.55228, 12.08127],
			"rotation": {"angle": 0, "axis": "y", "origin": [4, 0, 9]},
			"faces": {
				"north": {"uv": [0, 6, 3, 6.625], "texture": "#0"},
				"east": {"uv": [6, 4, 9, 4.625], "texture": "#0"},
				"south": {"uv": [6, 4.75, 9, 5.375], "texture": "#0"},
				"west": {"uv": [6, 5.5, 9, 6.125], "texture": "#0"},
				"up": {"uv": [3, 3, 0, 0], "texture": "#0"},
				"down": {"uv": [3, 3, 0, 6], "texture": "#0"}
			}
		},
		{
			"name": "bone2",
			"from": [7.00214, -3.65226, 4.14107],
			"to": [7.23916, 0.85114, 4.37809],
			"rotation": {"angle": 22.5, "axis": "z", "origin": [7.17991, 1.14742, -0.74042]},
			"faces": {
				"north": {"uv": [6.5, 9.75, 6.625, 13], "texture": "#0"},
				"east": {"uv": [6.75, 9.75, 6.875, 13], "texture": "#0"},
				"south": {"uv": [7, 9.75, 7.125, 13], "texture": "#0"},
				"west": {"uv": [7.25, 9.75, 7.375, 13], "texture": "#0"},
				"up": {"uv": [11.625, 4.375, 11.5, 4.25], "texture": "#0"},
				"down": {"uv": [4.625, 11.5, 4.5, 11.625], "texture": "#0"}
			}
		},
		{
			"name": "bone2",
			"from": [6.76512, -3.65226, 3.90405],
			"to": [7.47619, -3.65226, 4.61511],
			"rotation": {"angle": 22.5, "axis": "z", "origin": [7.17991, 1.14742, -0.74042]},
			"faces": {
				"north": {"uv": [0, 0, 0.5, 0], "texture": "#0"},
				"east": {"uv": [0, 0, 0.5, 0], "texture": "#0"},
				"south": {"uv": [0, 0, 0.5, 0], "texture": "#0"},
				"west": {"uv": [0, 0, 0.5, 0], "texture": "#0"},
				"up": {"uv": [11, 2, 10.5, 1.5], "texture": "#0"},
				"down": {"uv": [2.25, 10.5, 1.75, 11], "texture": "#0"}
			}
		},
		{
			"name": "bone2",
			"from": [7.0614, 0.85114, 4.14107],
			"to": [7.17991, 1.08816, 4.37809],
			"rotation": {"angle": 22.5, "axis": "z", "origin": [7.17991, 1.14742, -0.74042]},
			"faces": {
				"north": {"uv": [11.5, 4.5, 11.625, 4.625], "texture": "#0"},
				"east": {"uv": [11.5, 4.75, 11.625, 4.875], "texture": "#0"},
				"south": {"uv": [11.5, 6, 11.625, 6.125], "texture": "#0"},
				"west": {"uv": [11.5, 6.25, 11.625, 6.375], "texture": "#0"},
				"up": {"uv": [11.625, 6.625, 11.5, 6.5], "texture": "#0"},
				"down": {"uv": [11.625, 6.75, 11.5, 6.875], "texture": "#0"}
			}
		},
		{
			"name": "bone2",
			"from": [7.00214, 1.08816, 4.14107],
			"to": [7.23916, 1.5622, 4.37809],
			"rotation": {"angle": 22.5, "axis": "z", "origin": [7.17991, 1.14742, -0.74042]},
			"faces": {
				"north": {"uv": [10, 11.25, 10.125, 11.625], "texture": "#0"},
				"east": {"uv": [10.25, 11.25, 10.375, 11.625], "texture": "#0"},
				"south": {"uv": [11.25, 10.25, 11.375, 10.625], "texture": "#0"},
				"west": {"uv": [10.5, 11.25, 10.625, 11.625], "texture": "#0"},
				"up": {"uv": [11.625, 2.875, 11.5, 2.75], "texture": "#0"},
				"down": {"uv": [3.125, 11.5, 3, 11.625], "texture": "#0"}
			}
		},
		{
			"name": "bone3",
			"from": [6.46009, 0.85114, 4.14107],
			"to": [6.5786, 1.08816, 4.37809],
			"rotation": {"angle": -22.5, "axis": "z", "origin": [6.46009, 1.14742, -0.74042]},
			"faces": {
				"north": {"uv": [11.5, 3.5, 11.625, 3.625], "texture": "#0"},
				"east": {"uv": [3.75, 11.5, 3.875, 11.625], "texture": "#0"},
				"south": {"uv": [11.5, 3.75, 11.625, 3.875], "texture": "#0"},
				"west": {"uv": [4, 11.5, 4.125, 11.625], "texture": "#0"},
				"up": {"uv": [11.625, 4.125, 11.5, 4], "texture": "#0"},
				"down": {"uv": [4.375, 11.5, 4.25, 11.625], "texture": "#0"}
			}
		},
		{
			"name": "bone3",
			"from": [6.40084, -3.65226, 4.14107],
			"to": [6.63786, 0.85114, 4.37809],
			"rotation": {"angle": -22.5, "axis": "z", "origin": [6.46009, 1.14742, -0.74042]},
			"faces": {
				"north": {"uv": [4.75, 9, 4.875, 12.25], "texture": "#0"},
				"east": {"uv": [0.5, 9.75, 0.625, 13], "texture": "#0"},
				"south": {"uv": [6, 9.75, 6.125, 13], "texture": "#0"},
				"west": {"uv": [6.25, 9.75, 6.375, 13], "texture": "#0"},
				"up": {"uv": [11.625, 3.375, 11.5, 3.25], "texture": "#0"},
				"down": {"uv": [3.625, 11.5, 3.5, 11.625], "texture": "#0"}
			}
		},
		{
			"name": "bone3",
			"from": [6.16381, -3.65226, 3.90405],
			"to": [6.87488, -3.65226, 4.61511],
			"rotation": {"angle": -22.5, "axis": "z", "origin": [6.46009, 1.14742, -0.74042]},
			"faces": {
				"north": {"uv": [0, 0, 0.5, 0], "texture": "#0"},
				"east": {"uv": [0, 0, 0.5, 0], "texture": "#0"},
				"south": {"uv": [0, 0, 0.5, 0], "texture": "#0"},
				"west": {"uv": [0, 0, 0.5, 0], "texture": "#0"},
				"up": {"uv": [11, 4.5, 10.5, 4], "texture": "#0"},
				"down": {"uv": [4.75, 10.5, 4.25, 11], "texture": "#0"}
			}
		},
		{
			"name": "bone3",
			"from": [6.40084, 1.08816, 4.14107],
			"to": [6.63786, 1.5622, 4.37809],
			"rotation": {"angle": -22.5, "axis": "z", "origin": [6.46009, 1.14742, -0.74042]},
			"faces": {
				"north": {"uv": [10.75, 11.25, 10.875, 11.625], "texture": "#0"},
				"east": {"uv": [11.25, 10.75, 11.375, 11.125], "texture": "#0"},
				"south": {"uv": [11, 11.25, 11.125, 11.625], "texture": "#0"},
				"west": {"uv": [11.25, 11.25, 11.375, 11.625], "texture": "#0"},
				"up": {"uv": [11.625, 3.125, 11.5, 3], "texture": "#0"},
				"down": {"uv": [3.375, 11.5, 3.25, 11.625], "texture": "#0"}
			}
		},
		{
			"name": "barrel_overheat",
			"from": [6.58298, 2.01468, -0.71786],
			"to": [7.05702, 2.48872, 2.36341],
			"rotation": {"angle": 0, "axis": "y", "origin": [4, 0, 9]},
			"faces": {
				"north": {"uv": [10, 10.75, 10.375, 11.125], "texture": "#0"},
				"east": {"uv": [8.25, 1, 10.375, 1.375], "texture": "#0"},
				"south": {"uv": [10.75, 10.25, 11.125, 10.625], "texture": "#0"},
				"west": {"uv": [8.25, 1.5, 10.375, 1.875], "texture": "#0"},
				"up": {"uv": [1.625, 10.375, 1.25, 8.25], "texture": "#0"},
				"down": {"uv": [2.125, 8.25, 1.75, 10.375], "texture": "#0"}
			}
		},
		{
			"name": "barrel_overheat",
			"from": [6.46447, 1.89617, -3.08807],
			"to": [7.17553, 2.60723, -0.71786],
			"rotation": {"angle": 0, "axis": "y", "origin": [4, 0, 9]},
			"faces": {
				"north": {"uv": [5.5, 10.25, 6, 10.75], "texture": "#0"},
				"east": {"uv": [8.25, 0, 9.875, 0.5], "texture": "#0"},
				"south": {"uv": [7.5, 10.25, 8, 10.75], "texture": "#0"},
				"west": {"uv": [8.25, 0.5, 9.875, 1], "texture": "#0"},
				"up": {"uv": [6, 8.875, 5.5, 7.25], "texture": "#0"},
				"down": {"uv": [1.25, 8.25, 0.75, 9.875], "texture": "#0"}
			}
		}
	],
	"display": {
		"thirdperson_righthand": {
			"rotation": [-0.32, -4.42, 0.72],
			"translation": [1, 6.75, -5.25]
		},
		"firstperson_righthand": {
			"rotation": [-25.56, 64.58, 31.54],
			"translation": [-15, 10, 4.5]
		},
		"ground": {
			"translation": [0, 7.25, 0]
		},
		"gui": {
			"rotation": [85.34, 45.85, -86.66],
			"translation": [3.5, 5.5, 0]
		},
		"fixed": {
			"rotation": [90, -52, 90],
			"translation": [-2.25, 5.75, 0]
		}
	}
}