{
	"credit": "Made by tjwhangLeime",
	"texture_size": [128, 128],
	"textures": {
		"0": "weapons/gun_tokarev_svt40",
		"particle": "weapons/gun_tokarev_svt40"
	},
	"elements": [
		{
			"name": "main2",
			"from": [2.54363, 0.0357, 10.71],
			"to": [3.16838, 1.8207, 11.424],
			"faces": {
				"north": {"uv": [5.875, 2.125, 6.375, 3.375], "texture": "#0"},
				"east": {"uv": [5.875, 7.125, 6.375, 8.375], "texture": "#0"},
				"south": {"uv": [3.5, 7.25, 4, 8.5], "texture": "#0"},
				"west": {"uv": [7.375, 4.5, 7.875, 5.75], "texture": "#0"},
				"up": {"uv": [4, 9, 3.5, 8.5], "texture": "#0"},
				"down": {"uv": [9, 5, 8.5, 5.5], "texture": "#0"}
			}
		},
		{
			"name": "main2",
			"from": [2.54345, 0.56656, 8.03232],
			"to": [3.16855, 1.81642, 10.71018],
			"faces": {
				"north": {"uv": [7.5, 5.75, 8, 6.625], "texture": "#0"},
				"east": {"uv": [1, 2.75, 2.875, 3.625], "texture": "#0"},
				"south": {"uv": [7.5, 6.625, 8, 7.5], "texture": "#0"},
				"west": {"uv": [2.875, 2.75, 4.75, 3.625], "texture": "#0"},
				"up": {"uv": [4.5, 7.125, 4, 5.25], "texture": "#0"},
				"down": {"uv": [5, 5.25, 4.5, 7.125], "texture": "#0"}
			}
		},
		{
			"name": "main2",
			"from": [2.54416, 0.10251, 7.30302],
			"to": [3.16784, 1.35094, 8.37295],
			"rotation": {"angle": -22.5, "axis": "x", "origin": [2.856, 0.72673, 7.03474]},
			"faces": {
				"north": {"uv": [8, 5, 8.5, 5.875], "texture": "#0"},
				"east": {"uv": [5.5, 0, 6.25, 0.875], "texture": "#0"},
				"south": {"uv": [8, 5.875, 8.5, 6.75], "texture": "#0"},
				"west": {"uv": [2.75, 7.25, 3.5, 8.125], "texture": "#0"},
				"up": {"uv": [3.25, 8.875, 2.75, 8.125], "texture": "#0"},
				"down": {"uv": [2.25, 8.25, 1.75, 9], "texture": "#0"}
			}
		},
		{
			"name": "main2",
			"from": [2.54398, 0.99483, 6.94585],
			"to": [3.16802, 1.35112, 7.30213],
			"rotation": {"angle": -22.5, "axis": "x", "origin": [2.856, 0.72673, 7.03474]},
			"faces": {
				"north": {"uv": [5.875, 3.375, 6.375, 3.625], "texture": "#0"},
				"east": {"uv": [9.5, 2.375, 9.75, 2.625], "texture": "#0"},
				"south": {"uv": [9.125, 9.25, 9.625, 9.5], "texture": "#0"},
				"west": {"uv": [9.5, 2.625, 9.75, 2.875], "texture": "#0"},
				"up": {"uv": [1.25, 9.625, 0.75, 9.375], "texture": "#0"},
				"down": {"uv": [2.25, 9.375, 1.75, 9.625], "texture": "#0"}
			}
		},
		{
			"name": "main2",
			"from": [2.54363, 1.071, 0.5355],
			"to": [3.16838, 1.9635, 5.712],
			"faces": {
				"north": {"uv": [8.375, 4.125, 8.875, 4.75], "texture": "#0"},
				"east": {"uv": [0, 0, 3.625, 0.625], "texture": "#0"},
				"south": {"uv": [5.75, 8.375, 6.25, 9], "texture": "#0"},
				"west": {"uv": [0, 0.625, 3.625, 1.25], "texture": "#0"},
				"up": {"uv": [0.5, 4.875, 0, 1.25], "texture": "#0"},
				"down": {"uv": [1, 1.25, 0.5, 4.875], "texture": "#0"}
			}
		},
		{
			"name": "main2",
			"from": [2.54363, 1.6065, -2.856],
			"to": [3.16838, 2.58825, 0.5355],
			"faces": {
				"north": {"uv": [2.25, 8.25, 2.75, 9], "texture": "#0"},
				"east": {"uv": [1, 1.25, 3.375, 2], "texture": "#0"},
				"south": {"uv": [4, 8.25, 4.5, 9], "texture": "#0"},
				"west": {"uv": [1, 2, 3.375, 2.75], "texture": "#0"},
				"up": {"uv": [1.5, 6, 1, 3.625], "texture": "#0"},
				"down": {"uv": [2, 3.625, 1.5, 6], "texture": "#0"}
			}
		},
		{
			"name": "main2",
			"from": [2.54363, 1.6065, -5.5335],
			"to": [3.16838, 2.09738, -2.856],
			"faces": {
				"north": {"uv": [9, 2.125, 9.5, 2.5], "texture": "#0"},
				"east": {"uv": [7.375, 0.75, 9.25, 1.125], "texture": "#0"},
				"south": {"uv": [2.25, 9, 2.75, 9.375], "texture": "#0"},
				"west": {"uv": [7.375, 1.125, 9.25, 1.5], "texture": "#0"},
				"up": {"uv": [2.75, 8.25, 2.25, 6.375], "texture": "#0"},
				"down": {"uv": [7, 2.125, 6.5, 4], "texture": "#0"}
			}
		},
		{
			"name": "main2",
			"from": [2.54363, 2.09738, -5.5335],
			"to": [3.16838, 2.26249, -2.856],
			"faces": {
				"north": {"uv": [4.75, 3.5, 5.25, 3.625], "texture": "#0"},
				"east": {"uv": [8.875, 1.875, 10.75, 2], "texture": "#0"},
				"south": {"uv": [5.25, 3.5, 5.75, 3.625], "texture": "#0"},
				"west": {"uv": [8.875, 2, 10.75, 2.125], "texture": "#0"},
				"up": {"uv": [7, 6.375, 6.5, 4.5], "texture": "#0"},
				"down": {"uv": [7, 6.375, 6.5, 8.25], "texture": "#0"}
			}
		},
		{
			"name": "main2",
			"from": [2.54363, 2.25803, -5.5335],
			"to": [2.63288, 2.42314, -5.1765],
			"faces": {
				"north": {"uv": [3.625, 9.75, 3.75, 9.875], "texture": "#0"},
				"east": {"uv": [8, 9.625, 8.25, 9.75], "texture": "#0"},
				"south": {"uv": [4.375, 9.75, 4.5, 9.875], "texture": "#0"},
				"west": {"uv": [8.25, 9.625, 8.5, 9.75], "texture": "#0"},
				"up": {"uv": [8.625, 9.875, 8.5, 9.625], "texture": "#0"},
				"down": {"uv": [8.75, 9.625, 8.625, 9.875], "texture": "#0"}
			}
		},
		{
			"name": "main2",
			"from": [2.54363, 2.25803, -4.73025],
			"to": [2.63288, 2.42314, -4.55175],
			"faces": {
				"north": {"uv": [4.5, 9.75, 4.625, 9.875], "texture": "#0"},
				"east": {"uv": [4.625, 9.75, 4.75, 9.875], "texture": "#0"},
				"south": {"uv": [9.75, 4.625, 9.875, 4.75], "texture": "#0"},
				"west": {"uv": [4.75, 9.75, 4.875, 9.875], "texture": "#0"},
				"up": {"uv": [9.875, 4.875, 9.75, 4.75], "texture": "#0"},
				"down": {"uv": [5, 9.75, 4.875, 9.875], "texture": "#0"}
			}
		},
		{
			"name": "main2",
			"from": [2.54363, 2.25803, -4.1055],
			"to": [2.63288, 2.42314, -3.927],
			"faces": {
				"north": {"uv": [9.75, 4.875, 9.875, 5], "texture": "#0"},
				"east": {"uv": [5, 9.75, 5.125, 9.875], "texture": "#0"},
				"south": {"uv": [9.75, 5.125, 9.875, 5.25], "texture": "#0"},
				"west": {"uv": [9.75, 5.25, 9.875, 5.375], "texture": "#0"},
				"up": {"uv": [5.5, 9.875, 5.375, 9.75], "texture": "#0"},
				"down": {"uv": [5.625, 9.75, 5.5, 9.875], "texture": "#0"}
			}
		},
		{
			"name": "main2",
			"from": [2.54363, 2.25803, -3.48075],
			"to": [2.63288, 2.42314, -3.30225],
			"faces": {
				"north": {"uv": [5.625, 9.75, 5.75, 9.875], "texture": "#0"},
				"east": {"uv": [9.75, 5.625, 9.875, 5.75], "texture": "#0"},
				"south": {"uv": [5.75, 9.75, 5.875, 9.875], "texture": "#0"},
				"west": {"uv": [9.75, 5.75, 9.875, 5.875], "texture": "#0"},
				"up": {"uv": [6.125, 9.875, 6, 9.75], "texture": "#0"},
				"down": {"uv": [9.875, 6, 9.75, 6.125], "texture": "#0"}
			}
		},
		{
			"name": "main2",
			"from": [3.07913, 2.25803, -4.73025],
			"to": [3.16838, 2.42314, -4.55175],
			"faces": {
				"north": {"uv": [9.75, 7.625, 9.875, 7.75], "texture": "#0"},
				"east": {"uv": [7.75, 9.75, 7.875, 9.875], "texture": "#0"},
				"south": {"uv": [9.75, 7.75, 9.875, 7.875], "texture": "#0"},
				"west": {"uv": [7.875, 9.75, 8, 9.875], "texture": "#0"},
				"up": {"uv": [9.875, 8, 9.75, 7.875], "texture": "#0"},
				"down": {"uv": [8.125, 9.75, 8, 9.875], "texture": "#0"}
			}
		},
		{
			"name": "main2",
			"from": [3.07913, 2.25803, -4.1055],
			"to": [3.16838, 2.42314, -3.927],
			"faces": {
				"north": {"uv": [7.25, 9.75, 7.375, 9.875], "texture": "#0"},
				"east": {"uv": [9.75, 7.25, 9.875, 7.375], "texture": "#0"},
				"south": {"uv": [9.75, 7.375, 9.875, 7.5], "texture": "#0"},
				"west": {"uv": [7.5, 9.75, 7.625, 9.875], "texture": "#0"},
				"up": {"uv": [9.875, 7.625, 9.75, 7.5], "texture": "#0"},
				"down": {"uv": [7.75, 9.75, 7.625, 9.875], "texture": "#0"}
			}
		},
		{
			"name": "main2",
			"from": [3.07913, 2.25803, -3.48075],
			"to": [3.16838, 2.42314, -3.30225],
			"faces": {
				"north": {"uv": [9.75, 6.5, 9.875, 6.625], "texture": "#0"},
				"east": {"uv": [9.75, 6.625, 9.875, 6.75], "texture": "#0"},
				"south": {"uv": [9.75, 6.75, 9.875, 6.875], "texture": "#0"},
				"west": {"uv": [9.75, 6.875, 9.875, 7], "texture": "#0"},
				"up": {"uv": [9.875, 7.125, 9.75, 7], "texture": "#0"},
				"down": {"uv": [9.875, 7.125, 9.75, 7.25], "texture": "#0"}
			}
		},
		{
			"name": "main2",
			"from": [3.07913, 2.25803, -5.5335],
			"to": [3.16838, 2.42314, -5.1765],
			"faces": {
				"north": {"uv": [6.125, 9.75, 6.25, 9.875], "texture": "#0"},
				"east": {"uv": [9.625, 8.625, 9.875, 8.75], "texture": "#0"},
				"south": {"uv": [9.75, 6.125, 9.875, 6.25], "texture": "#0"},
				"west": {"uv": [8.75, 9.625, 9, 9.75], "texture": "#0"},
				"up": {"uv": [9.75, 9, 9.625, 8.75], "texture": "#0"},
				"down": {"uv": [9.125, 9.625, 9, 9.875], "texture": "#0"}
			}
		},
		{
			"name": "main2",
			"from": [2.54363, 2.42314, -5.5335],
			"to": [3.16838, 2.58825, -2.856],
			"faces": {
				"north": {"uv": [5.25, 4.5, 5.75, 4.625], "texture": "#0"},
				"east": {"uv": [8.875, 3.625, 10.75, 3.75], "texture": "#0"},
				"south": {"uv": [5.75, 4.5, 6.25, 4.625], "texture": "#0"},
				"west": {"uv": [8.875, 3.75, 10.75, 3.875], "texture": "#0"},
				"up": {"uv": [0.5, 8.75, 0, 6.875], "texture": "#0"},
				"down": {"uv": [1, 6.875, 0.5, 8.75], "texture": "#0"}
			}
		},
		{
			"name": "main2",
			"from": [2.45438, 1.56188, -5.712],
			"to": [3.25762, 2.63288, -5.5335],
			"faces": {
				"north": {"uv": [4, 7.5, 4.625, 8.25], "texture": "#0"},
				"east": {"uv": [6.25, 0, 6.375, 0.75], "texture": "#0"},
				"south": {"uv": [4.625, 7.5, 5.25, 8.25], "texture": "#0"},
				"west": {"uv": [6.375, 2.125, 6.5, 2.875], "texture": "#0"},
				"up": {"uv": [4, 2.75, 3.375, 2.625], "texture": "#0"},
				"down": {"uv": [4.625, 2.625, 4, 2.75], "texture": "#0"}
			}
		},
		{
			"name": "main2",
			"from": [3.16838, 2.13307, -8.55015],
			"to": [3.16838, 2.57933, -5.69415],
			"faces": {
				"north": {"uv": [0, 0, 0, 0.375], "texture": "#0"},
				"east": {"uv": [7, 2.125, 9, 2.5], "texture": "#0"},
				"south": {"uv": [0, 0, 0, 0.375], "texture": "#0"},
				"west": {"uv": [7, 2.5, 9, 2.875], "texture": "#0"},
				"up": {"uv": [0, 2, 0, 0], "texture": "#0"},
				"down": {"uv": [0, 0, 0, 2], "texture": "#0"}
			}
		},
		{
			"name": "main2",
			"from": [2.54363, 2.13307, -8.55015],
			"to": [2.54363, 2.57933, -5.69415],
			"faces": {
				"north": {"uv": [0, 0, 0, 0.375], "texture": "#0"},
				"east": {"uv": [7, 2.875, 9, 3.25], "texture": "#0"},
				"south": {"uv": [0, 0, 0, 0.375], "texture": "#0"},
				"west": {"uv": [7, 3.25, 9, 3.625], "texture": "#0"},
				"up": {"uv": [0, 2, 0, 0], "texture": "#0"},
				"down": {"uv": [0, 0, 0, 2], "texture": "#0"}
			}
		},
		{
			"name": "main2",
			"from": [2.54363, 2.13307, -8.55015],
			"to": [3.16838, 2.57933, -8.55015],
			"faces": {
				"north": {"uv": [4.75, 0.875, 5.25, 1.25], "texture": "#0"},
				"east": {"uv": [0, 0, 0, 0.375], "texture": "#0"},
				"south": {"uv": [2.75, 8.875, 3.25, 9.25], "texture": "#0"},
				"west": {"uv": [0, 0, 0, 0.375], "texture": "#0"},
				"up": {"uv": [0.5, 0, 0, 0], "texture": "#0"},
				"down": {"uv": [0.5, 0, 0, 0], "texture": "#0"}
			}
		},
		{
			"name": "main2",
			"from": [2.6775, 2.16877, -8.72865],
			"to": [3.0345, 2.52578, -8.55015],
			"faces": {
				"north": {"uv": [9.375, 9.5, 9.625, 9.75], "texture": "#0"},
				"east": {"uv": [9.625, 6, 9.75, 6.25], "texture": "#0"},
				"south": {"uv": [9.625, 0, 9.875, 0.25], "texture": "#0"},
				"west": {"uv": [6.25, 9.625, 6.375, 9.875], "texture": "#0"},
				"up": {"uv": [9.875, 6.375, 9.625, 6.25], "texture": "#0"},
				"down": {"uv": [9.875, 6.375, 9.625, 6.5], "texture": "#0"}
			}
		},
		{
			"name": "main2",
			"from": [2.76675, 2.25803, -8.90715],
			"to": [2.94525, 2.43653, -8.72865],
			"faces": {
				"north": {"uv": [9.75, 1.25, 9.875, 1.375], "texture": "#0"},
				"east": {"uv": [1.375, 9.75, 1.5, 9.875], "texture": "#0"},
				"south": {"uv": [9.75, 1.375, 9.875, 1.5], "texture": "#0"},
				"west": {"uv": [9.75, 1.5, 9.875, 1.625], "texture": "#0"},
				"up": {"uv": [9.875, 2.25, 9.75, 2.125], "texture": "#0"},
				"down": {"uv": [2.375, 9.75, 2.25, 9.875], "texture": "#0"}
			}
		},
		{
			"name": "main2",
			"from": [2.54363, 1.68682, -8.37165],
			"to": [3.16838, 2.13307, -8.37165],
			"faces": {
				"north": {"uv": [8.875, 6.75, 9.375, 7.125], "texture": "#0"},
				"east": {"uv": [0, 0, 0, 0.375], "texture": "#0"},
				"south": {"uv": [8.875, 7.125, 9.375, 7.5], "texture": "#0"},
				"west": {"uv": [0, 0, 0, 0.375], "texture": "#0"},
				"up": {"uv": [0.5, 0, 0, 0], "texture": "#0"},
				"down": {"uv": [0.5, 0, 0, 0], "texture": "#0"}
			}
		},
		{
			"name": "main2",
			"from": [2.54363, 2.57933, -8.55015],
			"to": [3.16838, 2.57933, -5.69415],
			"faces": {
				"north": {"uv": [0, 0, 0.5, 0], "texture": "#0"},
				"east": {"uv": [0, 0, 2, 0], "texture": "#0"},
				"south": {"uv": [0, 0, 0.5, 0], "texture": "#0"},
				"west": {"uv": [0, 0, 2, 0], "texture": "#0"},
				"up": {"uv": [0.5, 6.875, 0, 4.875], "texture": "#0"},
				"down": {"uv": [1, 4.875, 0.5, 6.875], "texture": "#0"}
			}
		},
		{
			"name": "main2",
			"from": [3.16838, 1.68682, -8.37165],
			"to": [3.16838, 2.13307, -5.69415],
			"faces": {
				"north": {"uv": [0, 0, 0, 0.375], "texture": "#0"},
				"east": {"uv": [7.375, 0, 9.25, 0.375], "texture": "#0"},
				"south": {"uv": [0, 0, 0, 0.375], "texture": "#0"},
				"west": {"uv": [7.375, 0.375, 9.25, 0.75], "texture": "#0"},
				"up": {"uv": [0, 1.875, 0, 0], "texture": "#0"},
				"down": {"uv": [0, 0, 0, 1.875], "texture": "#0"}
			}
		},
		{
			"name": "main2",
			"from": [2.54363, 2.13307, -8.55015],
			"to": [3.16838, 2.13307, -5.69415],
			"faces": {
				"north": {"uv": [0, 0, 0.5, 0], "texture": "#0"},
				"east": {"uv": [0, 0, 2, 0], "texture": "#0"},
				"south": {"uv": [0, 0, 0.5, 0], "texture": "#0"},
				"west": {"uv": [0, 0, 2, 0], "texture": "#0"},
				"up": {"uv": [3.5, 7.25, 3, 5.25], "texture": "#0"},
				"down": {"uv": [4, 5.25, 3.5, 7.25], "texture": "#0"}
			}
		},
		{
			"name": "main2",
			"from": [2.54363, 1.68682, -8.37165],
			"to": [3.16838, 1.68682, -5.69415],
			"faces": {
				"north": {"uv": [0, 0, 0.5, 0], "texture": "#0"},
				"east": {"uv": [0, 0, 1.875, 0], "texture": "#0"},
				"south": {"uv": [0, 0, 0.5, 0], "texture": "#0"},
				"west": {"uv": [0, 0, 1.875, 0], "texture": "#0"},
				"up": {"uv": [6.5, 7.125, 6, 5.25], "texture": "#0"},
				"down": {"uv": [2.25, 6.375, 1.75, 8.25], "texture": "#0"}
			}
		},
		{
			"name": "main2",
			"from": [2.54363, 1.68682, -8.37165],
			"to": [2.54363, 2.13307, -5.69415],
			"faces": {
				"north": {"uv": [0, 0, 0, 0.375], "texture": "#0"},
				"east": {"uv": [7, 3.625, 8.875, 4], "texture": "#0"},
				"south": {"uv": [0, 0, 0, 0.375], "texture": "#0"},
				"west": {"uv": [4, 7.125, 5.875, 7.5], "texture": "#0"},
				"up": {"uv": [0, 1.875, 0, 0], "texture": "#0"},
				"down": {"uv": [0, 0, 0, 1.875], "texture": "#0"}
			}
		},
		{
			"name": "main2",
			"from": [2.72212, 1.79393, -11.067],
			"to": [2.98988, 2.02598, -8.37165],
			"faces": {
				"north": {"uv": [5.625, 2.5, 5.875, 2.625], "texture": "#0"},
				"east": {"uv": [7.375, 1.5, 9.25, 1.625], "texture": "#0"},
				"south": {"uv": [0.75, 8.75, 1, 8.875], "texture": "#0"},
				"west": {"uv": [8.875, 1.75, 10.75, 1.875], "texture": "#0"},
				"up": {"uv": [5.5, 9.375, 5.25, 7.5], "texture": "#0"},
				"down": {"uv": [5.75, 7.5, 5.5, 9.375], "texture": "#0"}
			}
		},
		{
			"name": "main2",
			"from": [2.72212, 1.50833, -10.353],
			"to": [2.98988, 1.79392, -10.04062],
			"faces": {
				"north": {"uv": [5.875, 9.375, 6.125, 9.625], "texture": "#0"},
				"east": {"uv": [9.375, 6, 9.625, 6.25], "texture": "#0"},
				"south": {"uv": [6.125, 9.375, 6.375, 9.625], "texture": "#0"},
				"west": {"uv": [9.375, 6.25, 9.625, 6.5], "texture": "#0"},
				"up": {"uv": [6.75, 9.625, 6.5, 9.375], "texture": "#0"},
				"down": {"uv": [7, 9.375, 6.75, 9.625], "texture": "#0"}
			}
		},
		{
			"name": "main2",
			"from": [2.76675, 1.55295, -11.6025],
			"to": [2.94525, 1.73145, -11.2455],
			"faces": {
				"north": {"uv": [4.625, 2.625, 4.75, 2.75], "texture": "#0"},
				"east": {"uv": [8.875, 3.875, 9.125, 4], "texture": "#0"},
				"south": {"uv": [5.75, 3.5, 5.875, 3.625], "texture": "#0"},
				"west": {"uv": [8.875, 4.625, 9.125, 4.75], "texture": "#0"},
				"up": {"uv": [8.375, 9.625, 8.25, 9.375], "texture": "#0"},
				"down": {"uv": [7.375, 9.5, 7.25, 9.75], "texture": "#0"}
			}
		},
		{
			"name": "main2",
			"from": [2.81137, 1.59757, -11.2455],
			"to": [2.90063, 1.68682, -5.712],
			"faces": {
				"north": {"uv": [6.25, 0.75, 6.375, 0.875], "texture": "#0"},
				"east": {"uv": [6.375, 1.625, 10.25, 1.75], "texture": "#0"},
				"south": {"uv": [6.375, 3.5, 6.5, 3.625], "texture": "#0"},
				"west": {"uv": [6.5, 4, 10.375, 4.125], "texture": "#0"},
				"up": {"uv": [6.5, 11, 6.375, 7.125], "texture": "#0"},
				"down": {"uv": [7.5, 5.75, 7.375, 9.625], "texture": "#0"}
			}
		},
		{
			"name": "main2",
			"from": [2.81316, 2.02598, -10.84387],
			"to": [2.90241, 2.65073, -10.57612],
			"faces": {
				"north": {"uv": [5.375, 9.375, 5.625, 9.625], "texture": "#0"},
				"east": {"uv": [5.375, 9.375, 5.625, 9.625], "texture": "#0"},
				"south": {"uv": [5.375, 9.375, 5.625, 9.625], "texture": "#0"},
				"west": {"uv": [9.375, 5.5, 9.625, 5.75], "texture": "#0"},
				"up": {"uv": [0, 0.25, 0, 0], "texture": "#0"},
				"down": {"uv": [0, 0, 0, 0.25], "texture": "#0"}
			}
		},
		{
			"name": "main2",
			"from": [2.76675, 2.65073, -10.84387],
			"to": [2.94525, 2.91848, -10.57612],
			"faces": {
				"north": {"uv": [5.75, 8.125, 5.875, 8.375], "texture": "#0"},
				"east": {"uv": [5.625, 9.375, 5.875, 9.625], "texture": "#0"},
				"south": {"uv": [6.25, 8.75, 6.375, 9], "texture": "#0"},
				"west": {"uv": [9.375, 5.75, 9.625, 6], "texture": "#0"},
				"up": {"uv": [7.375, 9.25, 7.25, 9], "texture": "#0"},
				"down": {"uv": [7.375, 9.25, 7.25, 9.5], "texture": "#0"}
			}
		},
		{
			"name": "main2",
			"from": [2.69535, 1.7493, -12.138],
			"to": [3.01665, 2.0706, -11.067],
			"faces": {
				"north": {"uv": [9.375, 5, 9.625, 5.25], "texture": "#0"},
				"east": {"uv": [8.875, 4.125, 9.625, 4.375], "texture": "#0"},
				"south": {"uv": [9.375, 5.25, 9.625, 5.5], "texture": "#0"},
				"west": {"uv": [8.875, 4.375, 9.625, 4.625], "texture": "#0"},
				"up": {"uv": [6.5, 5.25, 6.25, 4.5], "texture": "#0"},
				"down": {"uv": [1.75, 8.875, 1.5, 9.625], "texture": "#0"}
			}
		},
		{
			"name": "main2",
			"from": [2.63288, 1.785, 2.6775],
			"to": [3.07913, 2.499, 5.8905],
			"faces": {
				"north": {"uv": [0.75, 8.875, 1.125, 9.375], "texture": "#0"},
				"east": {"uv": [3, 4.125, 5.25, 4.625], "texture": "#0"},
				"south": {"uv": [1.125, 8.875, 1.5, 9.375], "texture": "#0"},
				"west": {"uv": [4.25, 3.625, 6.5, 4.125], "texture": "#0"},
				"up": {"uv": [7.375, 6.75, 7, 4.5], "texture": "#0"},
				"down": {"uv": [7.375, 6.75, 7, 9], "texture": "#0"}
			}
		},
		{
			"name": "main2",
			"from": [2.63288, 1.9635, 0.5355],
			"to": [3.07913, 2.499, 1.071],
			"faces": {
				"north": {"uv": [9, 3.25, 9.375, 3.625], "texture": "#0"},
				"east": {"uv": [4, 9, 4.375, 9.375], "texture": "#0"},
				"south": {"uv": [4.375, 9, 4.75, 9.375], "texture": "#0"},
				"west": {"uv": [9, 5, 9.375, 5.375], "texture": "#0"},
				"up": {"uv": [9.375, 5.75, 9, 5.375], "texture": "#0"},
				"down": {"uv": [6.125, 9, 5.75, 9.375], "texture": "#0"}
			}
		},
		{
			"name": "main2",
			"from": [2.69535, 2.40975, -0.87465],
			"to": [3.01665, 2.6775, 0.55335],
			"faces": {
				"north": {"uv": [7.75, 9.5, 8, 9.75], "texture": "#0"},
				"east": {"uv": [8.5, 6.5, 9.5, 6.75], "texture": "#0"},
				"south": {"uv": [9.5, 8, 9.75, 8.25], "texture": "#0"},
				"west": {"uv": [8.375, 8.625, 9.375, 8.875], "texture": "#0"},
				"up": {"uv": [0.25, 9.75, 0, 8.75], "texture": "#0"},
				"down": {"uv": [0.5, 8.75, 0.25, 9.75], "texture": "#0"}
			}
		},
		{
			"name": "main2",
			"from": [2.69713, 2.67929, -0.60511],
			"to": [3.01487, 2.85422, -0.43019],
			"rotation": {"angle": 45, "axis": "x", "origin": [2.856, 2.76675, -0.65152]},
			"faces": {
				"north": {"uv": [5.375, 9.625, 5.625, 9.75], "texture": "#0"},
				"east": {"uv": [9.75, 1.125, 9.875, 1.25], "texture": "#0"},
				"south": {"uv": [9.625, 5.375, 9.875, 5.5], "texture": "#0"},
				"west": {"uv": [1.25, 9.75, 1.375, 9.875], "texture": "#0"},
				"up": {"uv": [9.875, 5.625, 9.625, 5.5], "texture": "#0"},
				"down": {"uv": [5.875, 9.625, 5.625, 9.75], "texture": "#0"}
			}
		},
		{
			"name": "main2",
			"from": [2.69713, 3.34866, 0.25169],
			"to": [3.01487, 3.70209, 0.38199],
			"rotation": {"angle": 45, "axis": "x", "origin": [2.856, 2.76675, -0.66937]},
			"faces": {
				"north": {"uv": [9.5, 8.25, 9.75, 8.5], "texture": "#0"},
				"east": {"uv": [9.625, 5.625, 9.75, 5.875], "texture": "#0"},
				"south": {"uv": [9.125, 9.5, 9.375, 9.75], "texture": "#0"},
				"west": {"uv": [5.875, 9.625, 6, 9.875], "texture": "#0"},
				"up": {"uv": [9.875, 6, 9.625, 5.875], "texture": "#0"},
				"down": {"uv": [6.25, 9.625, 6, 9.75], "texture": "#0"}
			}
		},
		{
			"name": "main2",
			"from": [2.54398, 1.51078, -2.60138],
			"to": [3.16802, 2.22407, 0.61091],
			"rotation": {"angle": 0, "axis": "x", "origin": [2.856, 1.86742, -2.78023]},
			"faces": {
				"north": {"uv": [8.5, 5.5, 9, 6], "texture": "#0"},
				"east": {"uv": [3.375, 2.125, 5.625, 2.625], "texture": "#0"},
				"south": {"uv": [8.5, 6, 9, 6.5], "texture": "#0"},
				"west": {"uv": [2, 3.625, 4.25, 4.125], "texture": "#0"},
				"up": {"uv": [2.5, 6.375, 2, 4.125], "texture": "#0"},
				"down": {"uv": [3, 4.125, 2.5, 6.375], "texture": "#0"}
			}
		},
		{
			"name": "main2",
			"from": [2.54398, 1.51078, -3.67238],
			"to": [3.16802, 2.04557, -2.60209],
			"rotation": {"angle": 0, "axis": "x", "origin": [2.856, 1.86742, -2.78023]},
			"faces": {
				"north": {"uv": [9, 2.5, 9.5, 2.875], "texture": "#0"},
				"east": {"uv": [8.375, 8.25, 9.125, 8.625], "texture": "#0"},
				"south": {"uv": [9, 2.875, 9.5, 3.25], "texture": "#0"},
				"west": {"uv": [1, 8.5, 1.75, 8.875], "texture": "#0"},
				"up": {"uv": [5, 9, 4.5, 8.25], "texture": "#0"},
				"down": {"uv": [7, 8.25, 6.5, 9], "texture": "#0"}
			}
		},
		{
			"name": "main2",
			"from": [2.5438, 0.25663, 5.2046],
			"to": [3.1682, 1.14877, 7.52474],
			"rotation": {"angle": 22.5, "axis": "x", "origin": [2.856, 0.26264, 7.51302]},
			"faces": {
				"north": {"uv": [8.375, 6.75, 8.875, 7.375], "texture": "#0"},
				"east": {"uv": [3, 4.625, 4.625, 5.25], "texture": "#0"},
				"south": {"uv": [8.375, 7.375, 8.875, 8], "texture": "#0"},
				"west": {"uv": [4.625, 4.625, 6.25, 5.25], "texture": "#0"},
				"up": {"uv": [6.875, 1.625, 6.375, 0], "texture": "#0"},
				"down": {"uv": [7.375, 0, 6.875, 1.625], "texture": "#0"}
			}
		},
		{
			"name": "main2",
			"from": [2.5438, -0.21924, 8.03307],
			"to": [3.1682, 1.02991, 10.71021],
			"rotation": {"angle": 22.5, "axis": "x", "origin": [2.856, -0.2181, 10.71184]},
			"faces": {
				"north": {"uv": [7.5, 7.5, 8, 8.375], "texture": "#0"},
				"east": {"uv": [3.375, 1.25, 5.25, 2.125], "texture": "#0"},
				"south": {"uv": [7.875, 4.125, 8.375, 5], "texture": "#0"},
				"west": {"uv": [3.625, 0, 5.5, 0.875], "texture": "#0"},
				"up": {"uv": [5.5, 7.125, 5, 5.25], "texture": "#0"},
				"down": {"uv": [6, 5.25, 5.5, 7.125], "texture": "#0"}
			}
		},
		{
			"name": "main2",
			"from": [2.76675, 0.13387, 9.4605],
			"to": [2.94525, 0.40163, 9.8175],
			"rotation": {"angle": -22.5, "axis": "x", "origin": [2.856, 0.26775, 9.639]},
			"faces": {
				"north": {"uv": [9.625, 7.25, 9.75, 7.5], "texture": "#0"},
				"east": {"uv": [9.625, 0.75, 9.875, 1], "texture": "#0"},
				"south": {"uv": [7.375, 9.625, 7.5, 9.875], "texture": "#0"},
				"west": {"uv": [1, 9.625, 1.25, 9.875], "texture": "#0"},
				"up": {"uv": [9.75, 7.75, 9.625, 7.5], "texture": "#0"},
				"down": {"uv": [9.75, 7.75, 9.625, 8], "texture": "#0"}
			}
		},
		{
			"name": "main2",
			"from": [2.54363, -0.23205, 9.54975],
			"to": [3.16838, 0.25882, 9.54975],
			"faces": {
				"north": {"uv": [8.875, 7.5, 9.375, 7.875], "texture": "#0"},
				"east": {"uv": [0, 0, 0, 0.375], "texture": "#0"},
				"south": {"uv": [8.375, 8.875, 8.875, 9.25], "texture": "#0"},
				"west": {"uv": [0, 0, 0, 0.375], "texture": "#0"},
				"up": {"uv": [0.5, 0, 0, 0], "texture": "#0"},
				"down": {"uv": [0.5, 0, 0, 0], "texture": "#0"}
			}
		},
		{
			"name": "main2",
			"from": [2.76675, 1.43693, -5.73877],
			"to": [2.94525, 1.61543, -5.56027],
			"rotation": {"angle": -22.5, "axis": "x", "origin": [2.856, 1.6065, -5.57812]},
			"faces": {
				"north": {"uv": [9.75, 3.125, 9.875, 3.25], "texture": "#0"},
				"east": {"uv": [3.25, 9.75, 3.375, 9.875], "texture": "#0"},
				"south": {"uv": [9.75, 3.25, 9.875, 3.375], "texture": "#0"},
				"west": {"uv": [3.375, 9.75, 3.5, 9.875], "texture": "#0"},
				"up": {"uv": [9.875, 3.5, 9.75, 3.375], "texture": "#0"},
				"down": {"uv": [3.625, 9.75, 3.5, 9.875], "texture": "#0"}
			}
		},
		{
			"name": "mag",
			"from": [2.6775, 0.714, 1.2495],
			"to": [3.0345, 1.071, 2.856],
			"faces": {
				"north": {"uv": [9.375, 6.75, 9.625, 7], "texture": "#0"},
				"east": {"uv": [8.375, 4.75, 9.5, 5], "texture": "#0"},
				"south": {"uv": [7, 9.375, 7.25, 9.625], "texture": "#0"},
				"west": {"uv": [8.375, 8, 9.5, 8.25], "texture": "#0"},
				"up": {"uv": [3.5, 9.25, 3.25, 8.125], "texture": "#0"},
				"down": {"uv": [5.25, 8.25, 5, 9.375], "texture": "#0"}
			}
		},
		{
			"name": "mag",
			"from": [2.67768, -0.14027, 1.17509],
			"to": [3.03432, 1.10887, 2.78124],
			"rotation": {"angle": 22.5, "axis": "x", "origin": [2.856, 0.75205, 1.97817]},
			"faces": {
				"north": {"uv": [2.75, 6.375, 3, 7.25], "texture": "#0"},
				"east": {"uv": [4.75, 2.625, 5.875, 3.5], "texture": "#0"},
				"south": {"uv": [0.5, 8.75, 0.75, 9.625], "texture": "#0"},
				"west": {"uv": [5.25, 0.875, 6.375, 1.75], "texture": "#0"},
				"up": {"uv": [7.75, 9.5, 7.5, 8.375], "texture": "#0"},
				"down": {"uv": [8, 8.375, 7.75, 9.5], "texture": "#0"}
			}
		},
		{
			"name": "trigger",
			"from": [2.76675, 0.80325, 2.98988],
			"to": [2.94525, 1.16025, 3.07913],
			"rotation": {"angle": -22.5, "axis": "x", "origin": [2.856, 0.8925, 3.12375]},
			"faces": {
				"north": {"uv": [9.625, 1, 9.75, 1.25], "texture": "#0"},
				"east": {"uv": [9.625, 1.25, 9.75, 1.5], "texture": "#0"},
				"south": {"uv": [1.5, 9.625, 1.625, 9.875], "texture": "#0"},
				"west": {"uv": [1.625, 9.625, 1.75, 9.875], "texture": "#0"},
				"up": {"uv": [9.5, 4.75, 9.375, 4.625], "texture": "#0"},
				"down": {"uv": [9.75, 9, 9.625, 9.125], "texture": "#0"}
			}
		},
		{
			"name": "trigger",
			"from": [2.72212, 0.4998, 5.355],
			"to": [2.98988, 1.071, 5.5335],
			"faces": {
				"north": {"uv": [5.625, 2.125, 5.875, 2.5], "texture": "#0"},
				"east": {"uv": [7.75, 4.125, 7.875, 4.5], "texture": "#0"},
				"south": {"uv": [1.75, 6, 2, 6.375], "texture": "#0"},
				"west": {"uv": [7.875, 5, 8, 5.375], "texture": "#0"},
				"up": {"uv": [9.125, 8, 8.875, 7.875], "texture": "#0"},
				"down": {"uv": [9.375, 3.875, 9.125, 4], "texture": "#0"}
			}
		},
		{
			"name": "trigger",
			"from": [2.72212, 0.714, 4.284],
			"to": [2.98988, 1.071, 4.4625],
			"faces": {
				"north": {"uv": [9.375, 7, 9.625, 7.25], "texture": "#0"},
				"east": {"uv": [1.75, 9.625, 1.875, 9.875], "texture": "#0"},
				"south": {"uv": [9.375, 7.25, 9.625, 7.5], "texture": "#0"},
				"west": {"uv": [1.875, 9.625, 2, 9.875], "texture": "#0"},
				"up": {"uv": [9.375, 4.75, 9.125, 4.625], "texture": "#0"},
				"down": {"uv": [9.375, 7.875, 9.125, 8], "texture": "#0"}
			}
		},
		{
			"name": "trigger",
			"from": [2.72248, 0.32021, 4.44711],
			"to": [2.98988, 0.85535, 4.62526],
			"rotation": {"angle": -45, "axis": "x", "origin": [2.85618, 0.58778, 4.53618]},
			"faces": {
				"north": {"uv": [4.75, 9, 5, 9.375], "texture": "#0"},
				"east": {"uv": [7.875, 5.375, 8, 5.75], "texture": "#0"},
				"south": {"uv": [6.125, 9, 6.375, 9.375], "texture": "#0"},
				"west": {"uv": [6.25, 8.375, 6.375, 8.75], "texture": "#0"},
				"up": {"uv": [9.5, 1.625, 9.25, 1.5], "texture": "#0"},
				"down": {"uv": [9.625, 3.5, 9.375, 3.625], "texture": "#0"}
			}
		},
		{
			"name": "trigger",
			"from": [2.72212, 0.33063, 4.66244],
			"to": [2.98988, 0.50913, 5.53709],
			"rotation": {"angle": 0, "axis": "x", "origin": [2.856, 0.41988, 5.04621]},
			"faces": {
				"north": {"uv": [9.625, 4, 9.375, 3.875], "rotation": 180, "texture": "#0"},
				"east": {"uv": [6.375, 2.875, 6.5, 3.5], "rotation": 90, "texture": "#0"},
				"south": {"uv": [9.625, 9.125, 9.375, 9.25], "texture": "#0"},
				"west": {"uv": [5.75, 7.5, 5.875, 8.125], "rotation": 270, "texture": "#0"},
				"up": {"uv": [3.75, 9, 4, 9.625], "texture": "#0"},
				"down": {"uv": [3.5, 9, 3.75, 9.625], "rotation": 180, "texture": "#0"}
			}
		},
		{
			"name": "trigger",
			"from": [2.72212, 0.714, 5.04263],
			"to": [2.98988, 1.071, 5.1765],
			"rotation": {"angle": -22.5, "axis": "x", "origin": [2.856, 0.80325, 4.90875]},
			"faces": {
				"north": {"uv": [9.375, 7.5, 9.625, 7.75], "texture": "#0"},
				"east": {"uv": [2, 9.625, 2.125, 9.875], "texture": "#0"},
				"south": {"uv": [9.375, 7.75, 9.625, 8], "texture": "#0"},
				"west": {"uv": [2.125, 9.625, 2.25, 9.875], "texture": "#0"},
				"up": {"uv": [9.75, 1.625, 9.5, 1.5], "texture": "#0"},
				"down": {"uv": [9.75, 3.125, 9.5, 3.25], "texture": "#0"}
			}
		},
		{
			"name": "trigger",
			"from": [2.72195, 0.60307, 4.9947],
			"to": [2.99005, 0.87118, 5.12894],
			"rotation": {"angle": 22.5, "axis": "x", "origin": [2.856, 0.6925, 5.03951]},
			"faces": {
				"north": {"uv": [8, 9.375, 8.25, 9.625], "texture": "#0"},
				"east": {"uv": [2.75, 9.625, 2.875, 9.875], "texture": "#0"},
				"south": {"uv": [9.375, 8.625, 9.625, 8.875], "texture": "#0"},
				"west": {"uv": [2.875, 9.625, 3, 9.875], "texture": "#0"},
				"up": {"uv": [9.75, 5, 9.5, 4.875], "texture": "#0"},
				"down": {"uv": [9.75, 8.5, 9.5, 8.625], "texture": "#0"}
			}
		},
		{
			"name": "buckle_wobble",
			"from": [2.54363, 1.01745, -5.62275],
			"to": [3.16838, 1.50833, -5.62275],
			"faces": {
				"north": {"uv": [8.875, 8.875, 9.375, 9.25], "texture": "#0"},
				"east": {"uv": [0, 0, 0, 0.375], "texture": "#0"},
				"south": {"uv": [1.75, 9, 2.25, 9.375], "texture": "#0"},
				"west": {"uv": [0, 0, 0, 0.375], "texture": "#0"},
				"up": {"uv": [0.5, 0, 0, 0], "texture": "#0"},
				"down": {"uv": [0.5, 0, 0, 0], "texture": "#0"}
			}
		},
		{
			"name": "slide",
			"from": [2.66857, 1.9635, 1.071],
			"to": [3.04343, 2.33835, 2.6775],
			"faces": {
				"north": {"uv": [9, 5.75, 9.375, 6.125], "texture": "#0"},
				"east": {"uv": [3.625, 0.875, 4.75, 1.25], "texture": "#0"},
				"south": {"uv": [9, 6.125, 9.375, 6.5], "texture": "#0"},
				"west": {"uv": [7.75, 1.75, 8.875, 2.125], "texture": "#0"},
				"up": {"uv": [8.375, 7.875, 8, 6.75], "texture": "#0"},
				"down": {"uv": [8.375, 7.875, 8, 9], "texture": "#0"}
			}
		},
		{
			"name": "slide",
			"from": [3.04343, 1.9635, 1.071],
			"to": [3.3558, 2.09738, 1.20487],
			"faces": {
				"north": {"uv": [9.625, 3.875, 9.875, 4], "texture": "#0"},
				"east": {"uv": [0.125, 9.75, 0.25, 9.875], "texture": "#0"},
				"south": {"uv": [9.625, 4.125, 9.875, 4.25], "texture": "#0"},
				"west": {"uv": [0.25, 9.75, 0.375, 9.875], "texture": "#0"},
				"up": {"uv": [9.875, 4.375, 9.625, 4.25], "texture": "#0"},
				"down": {"uv": [9.875, 4.375, 9.625, 4.5], "texture": "#0"}
			}
		},
		{
			"name": "slide",
			"from": [3.3558, 1.91888, 1.02637],
			"to": [3.62355, 2.142, 1.2495],
			"faces": {
				"north": {"uv": [9.625, 4.5, 9.875, 4.625], "texture": "#0"},
				"east": {"uv": [0.375, 9.75, 0.5, 9.875], "texture": "#0"},
				"south": {"uv": [4.625, 9.625, 4.875, 9.75], "texture": "#0"},
				"west": {"uv": [9.75, 1, 9.875, 1.125], "texture": "#0"},
				"up": {"uv": [5.125, 9.75, 4.875, 9.625], "texture": "#0"},
				"down": {"uv": [9.875, 5, 9.625, 5.125], "texture": "#0"}
			}
		},
		{
			"name": "muzzleflash",
			"from": [2.85243, 1.90995, -12.2094],
			"to": [2.85243, 1.90995, -12.2094],
			"faces": {
				"north": {"uv": [3.625, 2.5, 3.78125, 2.65625], "texture": "#0"},
				"east": {"uv": [3.375, 3.5, 3.5625, 3.65625], "texture": "#0"},
				"south": {"uv": [3.625, 2.75, 3.78125, 2.90625], "texture": "#0"},
				"west": {"uv": [3.625, 0, 3.8125, 0.15625], "texture": "#0"},
				"up": {"uv": [3.78125, 1.3125, 3.625, 1.125], "texture": "#0"},
				"down": {"uv": [1.65625, 3.625, 1.5, 3.8125], "texture": "#0"}
			}
		},
		{
			"name": "eject",
			"from": [3.03093, 2.1777, 1.94565],
			"to": [3.03093, 2.1777, 1.94565],
			"faces": {
				"north": {"uv": [3.625, 2.5, 3.78125, 2.65625], "texture": "#0"},
				"east": {"uv": [3.375, 3.5, 3.5625, 3.65625], "texture": "#0"},
				"south": {"uv": [3.625, 2.75, 3.78125, 2.90625], "texture": "#0"},
				"west": {"uv": [3.625, 0, 3.8125, 0.15625], "texture": "#0"},
				"up": {"uv": [3.78125, 1.3125, 3.625, 1.125], "texture": "#0"},
				"down": {"uv": [1.65625, 3.625, 1.5, 3.8125], "texture": "#0"}
			}
		}
	],
	"display": {
		"thirdperson_righthand": {
			"rotation": [-1, -6.58, -0.05],
			"translation": [5.5, 8.5, 4.5],
			"scale": [1.2, 1.2, 1.2]
		},
		"firstperson_righthand": {
			"rotation": [-20, 68, 29],
			"translation": [3.5, 22.25, -7.5],
			"scale": [3, 3, 3]
		}
	}
}