{
	"format_version": "1.12.0",
	"minecraft:geometry": [
		{
			"description": {
				"identifier": "geometry.unknown",
				"texture_width": 32,
				"texture_height": 32,
				"visible_bounds_width": 2,
				"visible_bounds_height": 1.5,
				"visible_bounds_offset": [0, 0.25, 0]
			},
			"bones": [
				{
					"name": "7.62x54r",
					"pivot": [0, -0.04176, -1.05943],
					"cubes": [
						{
							"origin": [-0.24375, -0.28551, -0.82079],
							"size": [0.4875, 0.4875, 1.92657],
							"uv": {
								"north": {"uv": [0, 4], "uv_size": [0.5, 0.5]},
								"east": {"uv": [0, 0], "uv_size": [2, 0.5]},
								"south": {"uv": [5, 0], "uv_size": [0.5, 0.5]},
								"west": {"uv": [0, 2], "uv_size": [2, 0.5]},
								"up": {"uv": [3, 0], "uv_size": [0.5, 2]},
								"down": {"uv": [3, 5], "uv_size": [0.5, -2]}
							}
						},
						{
							"origin": [0.06915, -0.22457, -0.97805],
							"size": [0.12187, 0.36563, 0.24375],
							"pivot": [-0.00001, -0.04176, -0.91006],
							"rotation": [0, 22.5, 0],
							"uv": {
								"north": {"uv": [5, 2], "uv_size": [0.5, 0.5]},
								"east": {"uv": [5, 4], "uv_size": [0.5, 0.5]},
								"south": {"uv": [0, 6], "uv_size": [0.5, 0.5]},
								"west": {"uv": [2, 6], "uv_size": [0.5, 0.5]},
								"up": {"uv": [4, 6], "uv_size": [0.5, 0.5]},
								"down": {"uv": [6, 6.5], "uv_size": [0.5, -0.5]}
							}
						},
						{
							"origin": [-0.19103, -0.22457, -0.97805],
							"size": [0.12187, 0.36563, 0.24375],
							"pivot": [-0.00001, -0.04176, -0.91006],
							"rotation": [0, -22.5, 0],
							"uv": {
								"north": {"uv": [7, 0], "uv_size": [0.5, 0.5]},
								"east": {"uv": [7, 2], "uv_size": [0.5, 0.5]},
								"south": {"uv": [7, 4], "uv_size": [0.5, 0.5]},
								"west": {"uv": [0, 8], "uv_size": [0.5, 0.5]},
								"up": {"uv": [2, 8], "uv_size": [0.5, 0.5]},
								"down": {"uv": [4, 8.5], "uv_size": [0.5, -0.5]}
							}
						},
						{
							"origin": [-0.18282, -0.22457, -1.49109],
							"size": [0.36563, 0.36563, 0.54843],
							"uv": {
								"north": {"uv": [6, 8], "uv_size": [0.5, 0.5]},
								"east": {"uv": [8, 6], "uv_size": [0.5, 0.5]},
								"south": {"uv": [8, 8], "uv_size": [0.5, 0.5]},
								"west": {"uv": [9, 0], "uv_size": [0.5, 0.5]},
								"up": {"uv": [9, 2], "uv_size": [0.5, 0.5]},
								"down": {"uv": [9, 4.5], "uv_size": [0.5, -0.5]}
							}
						},
						{
							"origin": [-0.18282, -0.22228, -0.98014],
							"size": [0.36563, 0.12187, 0.24375],
							"pivot": [0, -0.04176, -0.9375],
							"rotation": [-22.5, 0, 0],
							"uv": {
								"north": {"uv": [0, 10], "uv_size": [0.5, 0.5]},
								"east": {"uv": [2, 10], "uv_size": [0.5, 0.5]},
								"south": {"uv": [4, 10], "uv_size": [0.5, 0.5]},
								"west": {"uv": [6, 10], "uv_size": [0.5, 0.5]},
								"up": {"uv": [10, 6], "uv_size": [0.5, 0.5]},
								"down": {"uv": [8, 10.5], "uv_size": [0.5, -0.5]}
							}
						},
						{
							"origin": [-0.18282, 0.01689, -0.98014],
							"size": [0.36563, 0.12187, 0.24375],
							"pivot": [0, -0.04176, -0.9375],
							"rotation": [22.5, 0, 0],
							"uv": {
								"north": {"uv": [2, 12], "uv_size": [0.5, 0.5]},
								"east": {"uv": [4, 12], "uv_size": [0.5, 0.5]},
								"south": {"uv": [6, 12], "uv_size": [0.5, 0.5]},
								"west": {"uv": [12, 6], "uv_size": [0.5, 0.5]},
								"up": {"uv": [8, 12], "uv_size": [0.5, 0.5]},
								"down": {"uv": [12, 8.5], "uv_size": [0.5, -0.5]}
							}
						},
						{
							"origin": [-0.18052, -0.22457, -0.98014],
							"size": [0.12187, 0.36563, 0.24375],
							"pivot": [0, -0.04176, -0.9375],
							"rotation": [0, 22.5, 0],
							"uv": {
								"north": {"uv": [15, 0], "uv_size": [0.5, 0.5]},
								"east": {"uv": [15, 2], "uv_size": [0.5, 0.5]},
								"south": {"uv": [15, 4], "uv_size": [0.5, 0.5]},
								"west": {"uv": [0, 16], "uv_size": [0.5, 0.5]},
								"up": {"uv": [2, 16], "uv_size": [0.5, 0.5]},
								"down": {"uv": [4, 16.5], "uv_size": [0.5, -0.5]}
							}
						},
						{
							"origin": [0.05865, -0.22457, -0.98014],
							"size": [0.12187, 0.36563, 0.24375],
							"pivot": [0, -0.04176, -0.9375],
							"rotation": [0, -22.5, 0],
							"uv": {
								"north": {"uv": [6, 16], "uv_size": [0.5, 0.5]},
								"east": {"uv": [16, 6], "uv_size": [0.5, 0.5]},
								"south": {"uv": [8, 16], "uv_size": [0.5, 0.5]},
								"west": {"uv": [16, 8], "uv_size": [0.5, 0.5]},
								"up": {"uv": [10, 16], "uv_size": [0.5, 0.5]},
								"down": {"uv": [16, 10.5], "uv_size": [0.5, -0.5]}
							}
						},
						{
							"origin": [-0.30625, -0.34801, 1.10344],
							"size": [0.6125, 0.6125, 0.0914],
							"uv": {
								"north": {"uv": [12, 16], "uv_size": [0.5, 0.5]},
								"east": {"uv": [16, 12], "uv_size": [0.5, 0.5]},
								"south": {"uv": [14, 16], "uv_size": [0.5, 0.5]},
								"west": {"uv": [16, 14], "uv_size": [0.5, 0.5]},
								"up": {"uv": [16, 16], "uv_size": [0.5, 0.5]},
								"down": {"uv": [17, 0.5], "uv_size": [0.5, -0.5]}
							}
						}
					]
				}
			]
		}
	]
}