{
	"format_version": "1.8.0",
	"animations": {
		"static_idle": {
			"loop": true,
			"animation_length": 0.1,
			"bones": {
				"root": {
					"rotation": [0, 0, 0],
					"position": [0, 0, 0]
				},
				"lefthand": {
					"rotation": [111.33, -370.95, -185.06],
					"position": [7.965, -17.135, 1.895],
					"scale": [1, 1.5, 1]
				},
				"righthand": {
					"rotation": [94.93393, 4.57237, -174.60633],
					"position": [-7.09303, -16.02913, 4.50219],
					"scale": [1, 1.5, 1]
				},
				"constraint": {
					"rotation": [0.2, 0.2, 0.2],
					"position": [0.2, 0.1, 0.3]
				}
			}
		},
		"static_bolt_caught": {
			"animation_length": 0.1,
			"bones": {
				"bullet": {
					"scale": 0
				},
				"bullet_in_mag": {
					"scale": 0
				},
				"release": {
					"rotation": [8.5, 0, 0]
				},
				"slide": {
					"position": [0, 0, 2.1]
				},
				"group2": {
					"rotation": [-1.25, 0, 0],
					"position": [0, 0.025, 0.225]
				}
			}
		},
		"draw": {
			"loop": "hold_on_last_frame",
			"animation_length": 0.8,
			"bones": {
				"root": {
					"rotation": {
						"0.0": [33.65181, -23.03568, 30.44729],
						"0.1": {
							"pre": [-2.49658, -0.1308, -2.99715],
							"post": [-2.49658, -0.1308, -2.99715],
							"lerp_mode": "catmullrom"
						},
						"0.2": {
							"post": [-32, -6.92, 4.885],
							"lerp_mode": "catmullrom"
						},
						"0.4": {
							"post": [-32, -6.92, 4.885],
							"lerp_mode": "catmullrom"
						},
						"0.4667": {
							"post": [-15.61, -0.18, 4.21],
							"lerp_mode": "catmullrom"
						},
						"0.5333": {
							"post": [2.47864, -0.32621, 7.49294],
							"lerp_mode": "catmullrom"
						},
						"0.6": {
							"post": [1.075, 0, 0],
							"lerp_mode": "catmullrom"
						},
						"0.6667": {
							"post": [-0.55, -0.66, 0],
							"lerp_mode": "catmullrom"
						},
						"0.7667": {
							"post": [0, 0, 0],
							"lerp_mode": "catmullrom"
						}
					},
					"position": {
						"0.0": [4, -12, 0],
						"0.1333": {
							"pre": [-0.545, -1, 0],
							"post": [-0.545, -1, 0],
							"lerp_mode": "catmullrom"
						},
						"0.2333": {
							"post": [0, -1, 2.375],
							"lerp_mode": "catmullrom"
						},
						"0.4333": {
							"post": [0, -1, 2.375],
							"lerp_mode": "catmullrom"
						},
						"0.5": {
							"post": [0, -1, 2.375],
							"lerp_mode": "catmullrom"
						},
						"0.5667": {
							"post": [0, -1, -0.185],
							"lerp_mode": "catmullrom"
						},
						"0.6667": {
							"post": [0, 0, 0],
							"lerp_mode": "catmullrom"
						}
					}
				},
				"lefthand": {
					"rotation": {
						"0.0": [88.83, -370.95, -185.06],
						"0.4333": [88.83, -370.95, -185.06],
						"0.6": [111.33, -370.95, -185.06]
					},
					"position": {
						"0.0": [16.97, -17.14, 1.9],
						"0.4333": [16.97, -54.14, 1.9],
						"0.6": [7.965, -17.135, 1.895]
					},
					"scale": [1, 1.5, 1]
				},
				"righthand": {
					"rotation": {
						"0.1333": [94.93393, 4.57237, -174.60633],
						"0.2667": [154.93, 4.57, -174.61],
						"0.4": [154.93, 4.57, -174.61],
						"0.4667": [94.93393, 4.57237, -174.60633]
					},
					"position": {
						"0.1333": [-7.09303, -16.02913, 4.50219],
						"0.2667": [-7.68, -13.7, 4.5],
						"0.4": [-7.68, -13.7, 4.5],
						"0.4667": [-7.09303, -16.02913, 4.50219]
					},
					"scale": [1, 1.5, 1]
				},
				"constraint": {
					"rotation": [0.2, 0.2, 0.2],
					"position": [0.2, 0.1, 0.3]
				},
				"slide": {
					"position": {
						"0.1667": [0, 0, 0],
						"0.2667": [0, 0, 1],
						"0.4": [0, 0, 1],
						"0.4333": [0, 0, 0]
					}
				},
				"bullet_in_barrel": {
					"position": {
						"0.1667": [0, 0, 0],
						"0.2667": [0, 0, 1],
						"0.4": [0, 0, 1],
						"0.4333": [0, 0, 0]
					}
				},
				"camera": {
					"rotation": {
						"0.0": {
							"post": [0, 0, 0],
							"lerp_mode": "catmullrom"
						},
						"0.2": {
							"post": [0.175, 0.2, 0.35],
							"lerp_mode": "catmullrom"
						},
						"0.3": {
							"post": [0.8, 0.3, 0.7],
							"lerp_mode": "catmullrom"
						},
						"0.4": {
							"post": [0.245, 0.305, 0.44],
							"lerp_mode": "catmullrom"
						},
						"0.5": {
							"post": [0.1, 0.2, 0],
							"lerp_mode": "catmullrom"
						},
						"0.6333": {
							"post": [0.03, -0.09, -0.02],
							"lerp_mode": "catmullrom"
						},
						"0.7333": {
							"post": [0, 0, 0],
							"lerp_mode": "catmullrom"
						}
					}
				},
				"grip_safety": {
					"rotation": {
						"0.5": [2.5, 0, 0],
						"0.5333": [0, 0, 0]
					}
				}
			},
			"sound_effects": {
				"0.1333": {
					"effect": "tacz:cz75/cz75_inspect_slidepull"
				},
				"0.2": {
					"effect": "tacz:cz75/cz75_inspect_sliderelease"
				},
				"0.2667": {
					"effect": "tacz:cz75/cz75_raise"
				}
			}
		},
		"put_away": {
			"loop": "hold_on_last_frame",
			"animation_length": 0.6,
			"bones": {
				"root": {
					"rotation": {
						"0.0": [0, 0, 0],
						"0.0667": {
							"pre": [5, 0, 8],
							"post": [5, 0, 8],
							"lerp_mode": "catmullrom"
						},
						"0.1333": {
							"post": [11, 0, 6.4],
							"lerp_mode": "catmullrom"
						},
						"0.1667": [11, 0, 6.4],
						"0.2": {
							"pre": [15.035, 0, 5.49],
							"post": [15.035, 0, 5.49],
							"lerp_mode": "catmullrom"
						},
						"0.2667": {
							"post": [12.1, 0, 5.49],
							"lerp_mode": "catmullrom"
						},
						"0.3333": {
							"post": [7.865, 0, 5.49],
							"lerp_mode": "catmullrom"
						},
						"0.3667": {
							"post": [6.11, -7.35, 8.67],
							"lerp_mode": "catmullrom"
						},
						"0.4333": {
							"post": [16.24, -19.23, 6.01],
							"lerp_mode": "catmullrom"
						},
						"0.5667": {
							"post": [27.05, -28.35, 10.87],
							"lerp_mode": "catmullrom"
						}
					},
					"position": {
						"0.0": [0, 0, 0],
						"0.0667": {
							"pre": [-0.37, -0.45, 0.925],
							"post": [-0.37, -0.45, 0.925],
							"lerp_mode": "catmullrom"
						},
						"0.1333": {
							"post": [-0.3, -0.085, 1.58],
							"lerp_mode": "catmullrom"
						},
						"0.1667": [-0.3, -0.085, 1.58],
						"0.2": {
							"pre": [-0.24, 0.185, 1.58],
							"post": [-0.24, 0.185, 1.58],
							"lerp_mode": "catmullrom"
						},
						"0.2667": {
							"post": [-0.24, 0.185, 1.58],
							"lerp_mode": "catmullrom"
						},
						"0.3333": {
							"post": [-0.24, 0.185, 1.58],
							"lerp_mode": "catmullrom"
						},
						"0.3667": [-0.97, -1.02, 1.62],
						"0.4": [-1.59, -2.04, 1.43],
						"0.4333": [-2.32, -3.11, 1.58],
						"0.4667": [-3.27, -4.28, 1.395],
						"0.5333": [-4.33, -5.49, 2.05],
						"0.5667": [-5.08, -6.34, 2.92]
					}
				},
				"lefthand": {
					"rotation": {
						"0.1333": [111.33, -370.95, -185.06],
						"0.2333": [139.7807, -372.81454, -249.86352]
					},
					"position": {
						"0.1333": [7.965, -17.135, 1.895],
						"0.2": [9.35, -16.8975, 6.65625],
						"0.2667": [12.0275, -18.235, 6.65625]
					},
					"scale": [1, 1.5, 1]
				},
				"righthand": {
					"rotation": {
						"0.0": [94.93393, 4.57237, -174.60633],
						"0.1": [106.93, 4.57, -174.61],
						"0.1667": [106.93, 4.57, -174.61],
						"0.2": [116.93, 4.57, -174.61],
						"0.3333": [116.93, 4.57, -174.61],
						"0.5": [94.93393, 4.57237, -174.60633]
					},
					"position": {
						"0.0": [-7.09303, -16.02913, 4.50219],
						"0.1": [-7.09, -15.655, 4.005],
						"0.1667": [-7.09, -15.655, 4.005],
						"0.2": [-7.09, -15.235, 4.93],
						"0.3333": [-7.09, -15.235, 4.93],
						"0.5": [-7.09303, -16.02913, 4.50219]
					},
					"scale": [1, 1.5, 1]
				},
				"constraint": {
					"rotation": [0.2, 0.2, 0.2],
					"position": [0.2, 0.1, 0.3]
				},
				"group14": {
					"rotation": {
						"0.1667": [0, 0, 0],
						"0.2": [-15, 0, 0]
					}
				},
				"group15": {
					"rotation": {
						"0.1667": [0, 0, 0],
						"0.2": [-15, 0, 0]
					}
				},
				"camera": {
					"rotation": {
						"0.0": {
							"post": [0, 0, 0],
							"lerp_mode": "catmullrom"
						},
						"0.1": {
							"post": [0, 0, 0.135],
							"lerp_mode": "catmullrom"
						},
						"0.1667": {
							"post": [0, 0, 0.12],
							"lerp_mode": "catmullrom"
						},
						"0.2": {
							"post": [0, 0, -0.54],
							"lerp_mode": "catmullrom"
						},
						"0.3333": {
							"post": [0, 0, -0.76],
							"lerp_mode": "catmullrom"
						},
						"0.5": {
							"post": [0, 0, -0.58],
							"lerp_mode": "catmullrom"
						},
						"0.6333": {
							"post": [0, 0, 0],
							"lerp_mode": "catmullrom"
						}
					}
				}
			},
			"sound_effects": {
				"0.1": {
					"effect": "tacz:fire_select"
				},
				"0.3333": {
					"effect": "tacz:cz75/cz75_drop"
				}
			}
		},
		"reload_tactical": {
			"animation_length": 1.8,
			"bones": {
				"root": {
					"rotation": {
						"0.0": {
							"post": [0, 0, 0],
							"lerp_mode": "catmullrom"
						},
						"0.15": {
							"post": [-8.03737, -25.72712, -31.65295],
							"lerp_mode": "catmullrom"
						},
						"0.25": {
							"post": [13.20751, -53.68432, -63.98839],
							"lerp_mode": "catmullrom"
						},
						"0.5": {
							"post": [7.82117, -57.2805, -58.86624],
							"lerp_mode": "catmullrom"
						},
						"0.55": {
							"post": [19.03911, -55.52649, -73.03549],
							"lerp_mode": "catmullrom"
						},
						"0.6": {
							"post": [7.7833, -57.17128, -59.84555],
							"lerp_mode": "catmullrom"
						},
						"0.7": {
							"post": [17.40009, -55.90502, -69.65209],
							"lerp_mode": "catmullrom"
						},
						"0.85": {
							"post": [15.34264, -55.97922, -68.99746],
							"lerp_mode": "catmullrom"
						},
						"0.9": {
							"post": [12.54002, -56.75856, -63.62526],
							"lerp_mode": "catmullrom"
						},
						"0.95": {
							"post": [14.01599, -56.23738, -67.24709],
							"lerp_mode": "catmullrom"
						},
						"1.0": {
							"post": [15.01289, -53.11672, -82.00057],
							"lerp_mode": "catmullrom"
						},
						"1.1": {
							"post": [12.09293, -52.89965, -68.83377],
							"lerp_mode": "catmullrom"
						},
						"1.2": {
							"post": [-16.1662, -36.08094, -21.29335],
							"lerp_mode": "catmullrom"
						},
						"1.3": {
							"post": [-6.31156, -7.48462, 4.00335],
							"lerp_mode": "catmullrom"
						},
						"1.4": {
							"post": [0, -5.75, 5],
							"lerp_mode": "catmullrom"
						},
						"1.45": {
							"post": [0.4553, -1.82592, 1.78877],
							"lerp_mode": "catmullrom"
						},
						"1.5": {
							"post": [0, 0, -0.5],
							"lerp_mode": "catmullrom"
						},
						"1.6": {
							"post": [0, -0.75, 0],
							"lerp_mode": "catmullrom"
						},
						"1.8": {
							"post": [0, 0, 0],
							"lerp_mode": "catmullrom"
						}
					},
					"position": {
						"0.0": {
							"post": [0, 0, 0],
							"lerp_mode": "catmullrom"
						},
						"0.1": {
							"post": [-1.4, -0.155, 0.2925],
							"lerp_mode": "catmullrom"
						},
						"0.25": {
							"post": [-3.74179, 1.67539, 0.95352],
							"lerp_mode": "catmullrom"
						},
						"0.35": {
							"post": [-3.90383, 1.51844, 0.95352],
							"lerp_mode": "catmullrom"
						},
						"0.5": {
							"post": [-3.7189, 1.31094, 0.95352],
							"lerp_mode": "catmullrom"
						},
						"0.55": {
							"post": [-4.0189, 2.03679, 0.9525],
							"lerp_mode": "catmullrom"
						},
						"0.6": {
							"post": [-4.19094, 2.3218, 0.9525],
							"lerp_mode": "catmullrom"
						},
						"0.7": {
							"post": [-4.29, 2.16, 0.9525],
							"lerp_mode": "catmullrom"
						},
						"0.85": {
							"post": [-4.25485, 1.76938, 0.95352],
							"lerp_mode": "catmullrom"
						},
						"0.95": {
							"post": [-4.10015, 1.40625, 0.95352],
							"lerp_mode": "catmullrom"
						},
						"1.0": {
							"post": [-3.54914, 0.1468, 0.95352],
							"lerp_mode": "catmullrom"
						},
						"1.1": {
							"post": [-4.02695, 0.64993, 0.89852],
							"lerp_mode": "catmullrom"
						},
						"1.2": {
							"post": [-3.03211, 0.06852, 0.61852],
							"lerp_mode": "catmullrom"
						},
						"1.3": {
							"post": [-1.10516, 0.57657, 0.63],
							"lerp_mode": "catmullrom"
						},
						"1.45": {
							"post": [-0.20703, -0.62891, 0],
							"lerp_mode": "catmullrom"
						},
						"1.55": {
							"post": [0.05, -0.17203, 0],
							"lerp_mode": "catmullrom"
						},
						"1.65": {
							"post": [-0.01, -0.07031, 0],
							"lerp_mode": "catmullrom"
						},
						"1.8": {
							"post": [0, 0, 0],
							"lerp_mode": "catmullrom"
						}
					}
				},
				"mag_and_lefthand": {
					"rotation": {
						"0.0": {
							"post": [0, 0, 0],
							"lerp_mode": "catmullrom"
						},
						"0.1": [0, 0, 0],
						"0.25": [-1.32944, 25.76835, -22.66579],
						"0.4": [58.73235, -7.52076, -18.58597],
						"0.5": [48.73235, -7.52076, -18.58597],
						"0.85": {
							"pre": [0, 0, 0],
							"post": [0, 0, 0],
							"lerp_mode": "catmullrom"
						},
						"1.0": {
							"post": [0, 0, 0],
							"lerp_mode": "catmullrom"
						}
					},
					"position": {
						"0.0": {
							"post": [0, 0, 0],
							"lerp_mode": "catmullrom"
						},
						"0.1": [2.5625, -11.2, 7],
						"0.25": [-1.235, -12.5025, -0.1025],
						"0.4": [-1.0625, -2.0175, -0.9425],
						"0.5": [-1.0625, -2.755, -0.9425],
						"0.6": {
							"pre": [-0.825, -6.5375, 2.185],
							"post": [-0.825, -6.5375, 2.185],
							"lerp_mode": "catmullrom"
						},
						"0.7": {
							"post": [-0.59, -7.31, 2.08],
							"lerp_mode": "catmullrom"
						},
						"0.9": [0, -5.6125, 2.0875],
						"0.95": [0, -5.6125, 2.0875],
						"1.0": {
							"pre": [0, 0, 0],
							"post": [0, 0, 0],
							"lerp_mode": "catmullrom"
						}
					}
				},
				"lefthand": {
					"rotation": {
						"0.0": [111.33, -370.95, -185.06],
						"0.4": [166.14354, -372.49362, -179.98609],
						"0.95": [166.14, -372.49, -179.99],
						"1.0": [118.15599, -359.86795, -170.92197],
						"1.1": [118.15599, -359.86795, -170.92197],
						"1.2": [151.74095, -347.25432, -189.11062],
						"1.3": [151.74095, -347.25432, -189.11062],
						"1.5": [111.33, -370.95, -185.06]
					},
					"position": {
						"0.0": [7.965, -17.135, 1.895],
						"0.4": [7.5934, -18.55933, 6.24745],
						"0.95": [7.59, -18.56, 6.25],
						"1.0": [7.59, -19.66, 5.8],
						"1.1": [7.59, -19.66, 5.8],
						"1.2": {
							"pre": [9.94703, -24.33504, 6.27251],
							"post": [9.94703, -24.33504, 6.27251],
							"lerp_mode": "catmullrom"
						},
						"1.3": {
							"post": [14.29064, -25.02656, 10.75775],
							"lerp_mode": "catmullrom"
						},
						"1.5": [7.965, -17.135, 1.895]
					},
					"scale": [1, 1.5, 1]
				},
				"mag_and_bullet": {
					"scale": {
						"0.0": [0, 0, 0],
						"0.1": {
							"pre": [0, 0, 0],
							"post": [1, 1, 1]
						}
					}
				},
				"righthand": {
					"rotation": {
						"0.0": [94.93393, 4.57237, -174.60633],
						"0.05": [94.93393, 4.57237, -174.60633],
						"0.2": [94.93, 4.57, -174.61],
						"1.15": [94.93, 4.57, -174.61],
						"1.2": [107.43393, 4.57237, -174.60633],
						"1.35": [94.93393, 4.57237, -174.60633]
					},
					"position": {
						"0.0": [-7.09303, -16.02913, 4.50219],
						"0.05": [-7.09303, -16.02913, 4.50219],
						"0.2": [-8.35, -16.1, 4.4],
						"1.15": [-8.35, -16.1, 4.4],
						"1.3": [-7.09303, -16.02913, 4.50219]
					},
					"scale": [1, 1.5, 1]
				},
				"additional_magazine": {
					"rotation": {
						"0.0": [0, 0, 0],
						"0.5": [0, 0, 0],
						"0.6": [0, 0, 0],
						"0.65": [-3.97759, -0.12291, -1.74566],
						"0.8": {
							"pre": [-39.91072, 0.47979, 6.98362],
							"post": [-39.91072, 0.47979, 6.98362],
							"lerp_mode": "catmullrom"
						},
						"0.9": [-39.91072, 0.47979, 6.98362],
						"0.95": [-34.91072, 0.47979, 6.98362],
						"1.0": {
							"pre": [26.14036, -5.36809, 12.94898],
							"post": [26.14036, -5.36809, 12.94898],
							"lerp_mode": "catmullrom"
						},
						"1.1": {
							"post": [28.64036, -5.36809, 12.94898],
							"lerp_mode": "catmullrom"
						},
						"1.2": {
							"post": [-6.74085, 0.20125, -11.26508],
							"lerp_mode": "catmullrom"
						},
						"1.3": {
							"post": [-35.27, -15.39, -64.68],
							"lerp_mode": "catmullrom"
						}
					},
					"position": {
						"0.0": [0, 0, 0],
						"0.5": [0, 0, 0],
						"0.6": {
							"pre": [0, -5.1875, 1.9375],
							"post": [0, -5.1875, 1.9375],
							"lerp_mode": "catmullrom"
						},
						"0.7": {
							"post": [0.24, -6.175, 1.835],
							"lerp_mode": "catmullrom"
						},
						"0.75": {
							"post": [0.36, -6.26, 1.78],
							"lerp_mode": "catmullrom"
						},
						"0.9": [0.8125, -4.58, 1.58],
						"0.95": [0.8125, -4.58, 1.58],
						"1.0": {
							"pre": [1.1625, -0.3875, -1.4775],
							"post": [1.1625, -0.3875, -1.4775],
							"lerp_mode": "catmullrom"
						},
						"1.1": {
							"post": [1.1625, -0.3875, -1.4775],
							"lerp_mode": "catmullrom"
						},
						"1.2": {
							"post": [3.78582, -5.24074, -0.09788],
							"lerp_mode": "catmullrom"
						},
						"1.3": {
							"post": [7.58505, -6.29937, 2.27562],
							"lerp_mode": "catmullrom"
						},
						"1.5": {
							"post": [7.53677, -12.39977, 2.28],
							"lerp_mode": "catmullrom"
						}
					},
					"scale": {
						"1.3": [1, 1, 1],
						"1.35": [0, 0, 0]
					}
				},
				"camera": {
					"rotation": {
						"0.0": {
							"post": [0, 0, 0],
							"lerp_mode": "catmullrom"
						},
						"0.1": {
							"post": [0.39, 0.025, -0.05],
							"lerp_mode": "catmullrom"
						},
						"0.25": {
							"post": [1.725, 0.225, -0.25],
							"lerp_mode": "catmullrom"
						},
						"0.5": {
							"post": [2.2, 0.325, -0.375],
							"lerp_mode": "catmullrom"
						},
						"0.55": {
							"post": [2.535, 0.325, 0.275],
							"lerp_mode": "catmullrom"
						},
						"0.65": {
							"post": [2.215, 0.325, -0.625],
							"lerp_mode": "catmullrom"
						},
						"0.8": {
							"post": [2.34, 0.325, -0.275],
							"lerp_mode": "catmullrom"
						},
						"0.95": {
							"post": [2.13, 0.325, -0.375],
							"lerp_mode": "catmullrom"
						},
						"1.0": {
							"post": [2.47, 0.325, 0.325],
							"lerp_mode": "catmullrom"
						},
						"1.1": {
							"post": [1.915, 0.325, -0.725],
							"lerp_mode": "catmullrom"
						},
						"1.25": {
							"post": [1.9, 0.225, 0.1],
							"lerp_mode": "catmullrom"
						},
						"1.45": {
							"post": [0.025, 0.025, -0.025],
							"lerp_mode": "catmullrom"
						},
						"1.5": {
							"post": [0.125, 0, 0.25],
							"lerp_mode": "catmullrom"
						},
						"1.6": {
							"post": [-0.065, 0, -0.15],
							"lerp_mode": "catmullrom"
						},
						"1.75": {
							"post": [0, 0, 0],
							"lerp_mode": "catmullrom"
						}
					}
				}
			},
			"sound_effects": {
				"0.0": {
					"effect": "tacz:cz75/cz75_reload_raise"
				},
				"0.5": {
					"effect": "tacz:cz75/cz75_reload_magout"
				},
				"0.85": {
					"effect": "tacz:cz75/cz75_reload_maghit"
				},
				"0.95": {
					"effect": "tacz:cz75/cz75_reload_magin"
				},
				"1.3": {
					"effect": "tacz:cz75/cz75_reload_fast_end"
				}
			}
		},
		"reload_empty": {
			"animation_length": 2.45,
			"bones": {
				"root": {
					"rotation": {
						"0.05": {
							"pre": [0, 0, 0],
							"post": [0, 0, 0],
							"lerp_mode": "catmullrom"
						},
						"0.15": {
							"post": [-15.60573, -7.03259, -12.03511],
							"lerp_mode": "catmullrom"
						},
						"0.25": {
							"post": [-15.38499, -24.82076, -22.36448],
							"lerp_mode": "catmullrom"
						},
						"0.35": {
							"post": [-10.0594, 10.18046, 64.98975],
							"lerp_mode": "catmullrom"
						},
						"0.45": {
							"post": [-9.38, 7.42, 34.6],
							"lerp_mode": "catmullrom"
						},
						"0.55": {
							"post": [-16.73413, -12.26158, -1.5781],
							"lerp_mode": "catmullrom"
						},
						"0.65": {
							"post": [2.19001, -40.57076, -42.73948],
							"lerp_mode": "catmullrom"
						},
						"0.75": {
							"post": [14.72241, -47.77132, -66.96083],
							"lerp_mode": "catmullrom"
						},
						"0.9": {
							"post": [16.64024, -46.72297, -70.4224],
							"lerp_mode": "catmullrom"
						},
						"1.05": {
							"post": [17.80337, -48.35651, -71.05052],
							"lerp_mode": "catmullrom"
						},
						"1.1": {
							"post": [19.02, -47.77, -71.04],
							"lerp_mode": "catmullrom"
						},
						"1.2": {
							"post": [20.72899, -49.5715, -72.36726],
							"lerp_mode": "catmullrom"
						},
						"1.3": {
							"post": [18.2902, -48.60612, -71.69572],
							"lerp_mode": "catmullrom"
						},
						"1.35": {
							"post": [8.07245, -45.80993, -72.4835],
							"lerp_mode": "catmullrom"
						},
						"1.4": {
							"post": [4.95468, -43.00069, -67.58289],
							"lerp_mode": "catmullrom"
						},
						"1.45": {
							"post": [3.79874, -37.82225, -62.57145],
							"lerp_mode": "catmullrom"
						},
						"1.55": {
							"post": [-20.30663, -19.35093, -19.01834],
							"lerp_mode": "catmullrom"
						},
						"1.65": {
							"post": [-23.79061, 1.559, 26.81866],
							"lerp_mode": "catmullrom"
						},
						"1.7": {
							"post": [-19.64, 4.285, 27.69],
							"lerp_mode": "catmullrom"
						},
						"1.75": {
							"post": [-14.98673, 5.76985, 33.66278],
							"lerp_mode": "catmullrom"
						},
						"1.8": {
							"post": [-16.73596, 1.37502, 23.77253],
							"lerp_mode": "catmullrom"
						},
						"1.9": {
							"post": [-17.4492, -0.1534, 25.89031],
							"lerp_mode": "catmullrom"
						},
						"2.0": {
							"post": [-12.5699, -3.58259, 16.78456],
							"lerp_mode": "catmullrom"
						},
						"2.05": {
							"post": [-10.79411, -2.95066, 10.65739],
							"lerp_mode": "catmullrom"
						},
						"2.2": {
							"post": [0, -1.25, 1.25],
							"lerp_mode": "catmullrom"
						},
						"2.3": {
							"post": [0, 0.25, 0],
							"lerp_mode": "catmullrom"
						},
						"2.4": {
							"post": [0, 0, 0],
							"lerp_mode": "catmullrom"
						}
					},
					"position": {
						"0.0": {
							"post": [0, 0, 0],
							"lerp_mode": "catmullrom"
						},
						"0.05": {
							"post": [0.03633, 0.69453, 0.25],
							"lerp_mode": "catmullrom"
						},
						"0.15": {
							"post": [0.34727, 1.84688, 0.5],
							"lerp_mode": "catmullrom"
						},
						"0.25": {
							"post": [0.34727, 2.17188, 0.825],
							"lerp_mode": "catmullrom"
						},
						"0.35": {
							"post": [-3.48023, 0.59461, 0.5],
							"lerp_mode": "catmullrom"
						},
						"0.45": {
							"post": [-4.27976, -0.0875, 0.5],
							"lerp_mode": "catmullrom"
						},
						"0.55": {
							"post": [-3.95437, 1.15453, 0.5],
							"lerp_mode": "catmullrom"
						},
						"0.65": {
							"post": [-3.41796, 1.95938, 0.825],
							"lerp_mode": "catmullrom"
						},
						"0.75": {
							"post": [-3.33976, 1.90125, 0.8],
							"lerp_mode": "catmullrom"
						},
						"0.85": {
							"post": [-3.00969, 2.36602, 0.755],
							"lerp_mode": "catmullrom"
						},
						"0.95": {
							"post": [-2.80195, 2.22039, 0.7],
							"lerp_mode": "catmullrom"
						},
						"1.05": {
							"post": [-2.75695, 1.97118, 0.65],
							"lerp_mode": "catmullrom"
						},
						"1.1": {
							"post": [-2.8725, 1.9225, 0.645],
							"lerp_mode": "catmullrom"
						},
						"1.2": {
							"post": [-2.95984, 1.79938, 0.65],
							"lerp_mode": "catmullrom"
						},
						"1.3": {
							"post": [-3.12258, 1.80633, 0.65],
							"lerp_mode": "catmullrom"
						},
						"1.35": {
							"post": [-2.68328, 1.21516, 0.65],
							"lerp_mode": "catmullrom"
						},
						"1.45": {
							"post": [-2.2225, 1.0075, 0.65],
							"lerp_mode": "catmullrom"
						},
						"1.5": {
							"post": [-2.0625, 0.8225, 0.655],
							"lerp_mode": "catmullrom"
						},
						"1.6": {
							"post": [-2.365, 0.385, 0.66],
							"lerp_mode": "catmullrom"
						},
						"1.7": {
							"post": [-1.91, 0.94922, 0.65],
							"lerp_mode": "catmullrom"
						},
						"1.75": {
							"post": [-1.7975, 0.2875, 0.325],
							"lerp_mode": "catmullrom"
						},
						"1.85": {
							"post": [-1.54586, 0.56336, 0.5],
							"lerp_mode": "catmullrom"
						},
						"1.95": {
							"post": [-1.19789, 0.24695, 0.4],
							"lerp_mode": "catmullrom"
						},
						"2.05": {
							"post": [-0.68265, -0.73992, 0.2],
							"lerp_mode": "catmullrom"
						},
						"2.1": {
							"post": [-0.24, -0.93718, 0.065],
							"lerp_mode": "catmullrom"
						},
						"2.15": {
							"post": [0.07032, -0.55351, 0],
							"lerp_mode": "catmullrom"
						},
						"2.25": {
							"post": [0.04102, -0.01758, 0],
							"lerp_mode": "catmullrom"
						},
						"2.4": {
							"post": [0, 0, 0],
							"lerp_mode": "catmullrom"
						}
					}
				},
				"mag_and_lefthand": {
					"rotation": {
						"0.0": [0, 0, 0],
						"0.2": [-6.49481, -2.61664, -21.85151],
						"0.85": [-6.49481, -2.61664, -21.85151],
						"0.95": [-6.49481, -2.61664, -21.85151],
						"1.05": [-14.33194, 0.16217, 0.98676],
						"1.15": [-6, 0, 0],
						"1.3": [0, 0, 0]
					},
					"position": {
						"0.0": [0, 0, 0],
						"0.05": [3.365, -1.73, 2.75],
						"0.2": [8.96978, -11.18429, 8.24203],
						"0.75": [-0.63133, -12.7074, 3.67214],
						"0.85": [0.31278, -11.71713, 2.7782],
						"0.95": [1.32812, -9.69755, 2.24103],
						"1.05": [0.8575, -6.0975, 0.9275],
						"1.15": [0, -5.66, 1.2225],
						"1.3": [0, -5.3375, 1.9875],
						"1.35": [0, 0, 0]
					}
				},
				"lefthand": {
					"rotation": {
						"0.0": [111.33, -370.95, -185.06],
						"0.15": [67.86205, -414.70482, -76.67017],
						"0.25": [67.86, -414.7, -76.67],
						"0.3": [69.4, -407.66, -79.26],
						"0.4": [72.49, -393.57, -84.44],
						"0.55": [77.11584, -372.43364, -92.21956],
						"0.75": [67.86205, -414.70482, -76.67017],
						"0.85": [67.86, -414.7, -76.67],
						"1.0": [67.86205, -414.70482, -76.67017],
						"1.2": [67.86, -414.7, -76.67],
						"1.35": [67.86205, -414.70482, -76.67017],
						"1.45": [67.86205, -414.70482, -76.67017],
						"1.65": [111.48428, -372.81244, -185.80604],
						"1.7": [111.33068, -370.9504, -185.06009],
						"1.95": [111.33068, -370.9504, -185.06009],
						"2.1": [111.33, -370.95, -185.06]
					},
					"position": {
						"0.0": [7.965, -17.135, 1.895],
						"0.15": [6.62774, -18.7375, 2.375],
						"0.25": [4.06638, -21.25931, 4.45447],
						"0.35": [29.01634, -5.35031, 5.86158],
						"0.55": [16.29752, -16.05015, 7.45193],
						"0.75": [6.62774, -19.8125, 5.65],
						"1.0": [6.62774, -19.8125, 5.65],
						"1.35": [6.62774, -19.8125, 5.65],
						"1.45": [6.62774, -19.8125, 5.65],
						"1.55": [8.3825, -18.22, 3.875],
						"1.65": [8.75, -16.8625, 0.80625],
						"1.7": [8.3875, -16.8625, 1.84375],
						"1.95": [8.3875, -16.8625, 1.84375],
						"2.1": [7.965, -17.135, 1.895]
					},
					"scale": [1, 1.5, 1]
				},
				"mag_and_bullet": {
					"scale": {
						"0.0": [0, 0, 0],
						"0.7": [0, 0, 0],
						"0.75": [1, 1, 1]
					}
				},
				"righthand": {
					"rotation": {
						"0.0": [94.93393, 4.57237, -174.60633],
						"0.05": [94.93393, 4.57237, -174.60633],
						"0.45": [94.93, 4.57, -174.61],
						"1.5": [94.93, 4.57, -174.61],
						"1.55": [102.88943, 3.45429, -168.16302],
						"1.6": [109.48364, 6.257, -179.33808],
						"1.7": [109.48364, 6.257, -179.33808],
						"1.75": [110.31689, 2.15903, -168.02645],
						"1.85": [94.93393, 4.57237, -174.60633]
					},
					"position": {
						"0.0": [-7.09303, -16.02913, 4.50219],
						"0.05": [-7.09303, -16.02913, 4.50219],
						"0.45": [-6.725, -16.1, 4.45],
						"0.55": [-8.4625, -16.1, 4.45],
						"1.5": [-8.4625, -16.1, 4.45],
						"1.6": [-6.725, -15.125, 4.45],
						"1.7": [-6.725, -15.125, 4.45],
						"1.75": [-6.975, -15.2875, 4.575],
						"1.85": [-7.09303, -16.02913, 4.50219]
					},
					"scale": [1, 1.5, 1]
				},
				"release": {
					"rotation": {
						"0.0": [8.5, 0, 0],
						"1.7": [8.5, 0, 0],
						"1.75": [0, 0, 0]
					}
				},
				"slide": {
					"position": {
						"0.0": [0, 0, 2.1],
						"1.7": [0, 0, 2.1],
						"1.75": [0, 0, 0]
					}
				},
				"additional_magazine": {
					"rotation": {
						"0.0": [0, 0, 0],
						"0.3": [0, 0, 0],
						"0.35": [-7, 0, 0]
					},
					"position": {
						"0.0": [0, 0, 0],
						"0.3": [0, 0, 0],
						"0.35": [0, -5.8975, 1.5225],
						"0.4": [0.78074, -11.82237, 3.07285],
						"0.45": [-0.74116, -20.22284, 4.03813]
					},
					"scale": {
						"0.45": [1, 1, 1],
						"0.5": [0, 0, 0]
					}
				},
				"group2": {
					"rotation": {
						"0.0": [-1.25, 0, 0],
						"1.7": [-1.25, 0, 0],
						"1.75": [0, 0, 0]
					},
					"position": {
						"0.0": [0, 0.025, 0.225],
						"1.7": [0, 0.025, 0.225],
						"1.75": [0, 0, 0]
					}
				},
				"camera": {
					"rotation": {
						"0.0": {
							"post": [0, 0, 0],
							"lerp_mode": "catmullrom"
						},
						"0.15": {
							"post": [-0.25688, -0.09844, 0.08703],
							"lerp_mode": "catmullrom"
						},
						"0.25": {
							"post": [-0.375, -0.2, -0.8],
							"lerp_mode": "catmullrom"
						},
						"0.4": {
							"post": [2.725, 0.8, 0.95],
							"lerp_mode": "catmullrom"
						},
						"0.5": {
							"post": [2.42, 0.89, -0.01922],
							"lerp_mode": "catmullrom"
						},
						"0.6": {
							"post": [1.97, 0.67, 0.29172],
							"lerp_mode": "catmullrom"
						},
						"0.75": {
							"post": [1.35, 0.065, -0.425],
							"lerp_mode": "catmullrom"
						},
						"0.9": {
							"post": [1.48, 0.075, -0.65],
							"lerp_mode": "catmullrom"
						},
						"1.1": {
							"post": [1.77, 0.275, -0.575],
							"lerp_mode": "catmullrom"
						},
						"1.3": {
							"post": [1.695, 0.175, -0.4],
							"lerp_mode": "catmullrom"
						},
						"1.35": {
							"post": [2.595, 0.07, 0.09781],
							"lerp_mode": "catmullrom"
						},
						"1.45": {
							"post": [1.415, 0.14, -0.64547],
							"lerp_mode": "catmullrom"
						},
						"1.55": {
							"post": [1.775, 0.375, 0.125],
							"lerp_mode": "catmullrom"
						},
						"1.7": {
							"post": [0.89, 0.02, 0.29],
							"lerp_mode": "catmullrom"
						},
						"1.75": {
							"post": [1.555, -0.075, 0.90859],
							"lerp_mode": "catmullrom"
						},
						"1.85": {
							"post": [0.555, -0.08, -0.09891],
							"lerp_mode": "catmullrom"
						},
						"1.95": {
							"post": [0.245, -0.05, 0.17],
							"lerp_mode": "catmullrom"
						},
						"2.05": {
							"post": [-0.15, 0, 0.05],
							"lerp_mode": "catmullrom"
						},
						"2.2": {
							"post": [0, 0, 0],
							"lerp_mode": "catmullrom"
						}
					}
				}
			},
			"sound_effects": {
				"0.0": {
					"effect": "tacz:cz75/cz75_reload_empty_raise"
				},
				"0.15": {
					"effect": "tacz:cz75/cz75_reload_empty_magout"
				},
				"0.8": {
					"effect": "tacz:mag_drop_sound/mag_drop_pi_metal_dirt"
				},
				"1.1": {
					"effect": "tacz:cz75/cz75_reload_empty_maghit"
				},
				"1.3": {
					"effect": "tacz:cz75/cz75_reload_empty_magin"
				},
				"1.65": {
					"effect": "tacz:cz75/cz75_reload_empty_fast_xmag_charge"
				},
				"2.05": {
					"effect": "tacz:cz75/cz75_reload_empty_fast_end"
				}
			}
		},
		"inspect": {
			"animation_length": 6.65,
			"bones": {
				"root": {
					"rotation": {
						"0.0": {
							"post": [0, 0, 0],
							"lerp_mode": "catmullrom"
						},
						"0.15": {
							"post": [1.41878, -32.6402, -30.55741],
							"lerp_mode": "catmullrom"
						},
						"0.3": {
							"post": [17.13043, -59.61932, -72.33833],
							"lerp_mode": "catmullrom"
						},
						"0.45": {
							"post": [28.975, -60.035, -87.94],
							"lerp_mode": "catmullrom"
						},
						"0.7": {
							"post": [30.92412, -59.90293, -87.91478],
							"lerp_mode": "catmullrom"
						},
						"1.05": {
							"post": [31.77, -60.36, -89.09],
							"lerp_mode": "catmullrom"
						},
						"1.25": {
							"post": [39.31625, -57.06039, -98.29279],
							"lerp_mode": "catmullrom"
						},
						"1.55": {
							"post": [37.75361, -58.30658, -96.72799],
							"lerp_mode": "catmullrom"
						},
						"1.9": {
							"post": [35.22935, -59.1162, -92.88548],
							"lerp_mode": "catmullrom"
						},
						"2.1": [6.69829, -58.01955, -54.35519],
						"2.2": [6.7, -58.02, -54.36],
						"2.25": [9.51803, -57.59611, -59.46144],
						"2.35": [4.71708, -58.13496, -52.02431],
						"3.4": [6.7, -58.02, -54.36],
						"4.05": [14.14703, -51.26744, -67.44698],
						"4.15": [14.15, -51.27, -67.45],
						"4.2": [-4.54367, -52.27001, -47.25437],
						"4.25": [8.03457, -51.34164, -59.11783],
						"4.35": [2.68002, -49.48579, -49.96644],
						"4.55": {
							"pre": [-27.82, 1.15, 12.69],
							"post": [-27.82, 1.15, 12.69],
							"lerp_mode": "catmullrom"
						},
						"4.65": {
							"post": [-40.44959, 22.48719, 26.0252],
							"lerp_mode": "catmullrom"
						},
						"4.75": {
							"post": [-41.07, 23.58, 29.425],
							"lerp_mode": "catmullrom"
						},
						"4.85": {
							"post": [-45.20663, 23.36486, 31.34078],
							"lerp_mode": "catmullrom"
						},
						"4.9": {
							"post": [-44.81211, 23.28401, 32.06072],
							"lerp_mode": "catmullrom"
						},
						"5.05": {
							"post": [-42.44229, 23.33374, 31.80402],
							"lerp_mode": "catmullrom"
						},
						"5.25": {
							"post": [-41.99, 23.36, 31.115],
							"lerp_mode": "catmullrom"
						},
						"5.6": {
							"post": [-41.06, 23.24, 29.475],
							"lerp_mode": "catmullrom"
						},
						"5.65": {
							"post": [-37.37755, 23.58615, 26.44159],
							"lerp_mode": "catmullrom"
						},
						"5.75": {
							"post": [-27.13565, 13.27832, 19.61946],
							"lerp_mode": "catmullrom"
						},
						"5.85": {
							"post": [-21.10227, 5.50861, 12.95951],
							"lerp_mode": "catmullrom"
						},
						"6.05": {
							"post": [0.975, 0, 5.025],
							"lerp_mode": "catmullrom"
						},
						"6.15": {
							"post": [0.975, 0.975, -1.475],
							"lerp_mode": "catmullrom"
						},
						"6.25": {
							"post": [0, -0.975, 0.975],
							"lerp_mode": "catmullrom"
						},
						"6.4": {
							"post": [0, 0, -0.5],
							"lerp_mode": "catmullrom"
						},
						"6.6": {
							"post": [0, 0, 0],
							"lerp_mode": "catmullrom"
						}
					},
					"position": {
						"0.0": {
							"post": [0, 0, 0],
							"lerp_mode": "catmullrom"
						},
						"0.1": {
							"post": [-0.6, 0.22, 0.995],
							"lerp_mode": "catmullrom"
						},
						"0.3": {
							"post": [-0.75, 1.9875, 1.7],
							"lerp_mode": "catmullrom"
						},
						"0.45": {
							"post": [-0.9, 2.35, 1.7],
							"lerp_mode": "catmullrom"
						},
						"0.65": {
							"post": [-1.05, 2.3125, 1.6],
							"lerp_mode": "catmullrom"
						},
						"1.0": {
							"post": [-0.975, 2.4875, 1.6],
							"lerp_mode": "catmullrom"
						},
						"1.2": {
							"post": [-0.975, 2.7275, 1.5375],
							"lerp_mode": "catmullrom"
						},
						"1.55": {
							"post": [-1.025, 2.8425, 1.5375],
							"lerp_mode": "catmullrom"
						},
						"1.9": {
							"post": [-1.025, 2.7825, 1.54],
							"lerp_mode": "catmullrom"
						},
						"2.05": {
							"post": [-1.275, 1.605, 1.8525],
							"lerp_mode": "catmullrom"
						},
						"2.25": {
							"post": [-1.49385, 1.81172, 1.855],
							"lerp_mode": "catmullrom"
						},
						"2.5": {
							"post": [-1.50089, 1.68453, 1.855],
							"lerp_mode": "catmullrom"
						},
						"3.15": {
							"post": [-1.49562, 1.66909, 1.85],
							"lerp_mode": "catmullrom"
						},
						"3.8": {
							"post": [-1.62589, 1.68453, 1.855],
							"lerp_mode": "catmullrom"
						},
						"4.05": [-2.225, 2.355, 1.905],
						"4.15": [-2.125, 2.2175, 1.905],
						"4.2": [-1.88033, 1.3081, 1.905],
						"4.3": [-2.10534, 1.46398, 1.905],
						"4.4": [-2.32683, 0.98754, 2.11],
						"4.55": {
							"pre": [-2.02, 1.345, 2.5],
							"post": [-2.02, 1.345, 2.5],
							"lerp_mode": "catmullrom"
						},
						"4.65": {
							"post": [-1.81647, 1.17933, 2.705],
							"lerp_mode": "catmullrom"
						},
						"4.8": {
							"post": [-1.79103, 1.10605, 2.58],
							"lerp_mode": "catmullrom"
						},
						"4.9": {
							"post": [-1.85384, 0.80861, 2.6],
							"lerp_mode": "catmullrom"
						},
						"5.1": {
							"post": [-1.89201, 0.94879, 2.645],
							"lerp_mode": "catmullrom"
						},
						"5.35": {
							"post": [-1.81501, 1.1361, 2.6375],
							"lerp_mode": "catmullrom"
						},
						"5.6": {
							"post": [-1.80557, 1.2548, 2.705],
							"lerp_mode": "catmullrom"
						},
						"5.65": {
							"post": [-1.73984, 1.02928, 2.5575],
							"lerp_mode": "catmullrom"
						},
						"5.7": {
							"post": [-1.79866, 0.94322, 2.5425],
							"lerp_mode": "catmullrom"
						},
						"5.85": {
							"post": [-1.5025, 0.895, 2.235],
							"lerp_mode": "catmullrom"
						},
						"6.05": {
							"post": [0, -1.1625, -0.2625],
							"lerp_mode": "catmullrom"
						},
						"6.15": {
							"post": [-0.0375, -0.2625, 0.2375],
							"lerp_mode": "catmullrom"
						},
						"6.3": {
							"post": [0, -0.0125, -0.0375],
							"lerp_mode": "catmullrom"
						},
						"6.45": {
							"post": [0, 0, 0],
							"lerp_mode": "catmullrom"
						}
					}
				},
				"mag_and_lefthand": {
					"rotation": {
						"2.25": {
							"pre": [0, 0, 0],
							"post": [0, 0, 0],
							"lerp_mode": "catmullrom"
						},
						"2.55": {
							"post": [-21.09225, 15.09386, 33.74444],
							"lerp_mode": "catmullrom"
						},
						"2.7": {
							"post": [-24.23, 19.8, 41.69],
							"lerp_mode": "catmullrom"
						},
						"2.85": {
							"post": [-23.195, 20.19, 42.16],
							"lerp_mode": "catmullrom"
						},
						"3.05": {
							"post": [-21.145, 20, 42.63],
							"lerp_mode": "catmullrom"
						},
						"3.15": {
							"post": [-12.21, 20.45, 51.71],
							"lerp_mode": "catmullrom"
						},
						"3.25": {
							"post": [8.88595, 31.80128, 66.35745],
							"lerp_mode": "catmullrom"
						},
						"3.35": {
							"post": [12.35973, 35.20244, 71.79065],
							"lerp_mode": "catmullrom"
						},
						"3.75": {
							"post": [12.35973, 35.20244, 71.79065],
							"lerp_mode": "catmullrom"
						},
						"3.85": {
							"post": [20.29, 21.87, 80.25],
							"lerp_mode": "catmullrom"
						},
						"4.05": {
							"post": [3, 0, 7.75],
							"lerp_mode": "catmullrom"
						},
						"4.15": {
							"post": [0, 0, 0],
							"lerp_mode": "catmullrom"
						}
					},
					"position": {
						"2.1": {
							"pre": [0, 0, 0],
							"post": [0, 0, 0],
							"lerp_mode": "catmullrom"
						},
						"2.25": {
							"post": [0, -5.6, 2],
							"lerp_mode": "catmullrom"
						},
						"2.35": {
							"post": [-0.36593, -5.91599, 0.36663],
							"lerp_mode": "catmullrom"
						},
						"2.45": {
							"post": [-0.32987, -5.51338, -1.82655],
							"lerp_mode": "catmullrom"
						},
						"2.65": {
							"post": [-0.22953, -5.03451, -1.96581],
							"lerp_mode": "catmullrom"
						},
						"3.0": {
							"post": [-0.215, -4.775, -1.99],
							"lerp_mode": "catmullrom"
						},
						"3.15": {
							"post": [-0.215, -4.785, -1.99],
							"lerp_mode": "catmullrom"
						},
						"3.45": {
							"post": [-0.245, -3.38, -1.74],
							"lerp_mode": "catmullrom"
						},
						"3.75": {
							"post": [-1.245, -3.38, -1.04],
							"lerp_mode": "catmullrom"
						},
						"3.9": {
							"post": [-1.71606, -6.32955, 4.73222],
							"lerp_mode": "catmullrom"
						},
						"4.05": [0, -5.825, 2],
						"4.15": [0, -5.3875, 2],
						"4.2": {
							"pre": [0, 0, 0],
							"post": [0, 0, 0],
							"lerp_mode": "catmullrom"
						}
					}
				},
				"lefthand": {
					"rotation": {
						"0.0": [111.33, -370.95, -185.06],
						"0.1": [154.25283, -361.88285, -220.96828],
						"0.3": [156.42707, -414.79862, -211.22804],
						"1.8": [156.42707, -414.79862, -211.22804],
						"2.0": [86.4886, -395.4026, -82.6716],
						"4.4": [85.78, -395.34, -81.45],
						"5.9": [111.33, -370.95, -185.06]
					},
					"position": {
						"0.0": [7.965, -17.135, 1.895],
						"0.05": [10.15649, -20.12671, 0.94958],
						"0.1": [8.73314, -26.45807, -0.28884],
						"0.3": [3.52205, -27.61835, 9.09061],
						"1.8": [3.52205, -27.61835, 9.09061],
						"2.0": [6.38269, -20.39876, 5.95709],
						"4.4": [6.38, -20.4, 5.96],
						"4.55": {
							"pre": [12.80336, -30.04601, 12.24576],
							"post": [12.80336, -30.04601, 12.24576],
							"lerp_mode": "catmullrom"
						},
						"5.6": {
							"post": [12.80336, -30.04601, 12.24576],
							"lerp_mode": "catmullrom"
						},
						"5.9": [7.965, -17.135, 1.895]
					},
					"scale": [1, 1.5, 1]
				},
				"bullet": {
					"scale": 0
				},
				"main": {
					"rotation": {
						"2.2": {
							"pre": [0, 0, 0],
							"post": [0, 0, 0],
							"lerp_mode": "catmullrom"
						},
						"2.4": {
							"post": [-0.84, 8.57, 15.89],
							"lerp_mode": "catmullrom"
						},
						"2.55": {
							"post": [-1.44014, 14.68286, 27.51944],
							"lerp_mode": "catmullrom"
						},
						"2.9": {
							"post": [0.3847, 15.80549, 33.54395],
							"lerp_mode": "catmullrom"
						},
						"3.3": {
							"post": [-0.62866, 17.11563, 33.08116],
							"lerp_mode": "catmullrom"
						},
						"3.6": {
							"post": [-0.65248, 15.53765, 32.19561],
							"lerp_mode": "catmullrom"
						},
						"3.8": {
							"post": [-0.73445, 13.2648, 31.77578],
							"lerp_mode": "catmullrom"
						},
						"3.9": {
							"post": [-0.9, 8.14, 16.33],
							"lerp_mode": "catmullrom"
						},
						"4.05": {
							"post": [0, 0, 0],
							"lerp_mode": "catmullrom"
						}
					},
					"position": {
						"2.2": {
							"pre": [0, 0, 0],
							"post": [0, 0, 0],
							"lerp_mode": "catmullrom"
						},
						"2.35": {
							"post": [-0.216, 0.26193, 0.30274],
							"lerp_mode": "catmullrom"
						},
						"2.5": {
							"post": [-1.04729, -0.40442, 1.56498],
							"lerp_mode": "catmullrom"
						},
						"2.65": {
							"post": [-1.55596, -0.68972, 2.36642],
							"lerp_mode": "catmullrom"
						},
						"2.95": {
							"post": [-1.56803, -0.60607, 2.38997],
							"lerp_mode": "catmullrom"
						},
						"3.2": {
							"post": [-1.53577, -0.57531, 2.36734],
							"lerp_mode": "catmullrom"
						},
						"3.6": {
							"post": [-1.47957, -0.57466, 2.29538],
							"lerp_mode": "catmullrom"
						},
						"3.8": {
							"post": [-1.29125, -0.58407, 1.92015],
							"lerp_mode": "catmullrom"
						},
						"3.9": {
							"post": [-0.715, -0.225, 1.09],
							"lerp_mode": "catmullrom"
						},
						"4.05": {
							"post": [0, 0, 0],
							"lerp_mode": "catmullrom"
						}
					}
				},
				"righthand": {
					"rotation": {
						"0.05": [94.93393, 4.57237, -174.60633],
						"0.2": [94.92007, 1.58345, -174.86433],
						"4.4": [94.92007, 1.58345, -174.86433],
						"4.55": [122.43393, 4.57237, -174.60633],
						"4.7": [122.43393, 4.57237, -174.60633],
						"4.85": [138.43, 4.57, -174.61],
						"5.6": [138.43, 4.57, -174.61],
						"5.7": [103.43, 4.57, -174.61],
						"5.85": [94.93393, 4.57237, -174.60633]
					},
					"position": {
						"0.05": [-7.09303, -16.02913, 4.50219],
						"0.2": [-8.75, -16.025, 4.475],
						"4.4": [-8.75, -16.025, 4.475],
						"4.55": [-7.09303, -14.02913, 4.50219],
						"4.7": [-7.09303, -14.02913, 4.50219],
						"4.85": [-7.09, -14.03, 5.085],
						"5.6": [-7.09, -14.03, 5.085],
						"5.7": [-7.09, -16.03, 5.09],
						"5.85": [-7.09303, -16.02913, 4.50219]
					},
					"scale": [1, 1.5, 1]
				},
				"bullet_in_barrel": {
					"position": {
						"4.75": [0, 0, 0],
						"4.85": [0, 0, 0.775],
						"5.6": [0, 0, 0.775],
						"5.65": [0, 0, 0]
					}
				},
				"slide": {
					"position": {
						"4.75": [0, 0, 0],
						"4.85": [0, 0, 0.665],
						"5.6": [0, 0, 0.665],
						"5.65": [0, 0, 0]
					}
				},
				"additional_magazine": {
					"scale": 0
				},
				"camera": {
					"rotation": {
						"0.0": {
							"post": [0, 0, 0],
							"lerp_mode": "catmullrom"
						},
						"0.15": {
							"post": [0.35, 0, -0.2],
							"lerp_mode": "catmullrom"
						},
						"0.35": {
							"post": [-0.8, 0, -0.7],
							"lerp_mode": "catmullrom"
						},
						"0.6": {
							"post": [-1.3, 0, -0.9],
							"lerp_mode": "catmullrom"
						},
						"0.95": {
							"post": [-1.2, 0, -0.7],
							"lerp_mode": "catmullrom"
						},
						"1.25": {
							"post": [3, 0, -0.7],
							"lerp_mode": "catmullrom"
						},
						"1.55": {
							"post": [4.7, 0, -0.7],
							"lerp_mode": "catmullrom"
						},
						"1.85": {
							"post": [5, 0, -0.7],
							"lerp_mode": "catmullrom"
						},
						"2.1": {
							"post": [3.2, 0, -0.7],
							"lerp_mode": "catmullrom"
						},
						"2.2": {
							"post": [4.53, -0.75, 0.525],
							"lerp_mode": "catmullrom"
						},
						"2.45": {
							"post": [5.3, -3.2, -0.325],
							"lerp_mode": "catmullrom"
						},
						"2.85": {
							"post": [5.7, -4.1, 0.6],
							"lerp_mode": "catmullrom"
						},
						"3.1": {
							"post": [5.66, -4.1, 0.6],
							"lerp_mode": "catmullrom"
						},
						"3.3": {
							"post": [4.9, -5.6, 0.6],
							"lerp_mode": "catmullrom"
						},
						"3.6": {
							"post": [4.54, -5.7, 0.3],
							"lerp_mode": "catmullrom"
						},
						"3.8": {
							"post": [4.5, -5.7, 0.2],
							"lerp_mode": "catmullrom"
						},
						"4.0": {
							"post": [2.4, -0.91, -0.6],
							"lerp_mode": "catmullrom"
						},
						"4.15": {
							"post": [1.6, 0.2, -0.7],
							"lerp_mode": "catmullrom"
						},
						"4.2": {
							"post": [1.95, 0.44, 0.205],
							"lerp_mode": "catmullrom"
						},
						"4.25": {
							"post": [2.22, 0.56, -0.575],
							"lerp_mode": "catmullrom"
						},
						"4.35": {
							"post": [0.74, 0.71, -0.175],
							"lerp_mode": "catmullrom"
						},
						"4.45": {
							"post": [1.4, 1.5, -0.05],
							"lerp_mode": "catmullrom"
						},
						"4.75": {
							"post": [6.1, 3.8, 0.4],
							"lerp_mode": "catmullrom"
						},
						"4.85": {
							"post": [6.94, 4.16, 0.95],
							"lerp_mode": "catmullrom"
						},
						"4.95": {
							"post": [6.33, 4.35, 0.275],
							"lerp_mode": "catmullrom"
						},
						"5.1": {
							"post": [6.52, 4.6, 0.7],
							"lerp_mode": "catmullrom"
						},
						"5.35": {
							"post": [6.7, 4.6, 0.8],
							"lerp_mode": "catmullrom"
						},
						"5.6": {
							"post": [6.28, 4.72, 0.4],
							"lerp_mode": "catmullrom"
						},
						"5.65": {
							"post": [7, 4.76, 1.6],
							"lerp_mode": "catmullrom"
						},
						"5.75": {
							"post": [5, 4.4, -0.15],
							"lerp_mode": "catmullrom"
						},
						"5.95": {
							"post": [0.61, 1, 0.225],
							"lerp_mode": "catmullrom"
						},
						"6.05": {
							"post": [0, 0.25, -0.06],
							"lerp_mode": "catmullrom"
						},
						"6.1": {
							"post": [0.375, 0.1, 0.45],
							"lerp_mode": "catmullrom"
						},
						"6.25": {
							"post": [-0.075, 0, -0.15],
							"lerp_mode": "catmullrom"
						},
						"6.4": {
							"post": [0, 0, 0],
							"lerp_mode": "catmullrom"
						},
						"6.6": {
							"post": [0, 0, 0],
							"lerp_mode": "catmullrom"
						}
					}
				}
			},
			"sound_effects": {
				"0.0": {
					"effect": "tacz:cz75/cz75_inspect_raise"
				},
				"1.75": {
					"effect": "tacz:cz75/cz75_inspect_magout"
				},
				"3.95": {
					"effect": "tacz:cz75/cz75_inspect_magin"
				},
				"4.05": {
					"effect": "tacz:cz75/cz75_inspect_maghit"
				},
				"4.45": {
					"effect": "tacz:cz75/cz75_inspect_empty_flip"
				},
				"4.75": {
					"effect": "tacz:cz75/cz75_inspect_slidepull"
				},
				"5.5": {
					"effect": "tacz:cz75/cz75_inspect_sliderelease"
				},
				"5.75": {
					"effect": "tacz:cz75/cz75_inspect_empty_end"
				}
			}
		},
		"inspect_empty": {
			"animation_length": 6.65,
			"bones": {
				"root": {
					"rotation": {
						"0.0": {
							"post": [0, 0, 0],
							"lerp_mode": "catmullrom"
						},
						"0.15": {
							"post": [1.41878, -32.6402, -30.55741],
							"lerp_mode": "catmullrom"
						},
						"0.3": {
							"post": [17.13043, -59.61932, -72.33833],
							"lerp_mode": "catmullrom"
						},
						"0.45": {
							"post": [28.975, -60.035, -87.94],
							"lerp_mode": "catmullrom"
						},
						"0.7": {
							"post": [30.92412, -59.90293, -87.91478],
							"lerp_mode": "catmullrom"
						},
						"1.05": {
							"post": [31.77, -60.36, -89.09],
							"lerp_mode": "catmullrom"
						},
						"1.25": {
							"post": [39.31625, -57.06039, -98.29279],
							"lerp_mode": "catmullrom"
						},
						"1.55": {
							"post": [37.75361, -58.30658, -96.72799],
							"lerp_mode": "catmullrom"
						},
						"1.9": {
							"post": [35.22935, -59.1162, -92.88548],
							"lerp_mode": "catmullrom"
						},
						"2.1": [6.69829, -58.01955, -54.35519],
						"2.2": [6.7, -58.02, -54.36],
						"2.25": [9.51803, -57.59611, -59.46144],
						"2.35": [4.71708, -58.13496, -52.02431],
						"3.4": [6.7, -58.02, -54.36],
						"4.05": [14.14703, -51.26744, -67.44698],
						"4.15": [14.15, -51.27, -67.45],
						"4.2": [-4.54367, -52.27001, -47.25437],
						"4.25": [8.03457, -51.34164, -59.11783],
						"4.35": [2.68002, -49.48579, -49.96644],
						"4.5": {
							"pre": [-10.98, -11.68, 0.59],
							"post": [-10.98, -11.68, 0.59],
							"lerp_mode": "catmullrom"
						},
						"4.65": {
							"post": [-24.33708, 22.78624, 44.14872],
							"lerp_mode": "catmullrom"
						},
						"4.75": {
							"post": [-27.295, 30.03, 53.805],
							"lerp_mode": "catmullrom"
						},
						"5.05": {
							"post": [-28.66729, 29.78374, 56.18402],
							"lerp_mode": "catmullrom"
						},
						"5.25": {
							"post": [-29.31887, 29.79237, 57.16253],
							"lerp_mode": "catmullrom"
						},
						"5.4": {
							"post": [-31.84916, 29.70315, 56.24026],
							"lerp_mode": "catmullrom"
						},
						"5.65": {
							"post": [-30.83549, 28.05403, 54.87785],
							"lerp_mode": "catmullrom"
						},
						"5.75": {
							"post": [-25.702, 20.61374, 45.58841],
							"lerp_mode": "catmullrom"
						},
						"5.85": {
							"post": [-10.75227, 7.08361, 37.40951],
							"lerp_mode": "catmullrom"
						},
						"6.05": {
							"post": [0.975, 0, 5.025],
							"lerp_mode": "catmullrom"
						},
						"6.15": {
							"post": [0.975, 0.975, -1.475],
							"lerp_mode": "catmullrom"
						},
						"6.25": {
							"post": [0, -0.975, 0.975],
							"lerp_mode": "catmullrom"
						},
						"6.4": {
							"post": [0, 0, -0.5],
							"lerp_mode": "catmullrom"
						},
						"6.6": {
							"post": [0, 0, 0],
							"lerp_mode": "catmullrom"
						}
					},
					"position": {
						"0.0": {
							"post": [0, 0, 0],
							"lerp_mode": "catmullrom"
						},
						"0.1": {
							"post": [-0.6, 0.22, 0.995],
							"lerp_mode": "catmullrom"
						},
						"0.3": {
							"post": [-0.75, 1.9875, 1.7],
							"lerp_mode": "catmullrom"
						},
						"0.45": {
							"post": [-0.9, 2.35, 1.7],
							"lerp_mode": "catmullrom"
						},
						"0.65": {
							"post": [-1.05, 2.3125, 1.6],
							"lerp_mode": "catmullrom"
						},
						"1.0": {
							"post": [-0.975, 2.4875, 1.6],
							"lerp_mode": "catmullrom"
						},
						"1.2": {
							"post": [-0.975, 2.7275, 1.5375],
							"lerp_mode": "catmullrom"
						},
						"1.55": {
							"post": [-1.025, 2.8425, 1.5375],
							"lerp_mode": "catmullrom"
						},
						"1.9": {
							"post": [-1.025, 2.7825, 1.54],
							"lerp_mode": "catmullrom"
						},
						"2.05": {
							"post": [-1.275, 1.605, 1.8525],
							"lerp_mode": "catmullrom"
						},
						"2.25": {
							"post": [-1.49385, 1.81172, 1.855],
							"lerp_mode": "catmullrom"
						},
						"2.5": {
							"post": [-1.50089, 1.68453, 1.855],
							"lerp_mode": "catmullrom"
						},
						"3.15": {
							"post": [-1.49562, 1.66909, 1.85],
							"lerp_mode": "catmullrom"
						},
						"3.8": {
							"post": [-1.62589, 1.68453, 1.855],
							"lerp_mode": "catmullrom"
						},
						"4.05": [-2.225, 2.355, 1.905],
						"4.15": [-2.125, 2.2175, 1.905],
						"4.2": [-1.88033, 1.3081, 1.905],
						"4.3": [-2.10534, 1.46398, 1.905],
						"4.4": [-2.32683, 0.98754, 2.11],
						"4.55": {
							"pre": [-2.02, 1.345, 2.5],
							"post": [-2.02, 1.345, 2.5],
							"lerp_mode": "catmullrom"
						},
						"4.65": {
							"post": [-1.81647, 1.17933, 2.705],
							"lerp_mode": "catmullrom"
						},
						"4.8": {
							"post": [-1.79103, 1.03105, 2.58],
							"lerp_mode": "catmullrom"
						},
						"5.05": {
							"post": [-1.89201, 1.08629, 2.645],
							"lerp_mode": "catmullrom"
						},
						"5.35": {
							"post": [-1.81501, 1.1986, 2.6375],
							"lerp_mode": "catmullrom"
						},
						"5.65": {
							"post": [-1.80557, 1.2548, 2.705],
							"lerp_mode": "catmullrom"
						},
						"5.85": {
							"post": [-1.5025, 0.9575, 2.235],
							"lerp_mode": "catmullrom"
						},
						"6.05": {
							"post": [0, -1.1625, -0.2625],
							"lerp_mode": "catmullrom"
						},
						"6.15": {
							"post": [-0.0375, -0.2625, 0.2375],
							"lerp_mode": "catmullrom"
						},
						"6.3": {
							"post": [0, -0.0125, -0.0375],
							"lerp_mode": "catmullrom"
						},
						"6.45": {
							"post": [0, 0, 0],
							"lerp_mode": "catmullrom"
						}
					}
				},
				"mag_and_lefthand": {
					"rotation": {
						"2.25": {
							"pre": [0, 0, 0],
							"post": [0, 0, 0],
							"lerp_mode": "catmullrom"
						},
						"2.55": {
							"post": [-21.09225, 15.09386, 33.74444],
							"lerp_mode": "catmullrom"
						},
						"2.7": {
							"post": [-24.23, 19.8, 41.69],
							"lerp_mode": "catmullrom"
						},
						"2.85": {
							"post": [-23.195, 20.19, 42.16],
							"lerp_mode": "catmullrom"
						},
						"3.05": {
							"post": [-17.81788, 21.53869, 37.56416],
							"lerp_mode": "catmullrom"
						},
						"3.15": {
							"post": [-17.10637, 23.63032, 36.40202],
							"lerp_mode": "catmullrom"
						},
						"3.25": {
							"post": [-15.83545, 29.21387, 37.66991],
							"lerp_mode": "catmullrom"
						},
						"3.35": {
							"post": [-11.48838, 35.46202, 38.67155],
							"lerp_mode": "catmullrom"
						},
						"3.75": {
							"post": [-5.61599, 36.18495, 42.18493],
							"lerp_mode": "catmullrom"
						},
						"3.85": {
							"post": [20.29, 21.87, 29.25],
							"lerp_mode": "catmullrom"
						},
						"4.05": {
							"post": [3, 0, 7.75],
							"lerp_mode": "catmullrom"
						},
						"4.15": {
							"post": [0, 0, 0],
							"lerp_mode": "catmullrom"
						}
					},
					"position": {
						"2.1": {
							"pre": [0, 0, 0],
							"post": [0, 0, 0],
							"lerp_mode": "catmullrom"
						},
						"2.25": {
							"post": [0, -5.6, 2],
							"lerp_mode": "catmullrom"
						},
						"2.35": {
							"post": [-0.36593, -5.91599, 0.36663],
							"lerp_mode": "catmullrom"
						},
						"2.45": {
							"post": [-0.32987, -5.51338, -1.82655],
							"lerp_mode": "catmullrom"
						},
						"2.65": {
							"post": [-0.22953, -5.03451, -1.96581],
							"lerp_mode": "catmullrom"
						},
						"3.0": {
							"post": [-0.215, -4.775, -1.99],
							"lerp_mode": "catmullrom"
						},
						"3.15": {
							"post": [-0.215, -4.785, -1.99],
							"lerp_mode": "catmullrom"
						},
						"3.45": {
							"post": [-1.245, -4.38, -2.04],
							"lerp_mode": "catmullrom"
						},
						"3.75": {
							"post": [-2.32987, -5.76338, -1.57655],
							"lerp_mode": "catmullrom"
						},
						"3.9": {
							"post": [-0.71606, -6.32955, 0.73222],
							"lerp_mode": "catmullrom"
						},
						"4.05": [0, -5.825, 2],
						"4.15": [0, -5.3875, 2],
						"4.2": {
							"pre": [0, 0, 0],
							"post": [0, 0, 0],
							"lerp_mode": "catmullrom"
						}
					}
				},
				"lefthand": {
					"rotation": {
						"0.0": [111.33, -370.95, -185.06],
						"0.1": [154.25283, -361.88285, -220.96828],
						"0.3": [156.42707, -414.79862, -211.22804],
						"1.8": [156.42707, -414.79862, -211.22804],
						"2.0": [86.4886, -395.4026, -82.6716],
						"4.4": [85.78035, -395.33518, -81.44806],
						"4.6": [111.33, -370.95, -185.06]
					},
					"position": {
						"0.0": [7.965, -17.135, 1.895],
						"0.05": [10.15649, -20.12671, 0.94958],
						"0.1": [8.73314, -26.45807, -0.28884],
						"0.3": [3.52205, -27.61835, 9.09061],
						"1.8": [3.52205, -27.61835, 9.09061],
						"2.0": [6.38269, -20.39876, 5.95709],
						"4.4": [6.38269, -20.39876, 5.95709],
						"4.6": [7.965, -17.135, 1.895]
					},
					"scale": [1, 1.5, 1]
				},
				"bullet": {
					"scale": 0
				},
				"main": {
					"rotation": {
						"2.2": {
							"pre": [0, 0, 0],
							"post": [0, 0, 0],
							"lerp_mode": "catmullrom"
						},
						"2.4": {
							"post": [-0.84, 8.57, 15.89],
							"lerp_mode": "catmullrom"
						},
						"2.55": {
							"post": [-1.44014, 14.68286, 27.51944],
							"lerp_mode": "catmullrom"
						},
						"2.9": {
							"post": [0.3847, 15.80549, 33.54395],
							"lerp_mode": "catmullrom"
						},
						"3.3": {
							"post": [-0.62866, 17.11563, 33.08116],
							"lerp_mode": "catmullrom"
						},
						"3.6": {
							"post": [-0.65248, 15.53765, 32.19561],
							"lerp_mode": "catmullrom"
						},
						"3.8": {
							"post": [-0.73445, 13.2648, 31.77578],
							"lerp_mode": "catmullrom"
						},
						"3.9": {
							"post": [-0.9, 8.14, 16.33],
							"lerp_mode": "catmullrom"
						},
						"4.05": {
							"post": [0, 0, 0],
							"lerp_mode": "catmullrom"
						},
						"6.05": {
							"post": [0, 0, 0],
							"lerp_mode": "catmullrom"
						}
					},
					"position": {
						"2.2": {
							"pre": [0, 0, 0],
							"post": [0, 0, 0],
							"lerp_mode": "catmullrom"
						},
						"2.35": {
							"post": [-0.216, 0.26193, 0.30274],
							"lerp_mode": "catmullrom"
						},
						"2.5": {
							"post": [-1.04729, -0.40442, 1.56498],
							"lerp_mode": "catmullrom"
						},
						"2.65": {
							"post": [-1.55596, -0.68972, 2.36642],
							"lerp_mode": "catmullrom"
						},
						"2.95": {
							"post": [-1.56803, -0.60607, 2.38997],
							"lerp_mode": "catmullrom"
						},
						"3.2": {
							"post": [-1.53577, -0.57531, 2.36734],
							"lerp_mode": "catmullrom"
						},
						"3.6": {
							"post": [-1.47957, -0.57466, 2.29538],
							"lerp_mode": "catmullrom"
						},
						"3.8": {
							"post": [-1.29125, -0.58407, 1.92015],
							"lerp_mode": "catmullrom"
						},
						"3.9": {
							"post": [-0.715, -0.225, 1.09],
							"lerp_mode": "catmullrom"
						},
						"4.05": {
							"post": [0, 0, 0],
							"lerp_mode": "catmullrom"
						}
					}
				},
				"righthand": {
					"rotation": {
						"0.0": [94.93393, 4.57237, -174.60633],
						"0.05": [94.93393, 4.57237, -174.60633],
						"0.2": [94.92007, 1.58345, -174.86433],
						"4.4": [94.92007, 1.58345, -174.86433],
						"4.55": [94.93393, 4.57237, -174.60633]
					},
					"position": {
						"0.0": [-7.09303, -16.02913, 4.50219],
						"0.05": [-7.09303, -16.02913, 4.50219],
						"0.2": [-8.75, -16.025, 4.475],
						"4.4": [-8.75, -16.025, 4.475],
						"4.55": [-7.09303, -16.02913, 4.50219]
					},
					"scale": [1, 1.5, 1]
				},
				"slide": {
					"position": [0, 0, 2.1]
				},
				"release": {
					"rotation": [8.5, 0, 0]
				},
				"group2": {
					"rotation": [-1.25, 0, 0],
					"position": [0, 0.025, 0.225]
				},
				"camera": {
					"rotation": {
						"0.0": {
							"post": [0, 0, 0],
							"lerp_mode": "catmullrom"
						},
						"0.15": {
							"post": [0.35, 0, -0.2],
							"lerp_mode": "catmullrom"
						},
						"0.35": {
							"post": [-0.8, 0, -0.7],
							"lerp_mode": "catmullrom"
						},
						"0.6": {
							"post": [-1.3, 0, -0.9],
							"lerp_mode": "catmullrom"
						},
						"0.95": {
							"post": [-1.2, 0, -0.7],
							"lerp_mode": "catmullrom"
						},
						"1.25": {
							"post": [3, 0, -0.7],
							"lerp_mode": "catmullrom"
						},
						"1.55": {
							"post": [4.7, 0, -0.7],
							"lerp_mode": "catmullrom"
						},
						"1.85": {
							"post": [5, 0, -0.7],
							"lerp_mode": "catmullrom"
						},
						"2.1": {
							"post": [3.2, 0, -0.7],
							"lerp_mode": "catmullrom"
						},
						"2.2": {
							"post": [4.53, -0.75, 0.525],
							"lerp_mode": "catmullrom"
						},
						"2.45": {
							"post": [5.3, -3.2, -0.325],
							"lerp_mode": "catmullrom"
						},
						"2.85": {
							"post": [5.7, -4.1, 0.6],
							"lerp_mode": "catmullrom"
						},
						"3.1": {
							"post": [5.66, -4.1, 0.6],
							"lerp_mode": "catmullrom"
						},
						"3.3": {
							"post": [4.9, -5.6, 0.6],
							"lerp_mode": "catmullrom"
						},
						"3.6": {
							"post": [4.54, -5.7, 0.3],
							"lerp_mode": "catmullrom"
						},
						"3.8": {
							"post": [4.5, -5.7, 0.2],
							"lerp_mode": "catmullrom"
						},
						"4.0": {
							"post": [2.4, -0.91, -0.6],
							"lerp_mode": "catmullrom"
						},
						"4.15": {
							"post": [1.6, 0.2, -0.7],
							"lerp_mode": "catmullrom"
						},
						"4.2": {
							"post": [1.95, 0.44, 0.205],
							"lerp_mode": "catmullrom"
						},
						"4.25": {
							"post": [2.22, 0.56, -0.575],
							"lerp_mode": "catmullrom"
						},
						"4.35": {
							"post": [1.14, 0.71, -0.175],
							"lerp_mode": "catmullrom"
						},
						"4.45": {
							"post": [1.8, 1.5, -0.05],
							"lerp_mode": "catmullrom"
						},
						"4.75": {
							"post": [8.1, 7.3, 0.4],
							"lerp_mode": "catmullrom"
						},
						"5.1": {
							"post": [9.42, 8.5, 0.7],
							"lerp_mode": "catmullrom"
						},
						"5.35": {
							"post": [9.6, 8.5, 0.8],
							"lerp_mode": "catmullrom"
						},
						"5.6": {
							"post": [9.18, 8.12, 0.4],
							"lerp_mode": "catmullrom"
						},
						"5.75": {
							"post": [7.4, 6.5, -0.15],
							"lerp_mode": "catmullrom"
						},
						"5.95": {
							"post": [0.61, 1, 0.225],
							"lerp_mode": "catmullrom"
						},
						"6.05": {
							"post": [0, 0.25, -0.06],
							"lerp_mode": "catmullrom"
						},
						"6.1": {
							"post": [0.375, 0.1, 0.45],
							"lerp_mode": "catmullrom"
						},
						"6.25": {
							"post": [-0.075, 0, -0.15],
							"lerp_mode": "catmullrom"
						},
						"6.4": {
							"post": [0, 0, 0],
							"lerp_mode": "catmullrom"
						},
						"6.6": {
							"post": [0, 0, 0],
							"lerp_mode": "catmullrom"
						}
					}
				},
				"additional_magazine": {
					"scale": 0
				}
			},
			"sound_effects": {
				"0.0": {
					"effect": "tacz:cz75/cz75_inspect_raise"
				},
				"1.75": {
					"effect": "tacz:cz75/cz75_inspect_magout"
				},
				"3.95": {
					"effect": "tacz:cz75/cz75_inspect_magin"
				},
				"4.05": {
					"effect": "tacz:cz75/cz75_inspect_maghit"
				},
				"4.45": {
					"effect": "tacz:cz75/cz75_inspect_empty_flip"
				},
				"5.75": {
					"effect": "tacz:cz75/cz75_inspect_empty_end"
				}
			}
		},
		"shoot": {
			"loop": true,
			"animation_length": 0.5833,
			"bones": {
				"root": {
					"rotation": {
						"0.0": {
							"post": [0, 0, 0],
							"lerp_mode": "catmullrom"
						},
						"0.0167": {
							"post": [-2.59768, 0.1525, 1.74334],
							"lerp_mode": "catmullrom"
						},
						"0.05": {
							"post": [-20.95824, -1.30704, -2.72798],
							"lerp_mode": "catmullrom"
						},
						"0.0833": {
							"post": [-14, 0, 0],
							"lerp_mode": "catmullrom"
						},
						"0.1167": {
							"post": [0.84251, -0.98521, -1.02186],
							"lerp_mode": "catmullrom"
						},
						"0.2": {
							"post": [0.65, 0.2, 0],
							"lerp_mode": "catmullrom"
						},
						"0.3": {
							"post": [-0.70043, -0.09694, 0.24998],
							"lerp_mode": "catmullrom"
						},
						"0.4167": {
							"post": [0.05, 0.13, 0.1],
							"lerp_mode": "catmullrom"
						},
						"0.5833": {
							"post": [0, 0, 0],
							"lerp_mode": "catmullrom"
						}
					},
					"position": {
						"0.0": {
							"post": [0, 0, 0],
							"lerp_mode": "catmullrom"
						},
						"0.0167": {
							"post": [0, -0.0025, 0.75],
							"lerp_mode": "catmullrom"
						},
						"0.0333": {
							"post": [0, -0.2225, 0.975],
							"lerp_mode": "catmullrom"
						},
						"0.0833": {
							"post": [0, 0.175, -0.175],
							"lerp_mode": "catmullrom"
						},
						"0.1167": {
							"post": [0, 0.0625, 0.2625],
							"lerp_mode": "catmullrom"
						},
						"0.2": {
							"post": [0, -0.1, 0.075],
							"lerp_mode": "catmullrom"
						},
						"0.3": {
							"post": [0.0125, -0.025, 0.125],
							"lerp_mode": "catmullrom"
						},
						"0.4167": {
							"post": [0, -0.005, -0.015],
							"lerp_mode": "catmullrom"
						},
						"0.5833": {
							"post": [0, 0, 0],
							"lerp_mode": "catmullrom"
						}
					}
				},
				"hammer": {
					"rotation": {
						"0.0": [67.5, 0, 0],
						"0.0333": [-17.5, 0, 0],
						"0.0667": [-17.5, 0, 0],
						"0.1": [0, 0, 0]
					}
				},
				"slide": {
					"position": {
						"0.0": [0, 0, 0],
						"0.0333": [0, 0, 2.1],
						"0.0667": [0, 0, 2.1],
						"0.1": [0, 0, 0]
					}
				},
				"constraint": {
					"rotation": {
						"0.0833": [0.15, 0.3, 0.3],
						"0.2167": [0, 0, 0]
					},
					"position": {
						"0.0833": [0.2, 0.2, 0.3],
						"0.2167": [0, 0, 0]
					}
				},
				"camera": {
					"rotation": {
						"0.0": {
							"post": [0, 0, 0],
							"lerp_mode": "catmullrom"
						},
						"0.0167": {
							"post": [0, 0, 0],
							"lerp_mode": "catmullrom"
						},
						"0.0333": {
							"post": [0, 0, 1.025],
							"lerp_mode": "catmullrom"
						},
						"0.05": {
							"post": [0, 0, -0.7],
							"lerp_mode": "catmullrom"
						},
						"0.0833": {
							"post": [0, 0, 0.6],
							"lerp_mode": "catmullrom"
						},
						"0.1333": {
							"post": [0, 0, -0.3],
							"lerp_mode": "catmullrom"
						},
						"0.2": {
							"post": [0, 0, 0.35],
							"lerp_mode": "catmullrom"
						},
						"0.2833": {
							"post": [0, 0, -0.15],
							"lerp_mode": "catmullrom"
						},
						"0.3833": {
							"post": [0, 0, 0],
							"lerp_mode": "catmullrom"
						}
					}
				}
			}
		}
	}
}