{
	"credit": "Made by tjwhangLeime",
	"texture_size": [32, 32],
	"textures": {
		"0": "weapons/gun_kar98k",
		"particle": "weapons/gun_kar98k"
	},
	"elements": [
		{
			"name": "handle",
			"from": [8.54541, 3.64361, 12.409],
			"to": [9.10301, 4.15121, 12.9666],
			"rotation": {"angle": 22.5, "axis": "z", "origin": [8, 5.05957, 14.5267]},
			"faces": {
				"north": {"uv": [11, 14, 11.25, 14.25], "texture": "#0"},
				"east": {"uv": [14, 11, 14.25, 11.25], "texture": "#0"},
				"south": {"uv": [14, 11.5, 14.25, 11.75], "texture": "#0"},
				"west": {"uv": [12, 14, 12.25, 14.25], "texture": "#0"},
				"up": {"uv": [14.25, 12.25, 14, 12], "texture": "#0"},
				"down": {"uv": [12.75, 14, 12.5, 14.25], "texture": "#0"}
			}
		},
		{
			"name": "handle",
			"from": [7.6192, 4.6934, 8.5618],
			"to": [8.3808, 5.455, 11.1166],
			"faces": {
				"north": {"uv": [13.5, 11.5, 13.875, 11.75], "texture": "#0"},
				"east": {"uv": [12, 9.5, 13.25, 9.75], "texture": "#0"},
				"south": {"uv": [12, 13.5, 12.375, 13.75], "texture": "#0"},
				"west": {"uv": [11, 12, 12.25, 12.25], "texture": "#0"},
				"up": {"uv": [2.875, 12.75, 2.5, 11.5], "texture": "#0"},
				"down": {"uv": [3.375, 11.5, 3, 12.75], "texture": "#0"}
			}
		},
		{
			"name": "handle",
			"from": [7.6192, 4.6934, 11.0618],
			"to": [8.3808, 5.455, 12.2666],
			"faces": {
				"north": {"uv": [13.5, 12, 13.875, 12.25], "texture": "#0"},
				"east": {"uv": [4.5, 12.5, 5.125, 12.75], "texture": "#0"},
				"south": {"uv": [12.5, 13.5, 12.875, 13.75], "texture": "#0"},
				"west": {"uv": [13, 4.5, 13.625, 4.75], "texture": "#0"},
				"up": {"uv": [11.875, 9.125, 11.5, 8.5], "texture": "#0"},
				"down": {"uv": [10.375, 11.5, 10, 12.125], "texture": "#0"}
			}
		},
		{
			"name": "handle",
			"from": [7.6192, 4.6934, 12.2618],
			"to": [8.3808, 5.455, 14.5666],
			"faces": {
				"north": {"uv": [13.5, 12, 13.875, 12.25], "texture": "#0"},
				"east": {"uv": [4.5, 12.5, 5.625, 12.75], "texture": "#0"},
				"south": {"uv": [12.5, 13.5, 12.875, 13.75], "texture": "#0"},
				"west": {"uv": [12.5, 4.5, 13.625, 4.75], "texture": "#0"},
				"up": {"uv": [11.875, 9.625, 11.5, 8.5], "texture": "#0"},
				"down": {"uv": [10.375, 11.5, 10, 12.625], "texture": "#0"}
			}
		},
		{
			"name": "handle",
			"from": [8.4692, 5.0184, 12.507],
			"to": [8.6308, 5.38, 12.8686],
			"faces": {
				"north": {"uv": [15, 6.5, 15.125, 6.625], "texture": "#0"},
				"east": {"uv": [7, 15, 7.125, 15.125], "texture": "#0"},
				"south": {"uv": [15, 7, 15.125, 7.125], "texture": "#0"},
				"west": {"uv": [7.5, 15, 7.625, 15.125], "texture": "#0"},
				"up": {"uv": [15.125, 7.625, 15, 7.5], "texture": "#0"},
				"down": {"uv": [8.125, 15, 8, 15.125], "texture": "#0"}
			}
		},
		{
			"name": "handle",
			"from": [8.6308, 5.0434, 12.532],
			"to": [9.0424, 5.355, 12.8436],
			"faces": {
				"north": {"uv": [14.5, 14, 14.75, 14.125], "texture": "#0"},
				"east": {"uv": [15, 8, 15.125, 8.125], "texture": "#0"},
				"south": {"uv": [14.5, 14.5, 14.75, 14.625], "texture": "#0"},
				"west": {"uv": [8.5, 15, 8.625, 15.125], "texture": "#0"},
				"up": {"uv": [0.25, 15.125, 0, 15], "texture": "#0"},
				"down": {"uv": [15.25, 0, 15, 0.125], "texture": "#0"}
			}
		},
		{
			"name": "handle",
			"from": [8.67041, 4.14361, 12.534],
			"to": [8.97801, 4.95121, 12.8416],
			"rotation": {"angle": 22.5, "axis": "z", "origin": [8, 5.05957, 14.5267]},
			"faces": {
				"north": {"uv": [3, 14.5, 3.125, 14.875], "texture": "#0"},
				"east": {"uv": [3.5, 14.5, 3.625, 14.875], "texture": "#0"},
				"south": {"uv": [14.5, 3.5, 14.625, 3.875], "texture": "#0"},
				"west": {"uv": [4, 14.5, 4.125, 14.875], "texture": "#0"},
				"up": {"uv": [15.125, 8.625, 15, 8.5], "texture": "#0"},
				"down": {"uv": [9.125, 15, 9, 15.125], "texture": "#0"}
			}
		},
		{
			"name": "main",
			"from": [7.3942, 3.1606, -4.1978],
			"to": [8.6058, 4.977, 15.057],
			"faces": {
				"north": {"uv": [10.5, 3, 11.125, 3.875], "texture": "#0"},
				"east": {"uv": [0, 0, 9.625, 0.875], "texture": "#0"},
				"south": {"uv": [10, 10.5, 10.625, 11.375], "texture": "#0"},
				"west": {"uv": [0, 1, 9.625, 1.875], "texture": "#0"},
				"up": {"uv": [0.625, 11.625, 0, 2], "texture": "#0"},
				"down": {"uv": [1.625, 2, 1, 11.625], "texture": "#0"}
			}
		},
		{
			"name": "main",
			"from": [7.3942, 4.977, -4.1978],
			"to": [8.6058, 5.2934, -0.943],
			"faces": {
				"north": {"uv": [5, 14, 5.625, 14.125], "texture": "#0"},
				"east": {"uv": [13, 5, 14.625, 5.125], "texture": "#0"},
				"south": {"uv": [6, 14, 6.625, 14.125], "texture": "#0"},
				"west": {"uv": [6.5, 13, 8.125, 13.125], "texture": "#0"},
				"up": {"uv": [10.625, 1.625, 10, 0], "texture": "#0"},
				"down": {"uv": [10.625, 5, 10, 6.625], "texture": "#0"}
			}
		},
		{
			"name": "main",
			"from": [6.6826, 3.527, -3.7478],
			"to": [7.3942, 4.9434, -3.393],
			"faces": {
				"north": {"uv": [12.5, 3.5, 12.875, 4.25], "texture": "#0"},
				"east": {"uv": [10, 13.5, 10.125, 14.25], "texture": "#0"},
				"south": {"uv": [4, 12.5, 4.375, 13.25], "texture": "#0"},
				"west": {"uv": [10.5, 13.5, 10.625, 14.25], "texture": "#0"},
				"up": {"uv": [1.375, 14.625, 1, 14.5], "texture": "#0"},
				"down": {"uv": [14.875, 1, 14.5, 1.125], "texture": "#0"}
			}
		},
		{
			"name": "main",
			"from": [7.4942, 4.977, -0.943],
			"to": [8.5058, 5.2934, 7.3118],
			"faces": {
				"north": {"uv": [14, 6.5, 14.5, 6.625], "texture": "#0"},
				"east": {"uv": [10, 7, 14.125, 7.125], "texture": "#0"},
				"south": {"uv": [7, 14, 7.5, 14.125], "texture": "#0"},
				"west": {"uv": [11.5, 3, 15.625, 3.125], "texture": "#0"},
				"up": {"uv": [4.5, 11.125, 4, 7], "texture": "#0"},
				"down": {"uv": [5, 7, 4.5, 11.125], "texture": "#0"}
			}
		},
		{
			"name": "main",
			"from": [8.3942, 5.2934, -0.943],
			"to": [8.6058, 5.8598, -0.1882],
			"faces": {
				"north": {"uv": [14.5, 10.5, 14.625, 10.75], "texture": "#0"},
				"east": {"uv": [13.5, 9.5, 13.875, 9.75], "texture": "#0"},
				"south": {"uv": [11, 14.5, 11.125, 14.75], "texture": "#0"},
				"west": {"uv": [13.5, 10.5, 13.875, 10.75], "texture": "#0"},
				"up": {"uv": [1.625, 14.875, 1.5, 14.5], "texture": "#0"},
				"down": {"uv": [14.625, 1.5, 14.5, 1.875], "texture": "#0"}
			}
		},
		{
			"name": "main",
			"from": [7.3942, 5.2934, -0.943],
			"to": [7.6058, 5.8598, -0.1882],
			"faces": {
				"north": {"uv": [14.5, 11, 14.625, 11.25], "texture": "#0"},
				"east": {"uv": [11, 13.5, 11.375, 13.75], "texture": "#0"},
				"south": {"uv": [11.5, 14.5, 11.625, 14.75], "texture": "#0"},
				"west": {"uv": [13.5, 11, 13.875, 11.25], "texture": "#0"},
				"up": {"uv": [2.125, 14.875, 2, 14.5], "texture": "#0"},
				"down": {"uv": [14.625, 2, 14.5, 2.375], "texture": "#0"}
			}
		},
		{
			"name": "main",
			"from": [7.5192, 5.2934, 2.657],
			"to": [8.4808, 5.6098, 3.4118],
			"faces": {
				"north": {"uv": [7.5, 14, 8, 14.125], "texture": "#0"},
				"east": {"uv": [2.5, 14.5, 2.875, 14.625], "texture": "#0"},
				"south": {"uv": [14, 7.5, 14.5, 7.625], "texture": "#0"},
				"west": {"uv": [14.5, 2.5, 14.875, 2.625], "texture": "#0"},
				"up": {"uv": [13.5, 6.875, 13, 6.5], "texture": "#0"},
				"down": {"uv": [13.5, 7.5, 13, 7.875], "texture": "#0"}
			}
		},
		{
			"name": "main",
			"from": [7.4192, 4.8934, 11.057],
			"to": [8.5808, 5.6098, 12.3118],
			"faces": {
				"north": {"uv": [12.5, 12, 13.125, 12.375], "texture": "#0"},
				"east": {"uv": [12.5, 12.5, 13.125, 12.875], "texture": "#0"},
				"south": {"uv": [0, 13, 0.625, 13.375], "texture": "#0"},
				"west": {"uv": [13, 0, 13.625, 0.375], "texture": "#0"},
				"up": {"uv": [12.125, 10.625, 11.5, 10], "texture": "#0"},
				"down": {"uv": [12.125, 11, 11.5, 11.625], "texture": "#0"}
			}
		},
		{
			"name": "main",
			"from": [7.4192, 4.8934, 7.307],
			"to": [8.5808, 5.6098, 8.5618],
			"faces": {
				"north": {"uv": [13, 1, 13.625, 1.375], "texture": "#0"},
				"east": {"uv": [13, 1.5, 13.625, 1.875], "texture": "#0"},
				"south": {"uv": [2.5, 13, 3.125, 13.375], "texture": "#0"},
				"west": {"uv": [13, 3.5, 13.625, 3.875], "texture": "#0"},
				"up": {"uv": [0.625, 12.625, 0, 12], "texture": "#0"},
				"down": {"uv": [12.625, 0, 12, 0.625], "texture": "#0"}
			}
		},
		{
			"name": "main",
			"from": [7.6192, 5.1934, -0.643],
			"to": [8.3808, 5.5098, 3.1118],
			"faces": {
				"north": {"uv": [4.5, 14.5, 4.875, 14.625], "texture": "#0"},
				"east": {"uv": [13, 4, 14.875, 4.125], "texture": "#0"},
				"south": {"uv": [14.5, 4.5, 14.875, 4.625], "texture": "#0"},
				"west": {"uv": [4.5, 13, 6.375, 13.125], "texture": "#0"},
				"up": {"uv": [7.375, 11.875, 7, 10], "texture": "#0"},
				"down": {"uv": [7.875, 10, 7.5, 11.875], "texture": "#0"}
			}
		},
		{
			"name": "main",
			"from": [7.6442, 2.1106, 13.5522],
			"to": [8.3558, 3.177, 13.807],
			"faces": {
				"north": {"uv": [13, 8.5, 13.375, 9], "texture": "#0"},
				"east": {"uv": [14, 13.5, 14.125, 14], "texture": "#0"},
				"south": {"uv": [9, 13, 9.375, 13.5], "texture": "#0"},
				"west": {"uv": [14, 14, 14.125, 14.5], "texture": "#0"},
				"up": {"uv": [5.375, 14.625, 5, 14.5], "texture": "#0"},
				"down": {"uv": [5.875, 14.5, 5.5, 14.625], "texture": "#0"}
			}
		},
		{
			"name": "main",
			"from": [7.6442, 2.3606, 11.5522],
			"to": [8.3558, 3.177, 11.807],
			"faces": {
				"north": {"uv": [2.5, 13.5, 2.875, 13.875], "texture": "#0"},
				"east": {"uv": [6, 14.5, 6.125, 14.875], "texture": "#0"},
				"south": {"uv": [13.5, 2.5, 13.875, 2.875], "texture": "#0"},
				"west": {"uv": [6.5, 14.5, 6.625, 14.875], "texture": "#0"},
				"up": {"uv": [14.875, 6.625, 14.5, 6.5], "texture": "#0"},
				"down": {"uv": [7.375, 14.5, 7, 14.625], "texture": "#0"}
			}
		},
		{
			"name": "main",
			"from": [7.6442, 2.60882, 12.97542],
			"to": [8.3558, 3.22522, 13.23022],
			"faces": {
				"north": {"uv": [2, 14, 2.375, 14.25], "texture": "#0"},
				"east": {"uv": [15, 4.5, 15.125, 4.75], "texture": "#0"},
				"south": {"uv": [14, 2, 14.375, 2.25], "texture": "#0"},
				"west": {"uv": [5, 15, 5.125, 15.25], "texture": "#0"},
				"up": {"uv": [14.875, 7.125, 14.5, 7], "texture": "#0"},
				"down": {"uv": [7.875, 14.5, 7.5, 14.625], "texture": "#0"}
			}
		},
		{
			"name": "main",
			"from": [7.6442, 2.54803, 12.58346],
			"to": [8.3558, 2.80283, 13.14986],
			"rotation": {"angle": -45, "axis": "x", "origin": [8, 2.67543, 13.11666]},
			"faces": {
				"north": {"uv": [14.5, 7.5, 14.875, 7.625], "texture": "#0"},
				"east": {"uv": [15, 5, 15.25, 5.125], "texture": "#0"},
				"south": {"uv": [8, 14.5, 8.375, 14.625], "texture": "#0"},
				"west": {"uv": [5.5, 15, 5.75, 15.125], "texture": "#0"},
				"up": {"uv": [2.875, 14.25, 2.5, 14], "texture": "#0"},
				"down": {"uv": [14.375, 2.5, 14, 2.75], "texture": "#0"}
			}
		},
		{
			"name": "main",
			"from": [7.6453, 1.85494, 11.80463],
			"to": [8.3547, 2.56914, 12.05723],
			"rotation": {"angle": -45, "axis": "x", "origin": [8, 2.16204, 11.93093]},
			"faces": {
				"north": {"uv": [3, 13.5, 3.375, 13.875], "texture": "#0"},
				"east": {"uv": [14.5, 8, 14.625, 8.375], "texture": "#0"},
				"south": {"uv": [3.5, 13.5, 3.875, 13.875], "texture": "#0"},
				"west": {"uv": [8.5, 14.5, 8.625, 14.875], "texture": "#0"},
				"up": {"uv": [14.875, 8.625, 14.5, 8.5], "texture": "#0"},
				"down": {"uv": [9.375, 14.5, 9, 14.625], "texture": "#0"}
			}
		},
		{
			"name": "main",
			"from": [7.6442, 1.8558, 12.0522],
			"to": [8.3558, 2.1106, 13.807],
			"faces": {
				"north": {"uv": [14.5, 9, 14.875, 9.125], "texture": "#0"},
				"east": {"uv": [9, 13.5, 9.875, 13.625], "texture": "#0"},
				"south": {"uv": [9.5, 14.5, 9.875, 14.625], "texture": "#0"},
				"west": {"uv": [13.5, 9, 14.375, 9.125], "texture": "#0"},
				"up": {"uv": [7.375, 12.875, 7, 12], "texture": "#0"},
				"down": {"uv": [7.875, 12, 7.5, 12.875], "texture": "#0"}
			}
		},
		{
			"name": "main",
			"from": [7.39514, 1.6691, 13.6862],
			"to": [8.60486, 3.48362, 18.65912],
			"rotation": {"angle": 45, "axis": "x", "origin": [8, 2.57636, 16.17266]},
			"faces": {
				"north": {"uv": [11, 0, 11.625, 0.875], "texture": "#0"},
				"east": {"uv": [7, 2, 9.5, 2.875], "texture": "#0"},
				"south": {"uv": [11, 1, 11.625, 1.875], "texture": "#0"},
				"west": {"uv": [7, 3, 9.5, 3.875], "texture": "#0"},
				"up": {"uv": [8.625, 9.5, 8, 7], "texture": "#0"},
				"down": {"uv": [2.625, 9, 2, 11.5], "texture": "#0"}
			}
		},
		{
			"name": "main",
			"from": [7.39604, 0.81086, 17.36972],
			"to": [8.60396, 2.79158, 22.46684],
			"rotation": {"angle": 22.5, "axis": "x", "origin": [8, 1.88522, 19.85528]},
			"faces": {
				"north": {"uv": [7, 5, 7.625, 6], "texture": "#0"},
				"east": {"uv": [4, 6, 6.5, 7], "texture": "#0"},
				"south": {"uv": [8, 5, 8.625, 6], "texture": "#0"},
				"west": {"uv": [6.5, 6, 9, 7], "texture": "#0"},
				"up": {"uv": [3.625, 11.5, 3, 9], "texture": "#0"},
				"down": {"uv": [9.625, 5, 9, 7.5], "texture": "#0"}
			}
		},
		{
			"name": "main",
			"from": [7.39688, 1.86214, 17.90699],
			"to": [8.60312, 3.67318, 27.91643],
			"faces": {
				"north": {"uv": [11, 5, 11.625, 5.875], "texture": "#0"},
				"east": {"uv": [2, 2, 7, 2.875], "texture": "#0"},
				"south": {"uv": [11, 6, 11.625, 6.875], "texture": "#0"},
				"west": {"uv": [2, 3, 7, 3.875], "texture": "#0"},
				"up": {"uv": [2.625, 9, 2, 4], "texture": "#0"},
				"down": {"uv": [3.625, 4, 3, 9], "texture": "#0"}
			}
		},
		{
			"name": "main",
			"from": [7.39688, -0.16226, 21.81299],
			"to": [8.60312, 1.85878, 27.91643],
			"faces": {
				"north": {"uv": [9.5, 3, 10.125, 4], "texture": "#0"},
				"east": {"uv": [4, 4, 7, 5], "texture": "#0"},
				"south": {"uv": [10, 9.5, 10.625, 10.5], "texture": "#0"},
				"west": {"uv": [4, 5, 7, 6], "texture": "#0"},
				"up": {"uv": [6.625, 10, 6, 7], "texture": "#0"},
				"down": {"uv": [7.625, 7, 7, 10], "texture": "#0"}
			}
		},
		{
			"name": "main",
			"from": [7.3952, 3.1616, -9.0352],
			"to": [8.6048, 4.446, -4.1968],
			"faces": {
				"north": {"uv": [1, 12, 1.625, 12.625], "texture": "#0"},
				"east": {"uv": [9, 7.5, 11.375, 8.125], "texture": "#0"},
				"south": {"uv": [12, 1, 12.625, 1.625], "texture": "#0"},
				"west": {"uv": [9, 8.5, 11.375, 9.125], "texture": "#0"},
				"up": {"uv": [8.625, 11.875, 8, 9.5], "texture": "#0"},
				"down": {"uv": [9.625, 9.5, 9, 11.875], "texture": "#0"}
			}
		},
		{
			"name": "main",
			"from": [7.8452, 3.1616, -11.8736],
			"to": [8.1548, 3.471, -9.0352],
			"faces": {
				"north": {"uv": [15, 13, 15.125, 13.125], "texture": "#0"},
				"east": {"uv": [10, 13, 11.375, 13.125], "texture": "#0"},
				"south": {"uv": [13.5, 15, 13.625, 15.125], "texture": "#0"},
				"west": {"uv": [13, 10, 14.375, 10.125], "texture": "#0"},
				"up": {"uv": [13.125, 11.875, 13, 10.5], "texture": "#0"},
				"down": {"uv": [11.625, 13, 11.5, 14.375], "texture": "#0"}
			}
		},
		{
			"name": "main",
			"from": [7.8202, 3.1366, -12.962],
			"to": [8.1798, 3.496, -11.8736],
			"faces": {
				"north": {"uv": [15, 13.5, 15.125, 13.625], "texture": "#0"},
				"east": {"uv": [0, 14.5, 0.5, 14.625], "texture": "#0"},
				"south": {"uv": [14, 15, 14.125, 15.125], "texture": "#0"},
				"west": {"uv": [14.5, 0, 15, 0.125], "texture": "#0"},
				"up": {"uv": [0.625, 15, 0.5, 14.5], "texture": "#0"},
				"down": {"uv": [14.625, 0.5, 14.5, 1], "texture": "#0"}
			}
		},
		{
			"name": "main",
			"from": [7.7452, 3.3616, -10.1236],
			"to": [8.2548, 4.021, -9.0352],
			"faces": {
				"north": {"uv": [3, 14, 3.25, 14.375], "texture": "#0"},
				"east": {"uv": [13, 9, 13.5, 9.375], "texture": "#0"},
				"south": {"uv": [3.5, 14, 3.75, 14.375], "texture": "#0"},
				"west": {"uv": [9.5, 13, 10, 13.375], "texture": "#0"},
				"up": {"uv": [8.75, 14, 8.5, 13.5], "texture": "#0"},
				"down": {"uv": [13.75, 8.5, 13.5, 9], "texture": "#0"}
			}
		},
		{
			"name": "main",
			"from": [7.6052, 4.0016, -15.1],
			"to": [8.3948, 4.7912, -4.1968],
			"faces": {
				"north": {"uv": [4, 13.5, 4.375, 13.875], "texture": "#0"},
				"east": {"uv": [7, 4, 12.375, 4.375], "texture": "#0"},
				"south": {"uv": [4.5, 13.5, 4.875, 13.875], "texture": "#0"},
				"west": {"uv": [7, 4.5, 12.375, 4.875], "texture": "#0"},
				"up": {"uv": [5.375, 12.375, 5, 7], "texture": "#0"},
				"down": {"uv": [5.875, 7, 5.5, 12.375], "texture": "#0"}
			}
		},
		{
			"name": "main",
			"from": [7.5802, 3.9766, -14.3],
			"to": [8.4198, 4.8162, -12.4968],
			"faces": {
				"north": {"uv": [5, 13.5, 5.375, 13.875], "texture": "#0"},
				"east": {"uv": [12, 6.5, 12.875, 6.875], "texture": "#0"},
				"south": {"uv": [5.5, 13.5, 5.875, 13.875], "texture": "#0"},
				"west": {"uv": [12, 7.5, 12.875, 7.875], "texture": "#0"},
				"up": {"uv": [8.375, 12.875, 8, 12], "texture": "#0"},
				"down": {"uv": [12.375, 8, 12, 8.875], "texture": "#0"}
			}
		},
		{
			"name": "main",
			"from": [7.8312, 5.1172, -14.299],
			"to": [8.1688, 5.7048, -13.4978],
			"faces": {
				"north": {"uv": [15, 5.5, 15.125, 5.75], "texture": "#0"},
				"east": {"uv": [14, 3.5, 14.375, 3.75], "texture": "#0"},
				"south": {"uv": [6, 15, 6.125, 15.25], "texture": "#0"},
				"west": {"uv": [4, 14, 4.375, 14.25], "texture": "#0"},
				"up": {"uv": [14.625, 9.875, 14.5, 9.5], "texture": "#0"},
				"down": {"uv": [10.125, 14.5, 10, 14.875], "texture": "#0"}
			}
		},
		{
			"name": "main",
			"from": [7.8302, 4.6162, -14.3],
			"to": [8.1698, 5.2058, -13.4968],
			"faces": {
				"north": {"uv": [15, 5.5, 15.125, 5.75], "texture": "#0"},
				"east": {"uv": [14, 3.5, 14.375, 3.75], "texture": "#0"},
				"south": {"uv": [6, 15, 6.125, 15.25], "texture": "#0"},
				"west": {"uv": [4, 14, 4.375, 14.25], "texture": "#0"},
				"up": {"uv": [14.625, 9.875, 14.5, 9.5], "texture": "#0"},
				"down": {"uv": [10.125, 14.5, 10, 14.875], "texture": "#0"}
			}
		},
		{
			"name": "main",
			"from": [7.8317, 4.5477, -13.7385],
			"to": [8.1683, 5.1343, -12.9383],
			"faces": {
				"north": {"uv": [15, 5.5, 15.125, 5.75], "texture": "#0"},
				"east": {"uv": [14, 3.5, 14.375, 3.75], "texture": "#0"},
				"south": {"uv": [6, 15, 6.125, 15.25], "texture": "#0"},
				"west": {"uv": [4, 14, 4.375, 14.25], "texture": "#0"},
				"up": {"uv": [14.625, 9.875, 14.5, 9.5], "texture": "#0"},
				"down": {"uv": [10.125, 14.5, 10, 14.875], "texture": "#0"}
			}
		},
		{
			"name": "main",
			"from": [7.8322, 4.92057, -13.82088],
			"to": [8.1678, 5.50617, -13.02168],
			"rotation": {"angle": 45, "axis": "x", "origin": [8, 5.21337, -13.42128]},
			"faces": {
				"north": {"uv": [15, 6, 15.125, 6.25], "texture": "#0"},
				"east": {"uv": [4.5, 14, 4.875, 14.25], "texture": "#0"},
				"south": {"uv": [6.5, 15, 6.625, 15.25], "texture": "#0"},
				"west": {"uv": [14, 4.5, 14.375, 4.75], "texture": "#0"},
				"up": {"uv": [14.625, 10.375, 14.5, 10], "texture": "#0"},
				"down": {"uv": [10.625, 14.5, 10.5, 14.875], "texture": "#0"}
			}
		},
		{
			"name": "muzzleflash",
			"from": [7.99, 4.35, -15.15],
			"to": [7.99, 4.35, -15.15],
			"faces": {
				"north": {"uv": [14.5, 10, 15.125, 10.625], "texture": "#0"},
				"east": {"uv": [13.5, 14, 14.25, 14.625], "texture": "#0"},
				"south": {"uv": [14.5, 11, 15.125, 11.625], "texture": "#0"},
				"west": {"uv": [14.5, 0, 15.25, 0.625], "texture": "#0"},
				"up": {"uv": [15.125, 5.25, 14.5, 4.5], "texture": "#0"},
				"down": {"uv": [6.625, 14.5, 6, 15.25], "texture": "#0"}
			}
		},
		{
			"name": "bolt",
			"from": [7.4192, 4.8934, 12.957],
			"to": [8.5808, 5.6098, 13.9618],
			"faces": {
				"north": {"uv": [13, 0.5, 13.625, 0.875], "texture": "#0"},
				"east": {"uv": [13, 8, 13.5, 8.375], "texture": "#0"},
				"south": {"uv": [1, 13, 1.625, 13.375], "texture": "#0"},
				"west": {"uv": [8.5, 13, 9, 13.375], "texture": "#0"},
				"up": {"uv": [9.125, 12.5, 8.5, 12], "texture": "#0"},
				"down": {"uv": [12.625, 9, 12, 9.5], "texture": "#0"}
			}
		},
		{
			"name": "eject",
			"from": [8.09, 5.3, 9.8],
			"to": [8.09, 5.3, 9.8],
			"faces": {
				"north": {"uv": [14.5, 10, 15.125, 10.625], "texture": "#0"},
				"east": {"uv": [13.5, 14, 14.25, 14.625], "texture": "#0"},
				"south": {"uv": [14.5, 11, 15.125, 11.625], "texture": "#0"},
				"west": {"uv": [14.5, 0, 15.25, 0.625], "texture": "#0"},
				"up": {"uv": [15.125, 5.25, 14.5, 4.5], "texture": "#0"},
				"down": {"uv": [6.625, 14.5, 6, 15.25], "texture": "#0"}
			}
		}
	],
	"display": {
		"thirdperson_righthand": {
			"rotation": [-0.09, -3.84, 1.04],
			"translation": [0, 3.5, -3.25],
			"scale": [0.75, 0.75, 0.75]
		},
		"firstperson_righthand": {
			"rotation": [-27.15, 55.26, 33.51],
			"translation": [-15.25, 5.75, 1]
		},
		"ground": {
			"translation": [0, 2.5, 0]
		},
		"gui": {
			"rotation": [90, 45, -90],
			"translation": [2.75, 1.25, 0],
			"scale": [0.6, 0.6, 0.6]
		},
		"fixed": {
			"rotation": [90, 45, -90],
			"translation": [3.5, 3.25, 0]
		}
	},
	"groups": [
		{
			"name": "handle",
			"origin": [8, 5.05957, 14.5267],
			"color": 0,
			"children": [0, 1, 2, 3, 4, 5, 6]
		},
		7,
		8,
		9,
		10,
		11,
		12,
		13,
		14,
		15,
		16,
		17,
		18,
		19,
		20,
		21,
		22,
		23,
		24,
		25,
		26,
		27,
		28,
		29,
		30,
		31,
		32,
		33,
		34,
		35,
		36,
		37,
		38,
		39
	]
}