{
	"credit": "Made by tjwhangLeime",
	"texture_size": [64, 64],
	"textures": {
		"0": "weapons/gun_mg42",
		"1": "weapons/gun_mg34",
		"particle": "weapons/gun_mg42"
	},
	"elements": [
		{
			"name": "main",
			"from": [4.95018, 3.33775, 19.77401],
			"to": [6.24981, 4.11725, 21.24702],
			"rotation": {"angle": 45, "axis": "x", "origin": [5.6, 4.0309, 20.72724]},
			"faces": {
				"north": {"uv": [7.75, 4.25, 8.1875, 4.5], "texture": "#0"},
				"east": {"uv": [7.5, 6.5, 8, 6.75], "texture": "#0"},
				"south": {"uv": [7.75, 4.5, 8.1875, 4.75], "texture": "#0"},
				"west": {"uv": [7.75, 0, 8.25, 0.25], "texture": "#0"},
				"up": {"uv": [6.6875, 6.25, 6.25, 5.75], "texture": "#0"},
				"down": {"uv": [6.6875, 6.25, 6.25, 6.75], "texture": "#0"}
			}
		},
		{
			"name": "main",
			"from": [4.95018, 5.17553, 20.20745],
			"to": [6.24981, 6.12841, 21.24702],
			"rotation": {"angle": 45, "axis": "x", "origin": [5.6, 4.0309, 20.72724]},
			"faces": {
				"north": {"uv": [7.5, 3.5, 7.9375, 3.8125], "texture": "#0"},
				"east": {"uv": [7.75, 1.25, 8.125, 1.5625], "texture": "#0"},
				"south": {"uv": [3.75, 7.5, 4.1875, 7.8125], "texture": "#0"},
				"west": {"uv": [1.75, 7.75, 2.125, 8.0625], "texture": "#0"},
				"up": {"uv": [7.6875, 7.125, 7.25, 6.75], "texture": "#0"},
				"down": {"uv": [7.6875, 7.25, 7.25, 7.625], "texture": "#0"}
			}
		},
		{
			"name": "main",
			"from": [5.80854, 3.60618, 15.1433],
			"to": [5.96457, 4.21299, 16.5303],
			"faces": {
				"north": {"uv": [9.25, 8, 9.3125, 8.1875], "texture": "#0"},
				"east": {"uv": [7, 7.75, 7.5, 7.9375], "texture": "#0"},
				"south": {"uv": [8.25, 9.25, 8.3125, 9.4375], "texture": "#0"},
				"west": {"uv": [7.75, 7.25, 8.25, 7.4375], "texture": "#0"},
				"up": {"uv": [8.8125, 8.25, 8.75, 7.75], "texture": "#0"},
				"down": {"uv": [8.0625, 8.75, 8, 9.25], "texture": "#0"}
			}
		},
		{
			"name": "main",
			"from": [5.6, 3.20991, -2.09334],
			"to": [5.6, 4.39255, -1.04334],
			"faces": {
				"north": {"uv": [0, 0, 0, 0.4375], "texture": "#0"},
				"east": {"uv": [6.25, 7.25, 6.625, 7.6875], "texture": "#0"},
				"south": {"uv": [0, 0, 0, 0.4375], "texture": "#0"},
				"west": {"uv": [6.75, 7.25, 7.125, 7.6875], "texture": "#0"},
				"up": {"uv": [0, 0.375, 0, 0], "texture": "#0"},
				"down": {"uv": [0, 0, 0, 0.375], "texture": "#0"}
			}
		},
		{
			"name": "main",
			"from": [5.23498, 0.65631, 15.05806],
			"to": [5.96502, 1.27615, 15.05526],
			"faces": {
				"north": {"uv": [5.75, 5.25, 5.5, 5.5], "texture": "#0"},
				"east": {"uv": [0, 0, 0, 0.25], "texture": "#0"},
				"south": {"uv": [5.5, 5.25, 5.75, 5.5], "texture": "#0"},
				"west": {"uv": [0, 0, 0, 0.25], "texture": "#0"},
				"up": {"uv": [0.25, 0, 0, 0], "texture": "#0"},
				"down": {"uv": [0.25, 0, 0, 0], "texture": "#0"}
			}
		},
		{
			"name": "main",
			"from": [5.40998, 1.11131, 14.0347],
			"to": [5.79002, 2.04615, 15.16026],
			"faces": {
				"north": {"uv": [8.75, 1.25, 8.875, 1.5625], "texture": "#0"},
				"east": {"uv": [7.75, 0.25, 8.125, 0.5625], "texture": "#0"},
				"south": {"uv": [2, 8.75, 2.125, 9.0625], "texture": "#0"},
				"west": {"uv": [7.75, 0.75, 8.125, 1.0625], "texture": "#0"},
				"up": {"uv": [8.625, 6.625, 8.5, 6.25], "texture": "#0"},
				"down": {"uv": [8.625, 6.75, 8.5, 7.125], "texture": "#0"}
			}
		},
		{
			"name": "main",
			"from": [5.33963, 3.87411, 12.70977],
			"to": [5.86037, 4.06815, 13.62602],
			"faces": {
				"north": {"uv": [7.5, 9.25, 7.6875, 9.3125], "texture": "#0"},
				"east": {"uv": [9, 9, 9.3125, 9.0625], "texture": "#0"},
				"south": {"uv": [8, 9.25, 8.1875, 9.3125], "texture": "#0"},
				"west": {"uv": [0, 9.25, 0.3125, 9.3125], "texture": "#0"},
				"up": {"uv": [7.4375, 8.5625, 7.25, 8.25], "texture": "#0"},
				"down": {"uv": [7.6875, 8.25, 7.5, 8.5625], "texture": "#0"}
			}
		},
		{
			"name": "main",
			"from": [5.33963, 3.17411, 13.62602],
			"to": [5.86037, 4.06815, 14.54227],
			"faces": {
				"north": {"uv": [8.25, 6.5, 8.4375, 6.8125], "texture": "#0"},
				"east": {"uv": [6.5, 7.75, 6.8125, 8.0625], "texture": "#0"},
				"south": {"uv": [6.75, 8.25, 6.9375, 8.5625], "texture": "#0"},
				"west": {"uv": [7.75, 6.75, 8.0625, 7.0625], "texture": "#0"},
				"up": {"uv": [7.1875, 8.5625, 7, 8.25], "texture": "#0"},
				"down": {"uv": [8.4375, 7, 8.25, 7.3125], "texture": "#0"}
			}
		},
		{
			"name": "main",
			"from": [5.33963, 1.23888, 14.18501],
			"to": [5.86037, 1.99292, 15.03126],
			"faces": {
				"north": {"uv": [5.75, 8.5, 5.9375, 8.75], "texture": "#0"},
				"east": {"uv": [7, 8, 7.3125, 8.25], "texture": "#0"},
				"south": {"uv": [8.5, 6, 8.6875, 6.25], "texture": "#0"},
				"west": {"uv": [7.5, 8, 7.8125, 8.25], "texture": "#0"},
				"up": {"uv": [6.4375, 8.5625, 6.25, 8.25], "texture": "#0"},
				"down": {"uv": [6.6875, 8.25, 6.5, 8.5625], "texture": "#0"}
			}
		},
		{
			"name": "main",
			"from": [5.34033, 1.75311, 13.90952],
			"to": [5.85966, 3.38075, 14.75437],
			"rotation": {"angle": -22.5, "axis": "x", "origin": [5.6, 2.56693, 14.2886]},
			"faces": {
				"north": {"uv": [5.5, 7.75, 5.6875, 8.3125], "texture": "#0"},
				"east": {"uv": [3.25, 7, 3.5625, 7.5625], "texture": "#0"},
				"south": {"uv": [5.75, 7.75, 5.9375, 8.3125], "texture": "#0"},
				"west": {"uv": [4.75, 7, 5.0625, 7.5625], "texture": "#0"},
				"up": {"uv": [6.1875, 8.5625, 6, 8.25], "texture": "#0"},
				"down": {"uv": [8.4375, 6, 8.25, 6.3125], "texture": "#0"}
			}
		},
		{
			"name": "main",
			"from": [5.40963, 1.75241, 13.76882],
			"to": [5.79037, 3.38145, 14.89507],
			"rotation": {"angle": -22.5, "axis": "x", "origin": [5.6, 2.56693, 14.2886]},
			"faces": {
				"north": {"uv": [3.25, 8.25, 3.375, 8.8125], "texture": "#0"},
				"east": {"uv": [1, 6.75, 1.375, 7.3125], "texture": "#0"},
				"south": {"uv": [3.5, 8.25, 3.625, 8.8125], "texture": "#0"},
				"west": {"uv": [3.75, 6.75, 4.125, 7.3125], "texture": "#0"},
				"up": {"uv": [8.625, 5.625, 8.5, 5.25], "texture": "#0"},
				"down": {"uv": [5.625, 8.5, 5.5, 8.875], "texture": "#0"}
			}
		},
		{
			"name": "main",
			"from": [5.40928, 3.12073, 13.49622],
			"to": [5.79071, 3.7102, 14.70986],
			"faces": {
				"north": {"uv": [9, 7.25, 9.125, 7.4375], "texture": "#0"},
				"east": {"uv": [8, 5.25, 8.4375, 5.4375], "texture": "#0"},
				"south": {"uv": [7.5, 9, 7.625, 9.1875], "texture": "#0"},
				"west": {"uv": [8, 5.5, 8.4375, 5.6875], "texture": "#0"},
				"up": {"uv": [8.625, 1.6875, 8.5, 1.25], "texture": "#0"},
				"down": {"uv": [1.875, 8.5, 1.75, 8.9375], "texture": "#0"}
			}
		},
		{
			"name": "main",
			"from": [5.40963, 2.94356, 12.94761],
			"to": [5.79037, 3.30696, 13.10295],
			"rotation": {"angle": 45, "axis": "x", "origin": [5.6, 3.03857, 13.02528]},
			"faces": {
				"north": {"uv": [9.25, 3.75, 9.375, 3.875], "texture": "#0"},
				"east": {"uv": [3, 9.5, 3.0625, 9.625], "texture": "#0"},
				"south": {"uv": [4, 9.25, 4.125, 9.375], "texture": "#0"},
				"west": {"uv": [9.5, 3, 9.5625, 3.125], "texture": "#0"},
				"up": {"uv": [3.375, 9.5625, 3.25, 9.5], "texture": "#0"},
				"down": {"uv": [9.625, 3.25, 9.5, 3.3125], "texture": "#0"}
			}
		},
		{
			"name": "main",
			"from": [5.40963, 3.17343, 13.09713],
			"to": [5.79037, 3.7102, 13.26998],
			"faces": {
				"north": {"uv": [9, 7, 9.125, 7.1875], "texture": "#0"},
				"east": {"uv": [7.25, 9.25, 7.3125, 9.4375], "texture": "#0"},
				"south": {"uv": [7.25, 9, 7.375, 9.1875], "texture": "#0"},
				"west": {"uv": [9.25, 7.25, 9.3125, 7.4375], "texture": "#0"},
				"up": {"uv": [2.875, 9.5625, 2.75, 9.5], "texture": "#0"},
				"down": {"uv": [9.625, 2.75, 9.5, 2.8125], "texture": "#0"}
			}
		},
		{
			"name": "main",
			"from": [5.40963, 3.00005, 12.1959],
			"to": [5.79037, 3.7102, 12.35125],
			"faces": {
				"north": {"uv": [8.75, 7.5, 8.875, 7.75], "texture": "#0"},
				"east": {"uv": [9.25, 3.5, 9.3125, 3.75], "texture": "#0"},
				"south": {"uv": [7.75, 8.75, 7.875, 9], "texture": "#0"},
				"west": {"uv": [3.75, 9.25, 3.8125, 9.5], "texture": "#0"},
				"up": {"uv": [2.625, 9.5625, 2.5, 9.5], "texture": "#0"},
				"down": {"uv": [9.625, 2.5, 9.5, 2.5625], "texture": "#0"}
			}
		},
		{
			"name": "main",
			"from": [5.40998, 2.74497, 12.19825],
			"to": [5.79002, 2.89962, 12.80368],
			"rotation": {"angle": 45, "axis": "x", "origin": [5.6, 2.86565, 12.50096]},
			"faces": {
				"north": {"uv": [2.25, 9.5, 2.375, 9.5625], "texture": "#0"},
				"east": {"uv": [7, 9.25, 7.1875, 9.3125], "texture": "#0"},
				"south": {"uv": [9.5, 2.25, 9.625, 2.3125], "texture": "#0"},
				"west": {"uv": [9.25, 7, 9.4375, 7.0625], "texture": "#0"},
				"up": {"uv": [9.125, 6.9375, 9, 6.75], "texture": "#0"},
				"down": {"uv": [7.125, 9, 7, 9.1875], "texture": "#0"}
			}
		},
		{
			"name": "main",
			"from": [5.40963, 2.56627, 12.62969],
			"to": [5.79037, 2.72161, 13.92932],
			"faces": {
				"north": {"uv": [2, 9.5, 2.125, 9.5625], "texture": "#0"},
				"east": {"uv": [0.5, 9, 0.9375, 9.0625], "texture": "#0"},
				"south": {"uv": [9.5, 2, 9.625, 2.0625], "texture": "#0"},
				"west": {"uv": [9, 0.5, 9.4375, 0.5625], "texture": "#0"},
				"up": {"uv": [7.875, 8.6875, 7.75, 8.25], "texture": "#0"},
				"down": {"uv": [8.625, 0.75, 8.5, 1.1875], "texture": "#0"}
			}
		},
		{
			"name": "main",
			"from": [5.40928, 3.7102, 12.1959],
			"to": [5.79071, 4.21299, 15.40336],
			"faces": {
				"north": {"uv": [9, 6.25, 9.125, 6.4375], "texture": "#0"},
				"east": {"uv": [6.5, 0.75, 7.625, 0.9375], "texture": "#0"},
				"south": {"uv": [9, 6.5, 9.125, 6.6875], "texture": "#0"},
				"west": {"uv": [2.5, 6.75, 3.625, 6.9375], "texture": "#0"},
				"up": {"uv": [1.125, 8.625, 1, 7.5], "texture": "#0"},
				"down": {"uv": [1.375, 7.5, 1.25, 8.625], "texture": "#0"}
			}
		},
		{
			"name": "main",
			"from": [4.94984, 3.17274, 20.60464],
			"to": [6.25016, 4.21299, 21.99165],
			"faces": {
				"north": {"uv": [7.25, 5.25, 7.6875, 5.625], "texture": "#0"},
				"east": {"uv": [6.75, 6.75, 7.25, 7.125], "texture": "#0"},
				"south": {"uv": [7.25, 5.75, 7.6875, 6.125], "texture": "#0"},
				"west": {"uv": [0, 7, 0.5, 7.375], "texture": "#0"},
				"up": {"uv": [3.6875, 6.75, 3.25, 6.25], "texture": "#0"},
				"down": {"uv": [6.6875, 4.75, 6.25, 5.25], "texture": "#0"}
			}
		},
		{
			"name": "main",
			"from": [4.95018, 4.21842, 14.36635],
			"to": [6.24981, 4.91123, 16.44616],
			"rotation": {"angle": 22.5, "axis": "x", "origin": [5.6, 4.56483, 17.14002]},
			"faces": {
				"north": {"uv": [7.75, 2.75, 8.1875, 3], "texture": "#0"},
				"east": {"uv": [6.75, 6.25, 7.5, 6.5], "texture": "#0"},
				"south": {"uv": [3.25, 7.75, 3.6875, 8], "texture": "#0"},
				"west": {"uv": [6.75, 6.5, 7.5, 6.75], "texture": "#0"},
				"up": {"uv": [2.9375, 6.25, 2.5, 5.5], "texture": "#0"},
				"down": {"uv": [5.9375, 2.5, 5.5, 3.25], "texture": "#0"}
			}
		},
		{
			"name": "main",
			"from": [4.94984, 5.25325, 9.16182],
			"to": [6.25016, 5.94675, 14.70986],
			"faces": {
				"north": {"uv": [7.75, 2.5, 8.1875, 2.75], "texture": "#0"},
				"east": {"uv": [3.5, 2.5, 5.5, 2.75], "texture": "#0"},
				"south": {"uv": [2.75, 7.75, 3.1875, 8], "texture": "#0"},
				"west": {"uv": [3.5, 2.75, 5.5, 3], "texture": "#0"},
				"up": {"uv": [1.4375, 5.5, 1, 3.5], "texture": "#0"},
				"down": {"uv": [1.9375, 3.5, 1.5, 5.5], "texture": "#0"}
			}
		},
		{
			"name": "main",
			"from": [4.82944, 4.21299, -3.9454],
			"to": [6.37056, 4.21299, 5.51888],
			"faces": {
				"north": {"uv": [0, 0, 0.5625, 0], "texture": "#0"},
				"east": {"uv": [0, 0, 3.375, 0], "texture": "#0"},
				"south": {"uv": [0, 0, 0.5625, 0], "texture": "#0"},
				"west": {"uv": [0, 0, 3.375, 0], "texture": "#0"},
				"up": {"uv": [2.0625, 3.375, 1.5, 0], "texture": "#0"},
				"down": {"uv": [2.8125, 0, 2.25, 3.375], "texture": "#0"}
			}
		},
		{
			"name": "main",
			"from": [4.84582, 4.52945, 5.5221],
			"to": [4.84582, 5.29945, 6.72638],
			"faces": {
				"north": {"uv": [0, 0, 0, 0.25], "texture": "#0"},
				"east": {"uv": [7.75, 1.75, 8.1875, 2], "texture": "#0"},
				"south": {"uv": [0, 0, 0, 0.25], "texture": "#0"},
				"west": {"uv": [2.25, 7.75, 2.6875, 8], "texture": "#0"},
				"up": {"uv": [0, 0.4375, 0, 0], "texture": "#0"},
				"down": {"uv": [0, 0, 0, 0.4375], "texture": "#0"}
			}
		},
		{
			"name": "main",
			"from": [4.84582, 4.21445, -3.9454],
			"to": [4.84582, 5.61445, 5.51888],
			"faces": {
				"north": {"uv": [0, 0, 0, 0.5], "texture": "#0"},
				"east": {"uv": [3, 0, 6.375, 0.5], "texture": "#0"},
				"south": {"uv": [0, 0, 0, 0.5], "texture": "#0"},
				"west": {"uv": [3, 0.5, 6.375, 1], "texture": "#0"},
				"up": {"uv": [0, 3.375, 0, 0], "texture": "#0"},
				"down": {"uv": [0, 0, 0, 3.375], "texture": "#0"}
			}
		},
		{
			"name": "main",
			"from": [4.82944, 5.61445, -3.9454],
			"to": [6.37056, 5.61445, 5.51888],
			"faces": {
				"north": {"uv": [0, 0, 0.5625, 0], "texture": "#0"},
				"east": {"uv": [0, 0, 3.375, 0], "texture": "#0"},
				"south": {"uv": [0, 0, 0.5625, 0], "texture": "#0"},
				"west": {"uv": [0, 0, 3.375, 0], "texture": "#0"},
				"up": {"uv": [0.5625, 3.375, 0, 0], "texture": "#0"},
				"down": {"uv": [1.3125, 0, 0.75, 3.375], "texture": "#0"}
			}
		},
		{
			"name": "main",
			"from": [4.82944, 4.21299, 5.51888],
			"to": [6.37056, 4.53085, 6.70566],
			"faces": {
				"north": {"uv": [8.25, 2.5, 8.8125, 2.625], "texture": "#0"},
				"east": {"uv": [0.5, 8.5, 0.9375, 8.625], "texture": "#0"},
				"south": {"uv": [8.25, 2.75, 8.8125, 2.875], "texture": "#0"},
				"west": {"uv": [8.5, 0.5, 8.9375, 0.625], "texture": "#0"},
				"up": {"uv": [3.0625, 6.6875, 2.5, 6.25], "texture": "#0"},
				"down": {"uv": [6.8125, 3, 6.25, 3.4375], "texture": "#0"}
			}
		},
		{
			"name": "main",
			"from": [4.82944, 5.29659, 5.51888],
			"to": [6.37056, 5.61445, 6.70566],
			"faces": {
				"north": {"uv": [1.75, 8.25, 2.3125, 8.375], "texture": "#0"},
				"east": {"uv": [8.5, 0, 8.9375, 0.125], "texture": "#0"},
				"south": {"uv": [2.5, 8.25, 3.0625, 8.375], "texture": "#0"},
				"west": {"uv": [8.5, 0.25, 8.9375, 0.375], "texture": "#0"},
				"up": {"uv": [6.5625, 2.9375, 6, 2.5], "texture": "#0"},
				"down": {"uv": [5.3125, 6, 4.75, 6.4375], "texture": "#0"}
			}
		},
		{
			"name": "main",
			"from": [6.62774, 4.57419, 8.51166],
			"to": [6.96486, 5.25325, 8.89694],
			"faces": {
				"north": {"uv": [7, 8.75, 7.125, 9], "texture": "#0"},
				"east": {"uv": [8.75, 7, 8.875, 7.25], "texture": "#0"},
				"south": {"uv": [7.25, 8.75, 7.375, 9], "texture": "#0"},
				"west": {"uv": [7.5, 8.75, 7.625, 9], "texture": "#0"},
				"up": {"uv": [9.375, 3.375, 9.25, 3.25], "texture": "#0"},
				"down": {"uv": [3.625, 9.25, 3.5, 9.375], "texture": "#0"}
			}
		},
		{
			"name": "main",
			"from": [6.41102, 4.57419, 7.18726],
			"to": [6.62774, 5.25325, 8.65614],
			"faces": {
				"north": {"uv": [3, 9.25, 3.0625, 9.5], "texture": "#0"},
				"east": {"uv": [7.5, 4, 8, 4.25], "texture": "#0"},
				"south": {"uv": [3.25, 9.25, 3.3125, 9.5], "texture": "#0"},
				"west": {"uv": [5.25, 7.5, 5.75, 7.75], "texture": "#0"},
				"up": {"uv": [8.8125, 7, 8.75, 6.5], "texture": "#0"},
				"down": {"uv": [6.8125, 8.75, 6.75, 9.25], "texture": "#0"}
			}
		},
		{
			"name": "main",
			"from": [5.00444, 4.38799, -5.56982],
			"to": [6.19556, 5.43945, -5.01934],
			"faces": {
				"north": {"uv": [7.25, 4.25, 7.6875, 4.625], "texture": "#0"},
				"east": {"uv": [1.5, 8.25, 1.6875, 8.625], "texture": "#0"},
				"south": {"uv": [7.25, 4.75, 7.6875, 5.125], "texture": "#0"},
				"west": {"uv": [8.25, 1.5, 8.4375, 1.875], "texture": "#0"},
				"up": {"uv": [5.1875, 8.1875, 4.75, 8], "texture": "#0"},
				"down": {"uv": [8.4375, 5, 8, 5.1875], "texture": "#0"}
			}
		},
		{
			"name": "main",
			"from": [5.37194, 5.55855, -6.343],
			"to": [5.82806, 5.84001, -5.58252],
			"rotation": {"angle": -22.5, "axis": "x", "origin": [5.6, 5.69928, -5.75276]},
			"faces": {
				"north": {"uv": [9, 5.75, 9.1875, 5.875], "texture": "#0"},
				"east": {"uv": [8.75, 6.25, 9, 6.375], "texture": "#0"},
				"south": {"uv": [6, 9, 6.1875, 9.125], "texture": "#0"},
				"west": {"uv": [6.5, 8.75, 6.75, 8.875], "texture": "#0"},
				"up": {"uv": [4.9375, 8.75, 4.75, 8.5], "texture": "#0"},
				"down": {"uv": [8.6875, 4.75, 8.5, 5], "texture": "#0"}
			}
		},
		{
			"name": "main",
			"from": [5.36487, 5.61299, -4.53886],
			"to": [5.82099, 6.69945, -4.26838],
			"faces": {
				"north": {"uv": [8.25, 0.5, 8.4375, 0.875], "texture": "#0"},
				"east": {"uv": [8.5, 3.75, 8.625, 4.125], "texture": "#0"},
				"south": {"uv": [8.25, 1, 8.4375, 1.375], "texture": "#0"},
				"west": {"uv": [8.5, 4.25, 8.625, 4.625], "texture": "#0"},
				"up": {"uv": [9.1875, 5.625, 9, 5.5], "texture": "#0"},
				"down": {"uv": [5.9375, 9, 5.75, 9.125], "texture": "#0"}
			}
		},
		{
			"name": "main",
			"from": [5.37194, 5.61299, -5.64934],
			"to": [5.82806, 5.89445, -4.53886],
			"faces": {
				"north": {"uv": [9, 5.25, 9.1875, 5.375], "texture": "#0"},
				"east": {"uv": [8.5, 3.25, 8.875, 3.375], "texture": "#0"},
				"south": {"uv": [5.5, 9, 5.6875, 9.125], "texture": "#0"},
				"west": {"uv": [8.5, 3.5, 8.875, 3.625], "texture": "#0"},
				"up": {"uv": [8.4375, 0.375, 8.25, 0], "texture": "#0"},
				"down": {"uv": [0.4375, 8.25, 0.25, 8.625], "texture": "#0"}
			}
		},
		{
			"name": "main",
			"from": [5.19806, 5.61299, -4.94934],
			"to": [5.37418, 5.89445, -4.08386],
			"faces": {
				"north": {"uv": [1.5, 9.5, 1.5625, 9.625], "texture": "#0"},
				"east": {"uv": [8.75, 1, 9.0625, 1.125], "texture": "#0"},
				"south": {"uv": [9.5, 1.5, 9.5625, 1.625], "texture": "#0"},
				"west": {"uv": [1.25, 8.75, 1.5625, 8.875], "texture": "#0"},
				"up": {"uv": [9.0625, 8.8125, 9, 8.5], "texture": "#0"},
				"down": {"uv": [8.8125, 9, 8.75, 9.3125], "texture": "#0"}
			}
		},
		{
			"name": "main",
			"from": [5.82582, 5.61299, -4.94934],
			"to": [6.00194, 5.89445, -4.08386],
			"faces": {
				"north": {"uv": [1.25, 9.5, 1.3125, 9.625], "texture": "#0"},
				"east": {"uv": [0.75, 8.75, 1.0625, 8.875], "texture": "#0"},
				"south": {"uv": [9.5, 1.25, 9.5625, 1.375], "texture": "#0"},
				"west": {"uv": [8.75, 0.75, 9.0625, 0.875], "texture": "#0"},
				"up": {"uv": [7.8125, 9.3125, 7.75, 9], "texture": "#0"},
				"down": {"uv": [9.0625, 8, 9, 8.3125], "texture": "#0"}
			}
		},
		{
			"name": "main",
			"from": [4.82944, 4.21299, -5.01934],
			"to": [6.37056, 5.61445, -3.94386],
			"faces": {
				"north": {"uv": [5.75, 4.25, 6.3125, 4.75], "texture": "#0"},
				"east": {"uv": [6.75, 5.75, 7.125, 6.25], "texture": "#0"},
				"south": {"uv": [5.75, 5.25, 6.3125, 5.75], "texture": "#0"},
				"west": {"uv": [6.25, 6.75, 6.625, 7.25], "texture": "#0"},
				"up": {"uv": [7.0625, 5.625, 6.5, 5.25], "texture": "#0"},
				"down": {"uv": [6.0625, 6.5, 5.5, 6.875], "texture": "#0"}
			}
		},
		{
			"name": "main",
			"from": [4.82944, 4.21299, -6.62934],
			"to": [6.37056, 5.61445, -5.55386],
			"faces": {
				"north": {"uv": [3, 5.75, 3.5625, 6.25], "texture": "#0"},
				"east": {"uv": [6.75, 2.5, 7.125, 3], "texture": "#0"},
				"south": {"uv": [5.75, 3.75, 6.3125, 4.25], "texture": "#0"},
				"west": {"uv": [6.75, 4.75, 7.125, 5.25], "texture": "#0"},
				"up": {"uv": [7.0625, 4.625, 6.5, 4.25], "texture": "#0"},
				"down": {"uv": [5.3125, 6.5, 4.75, 6.875], "texture": "#0"}
			}
		},
		{
			"name": "main",
			"from": [5.44194, 5.703, 5.9753],
			"to": [5.75806, 5.87946, 6.46677],
			"rotation": {"angle": -22.5, "axis": "x", "origin": [5.6, 5.79123, 5.76604]},
			"faces": {
				"north": {"uv": [0, 9.5, 0.125, 9.5625], "texture": "#0"},
				"east": {"uv": [9.25, 5.5, 9.4375, 5.5625], "texture": "#0"},
				"south": {"uv": [9.5, 0, 9.625, 0.0625], "texture": "#0"},
				"west": {"uv": [5.75, 9.25, 5.9375, 9.3125], "texture": "#0"},
				"up": {"uv": [2.625, 9.1875, 2.5, 9], "texture": "#0"},
				"down": {"uv": [9.125, 2.5, 9, 2.6875], "texture": "#0"}
			}
		},
		{
			"name": "main",
			"from": [5.44194, 6.13945, 7.77967],
			"to": [5.75806, 6.6659, 7.88614],
			"faces": {
				"north": {"uv": [9, 1.75, 9.125, 1.9375], "texture": "#0"},
				"east": {"uv": [9.25, 5.25, 9.3125, 5.4375], "texture": "#0"},
				"south": {"uv": [2.25, 9, 2.375, 9.1875], "texture": "#0"},
				"west": {"uv": [5.5, 9.25, 5.5625, 9.4375], "texture": "#0"},
				"up": {"uv": [9.125, 9.3125, 9, 9.25], "texture": "#0"},
				"down": {"uv": [9.375, 9.25, 9.25, 9.3125], "texture": "#0"}
			}
		},
		{
			"name": "main",
			"from": [5.44194, 5.96445, 6.37967],
			"to": [5.75806, 6.1409, 7.95614],
			"faces": {
				"north": {"uv": [9.25, 8.5, 9.375, 8.5625], "texture": "#0"},
				"east": {"uv": [8.75, 2.25, 9.3125, 2.3125], "texture": "#0"},
				"south": {"uv": [9.25, 8.75, 9.375, 8.8125], "texture": "#0"},
				"west": {"uv": [8.75, 3, 9.3125, 3.0625], "texture": "#0"},
				"up": {"uv": [8.125, 8.3125, 8, 7.75], "texture": "#0"},
				"down": {"uv": [0.125, 8.25, 0, 8.8125], "texture": "#0"}
			}
		},
		{
			"name": "main",
			"from": [5.16306, 5.96445, 7.42967],
			"to": [5.47918, 6.2459, 7.78114],
			"faces": {
				"north": {"uv": [9.25, 1, 9.375, 1.125], "texture": "#0"},
				"east": {"uv": [1.25, 9.25, 1.375, 9.375], "texture": "#0"},
				"south": {"uv": [1.5, 9.25, 1.625, 9.375], "texture": "#0"},
				"west": {"uv": [1.75, 9.25, 1.875, 9.375], "texture": "#0"},
				"up": {"uv": [9.375, 1.875, 9.25, 1.75], "texture": "#0"},
				"down": {"uv": [2.125, 9.25, 2, 9.375], "texture": "#0"}
			}
		},
		{
			"name": "main",
			"from": [5.72082, 5.96445, 7.42967],
			"to": [6.03694, 6.2459, 7.78114],
			"faces": {
				"north": {"uv": [9.25, 0, 9.375, 0.125], "texture": "#0"},
				"east": {"uv": [9.25, 0.25, 9.375, 0.375], "texture": "#0"},
				"south": {"uv": [0.5, 9.25, 0.625, 9.375], "texture": "#0"},
				"west": {"uv": [0.75, 9.25, 0.875, 9.375], "texture": "#0"},
				"up": {"uv": [9.375, 0.875, 9.25, 0.75], "texture": "#0"},
				"down": {"uv": [1.125, 9.25, 1, 9.375], "texture": "#0"}
			}
		},
		{
			"name": "main",
			"from": [5.17944, 5.61299, 5.83066],
			"to": [6.02056, 5.96445, 7.78114],
			"faces": {
				"north": {"uv": [8.5, 7.25, 8.8125, 7.375], "texture": "#0"},
				"east": {"uv": [2.25, 8, 2.9375, 8.125], "texture": "#0"},
				"south": {"uv": [8, 8.5, 8.3125, 8.625], "texture": "#0"},
				"west": {"uv": [3, 8, 3.6875, 8.125], "texture": "#0"},
				"up": {"uv": [6.8125, 0.6875, 6.5, 0], "texture": "#0"},
				"down": {"uv": [6.8125, 3.5, 6.5, 4.1875], "texture": "#0"}
			}
		},
		{
			"name": "main",
			"from": [4.82944, 4.21299, 6.70566],
			"to": [6.37056, 5.61445, 8.65614],
			"faces": {
				"north": {"uv": [5.5, 4.75, 6.0625, 5.25], "texture": "#0"},
				"east": {"uv": [3, 5.25, 3.6875, 5.75], "texture": "#0"},
				"south": {"uv": [5, 5.5, 5.5625, 6], "texture": "#0"},
				"west": {"uv": [1, 5.5, 1.6875, 6], "texture": "#0"},
				"up": {"uv": [4.8125, 5.4375, 4.25, 4.75], "texture": "#0"},
				"down": {"uv": [5.5625, 4, 5, 4.6875], "texture": "#0"}
			}
		},
		{
			"name": "main",
			"from": [5.07024, 5.61445, 8.96918],
			"to": [6.12976, 5.8119, 9.16182],
			"faces": {
				"north": {"uv": [1, 9, 1.375, 9.0625], "texture": "#0"},
				"east": {"uv": [3.5, 9.5, 3.5625, 9.5625], "texture": "#0"},
				"south": {"uv": [9, 1.25, 9.375, 1.3125], "texture": "#0"},
				"west": {"uv": [9.5, 3.5, 9.5625, 3.5625], "texture": "#0"},
				"up": {"uv": [1.875, 9.0625, 1.5, 9], "texture": "#0"},
				"down": {"uv": [9.375, 1.5, 9, 1.5625], "texture": "#0"}
			}
		},
		{
			"name": "main",
			"from": [4.58864, 4.09259, 8.65614],
			"to": [6.61136, 5.61445, 9.16182],
			"faces": {
				"north": {"uv": [4.25, 4, 5, 4.5625], "texture": "#0"},
				"east": {"uv": [7.75, 5, 7.9375, 5.5625], "texture": "#0"},
				"south": {"uv": [3, 4.5, 3.75, 5.0625], "texture": "#0"},
				"west": {"uv": [5.25, 7.75, 5.4375, 8.3125], "texture": "#0"},
				"up": {"uv": [7.75, 0.6875, 7, 0.5], "texture": "#0"},
				"down": {"uv": [2.75, 7.5, 2, 7.6875], "texture": "#0"}
			}
		},
		{
			"name": "main",
			"from": [4.94984, 4.21299, 9.16182],
			"to": [6.25016, 5.25325, 18.6975],
			"faces": {
				"north": {"uv": [5.75, 7, 6.1875, 7.375], "texture": "#0"},
				"east": {"uv": [3.5, 1, 6.875, 1.375], "texture": "#0"},
				"south": {"uv": [7.25, 2.5, 7.6875, 2.875], "texture": "#0"},
				"west": {"uv": [3.5, 1.5, 6.875, 1.875], "texture": "#0"},
				"up": {"uv": [3.4375, 4.375, 3, 1], "texture": "#0"},
				"down": {"uv": [0.4375, 3.5, 0, 6.875], "texture": "#0"}
			}
		},
		{
			"name": "main",
			"from": [5.29659, 5.51331, 18.004],
			"to": [5.90341, 5.77338, 18.004],
			"faces": {
				"north": {"uv": [9.25, 5, 9.4375, 5.0625], "texture": "#0"},
				"east": {"uv": [0, 0, 0, 0.0625], "texture": "#0"},
				"south": {"uv": [5.25, 9.25, 5.4375, 9.3125], "texture": "#0"},
				"west": {"uv": [0, 0, 0, 0.0625], "texture": "#0"},
				"up": {"uv": [0.1875, 0, 0, 0], "texture": "#0"},
				"down": {"uv": [0.1875, 0, 0, 0], "texture": "#0"}
			}
		},
		{
			"name": "main",
			"from": [5.29659, 5.25325, 17.13712],
			"to": [5.90341, 5.51331, 18.004],
			"faces": {
				"north": {"uv": [9.25, 4.75, 9.4375, 4.8125], "texture": "#0"},
				"east": {"uv": [9, 7.5, 9.3125, 7.5625], "texture": "#0"},
				"south": {"uv": [5, 9.25, 5.1875, 9.3125], "texture": "#0"},
				"west": {"uv": [9, 7.75, 9.3125, 7.8125], "texture": "#0"},
				"up": {"uv": [8.4375, 3.3125, 8.25, 3], "texture": "#0"},
				"down": {"uv": [4.6875, 8.25, 4.5, 8.5625], "texture": "#0"}
			}
		},
		{
			"name": "main",
			"from": [4.94984, 4.21299, 18.6975],
			"to": [6.25016, 5.25325, 21.99165],
			"faces": {
				"north": {"uv": [7, 3.75, 7.4375, 4.125], "texture": "#0"},
				"east": {"uv": [4.25, 3, 5.4375, 3.375], "texture": "#0"},
				"south": {"uv": [5.25, 7, 5.6875, 7.375], "texture": "#0"},
				"west": {"uv": [4.25, 3.5, 5.4375, 3.875], "texture": "#0"},
				"up": {"uv": [2.4375, 4.6875, 2, 3.5], "texture": "#0"},
				"down": {"uv": [2.9375, 3.5, 2.5, 4.6875], "texture": "#0"}
			}
		},
		{
			"name": "main",
			"from": [5.23543, 3.60618, 15.1433],
			"to": [5.39146, 4.21299, 16.5303],
			"faces": {
				"north": {"uv": [9.25, 8.25, 9.3125, 8.4375], "texture": "#0"},
				"east": {"uv": [7.5, 7.75, 8, 7.9375], "texture": "#0"},
				"south": {"uv": [8.5, 9.25, 8.5625, 9.4375], "texture": "#0"},
				"west": {"uv": [7.75, 7.5, 8.25, 7.6875], "texture": "#0"},
				"up": {"uv": [8.3125, 9.25, 8.25, 8.75], "texture": "#0"},
				"down": {"uv": [8.5625, 8.75, 8.5, 9.25], "texture": "#0"}
			}
		},
		{
			"name": "muzzleflash",
			"from": [5.593, 4.9, -8.855],
			"to": [5.593, 4.9, -8.855],
			"faces": {
				"north": {"uv": [7.25, 5, 7.5625, 5.3125], "texture": "#0"},
				"east": {"uv": [6.75, 7, 7.125, 7.3125], "texture": "#0"},
				"south": {"uv": [7.25, 5.5, 7.5625, 5.8125], "texture": "#0"},
				"west": {"uv": [7.25, 0, 7.625, 0.3125], "texture": "#0"},
				"up": {"uv": [7.5625, 2.625, 7.25, 2.25], "texture": "#0"},
				"down": {"uv": [3.3125, 7.25, 3, 7.625], "texture": "#0"}
			}
		},
		{
			"name": "barrel_overheat",
			"from": [5.33271, 4.64643, -7.2534],
			"to": [5.86729, 5.18101, 6.70566],
			"faces": {
				"north": {"uv": [8.75, 6, 8.9375, 6.1875], "texture": "#0"},
				"east": {"uv": [3.5, 2, 8.5, 2.1875], "texture": "#0"},
				"south": {"uv": [6.25, 8.75, 6.4375, 8.9375], "texture": "#0"},
				"west": {"uv": [3.5, 2.25, 8.5, 2.4375], "texture": "#0"},
				"up": {"uv": [0.6875, 8.5, 0.5, 3.5], "texture": "#0"},
				"down": {"uv": [0.9375, 3.5, 0.75, 8.5], "texture": "#0"}
			}
		},
		{
			"name": "nose",
			"from": [5.19271, 4.50643, -8.80496],
			"to": [6.00729, 5.32101, -7.2534],
			"faces": {
				"north": {"uv": [7.75, 5.75, 8.0625, 6.0625], "texture": "#0"},
				"east": {"uv": [7, 1.5, 7.5625, 1.8125], "texture": "#0"},
				"south": {"uv": [6, 7.75, 6.3125, 8.0625], "texture": "#0"},
				"west": {"uv": [2, 7, 2.5625, 7.3125], "texture": "#0"},
				"up": {"uv": [3.0625, 7.5625, 2.75, 7], "texture": "#0"},
				"down": {"uv": [7.3125, 3, 7, 3.5625], "texture": "#0"}
			}
		},
		{
			"name": "bipod_wobble",
			"from": [5.35444, 3.93299, -4.52934],
			"to": [5.84556, 4.28445, -4.22386],
			"faces": {
				"north": {"uv": [9, 4.75, 9.1875, 4.875], "texture": "#0"},
				"east": {"uv": [2.75, 9.25, 2.875, 9.375], "texture": "#0"},
				"south": {"uv": [5, 9, 5.1875, 9.125], "texture": "#0"},
				"west": {"uv": [9.25, 2.75, 9.375, 2.875], "texture": "#0"},
				"up": {"uv": [9.1875, 5.125, 9, 5], "texture": "#0"},
				"down": {"uv": [5.4375, 9, 5.25, 9.125], "texture": "#0"}
			}
		},
		{
			"name": "bipod_wobble",
			"from": [4.82944, 3.05799, -4.73934],
			"to": [6.37056, 3.93445, -4.01386],
			"faces": {
				"north": {"uv": [7, 0, 7.5625, 0.3125], "texture": "#0"},
				"east": {"uv": [5.5, 6, 5.75, 6.3125], "texture": "#0"},
				"south": {"uv": [7, 1, 7.5625, 1.3125], "texture": "#0"},
				"west": {"uv": [8, 6.25, 8.25, 6.5625], "texture": "#0"},
				"up": {"uv": [8.0625, 3.25, 7.5, 3], "texture": "#0"},
				"down": {"uv": [8.0625, 3.25, 7.5, 3.5], "texture": "#0"}
			}
		},
		{
			"name": "bipod_wobble",
			"from": [4.72444, 3.26799, -4.59934],
			"to": [4.83056, 3.71347, -4.15386],
			"faces": {
				"north": {"uv": [6.5, 9.25, 6.5625, 9.4375], "texture": "#0"},
				"east": {"uv": [8.75, 4.25, 8.9375, 4.4375], "texture": "#0"},
				"south": {"uv": [9.25, 6.5, 9.3125, 6.6875], "texture": "#0"},
				"west": {"uv": [4.5, 8.75, 4.6875, 8.9375], "texture": "#0"},
				"up": {"uv": [6.8125, 9.4375, 6.75, 9.25], "texture": "#0"},
				"down": {"uv": [9.3125, 6.75, 9.25, 6.9375], "texture": "#0"}
			}
		},
		{
			"name": "bipod_wobble",
			"from": [6.36944, 3.26799, -4.59934],
			"to": [6.47556, 3.71347, -4.15386],
			"faces": {
				"north": {"uv": [9.25, 5.75, 9.3125, 5.9375], "texture": "#0"},
				"east": {"uv": [8.75, 3.75, 8.9375, 3.9375], "texture": "#0"},
				"south": {"uv": [6, 9.25, 6.0625, 9.4375], "texture": "#0"},
				"west": {"uv": [8.75, 4, 8.9375, 4.1875], "texture": "#0"},
				"up": {"uv": [6.3125, 9.4375, 6.25, 9.25], "texture": "#0"},
				"down": {"uv": [9.3125, 6.25, 9.25, 6.4375], "texture": "#0"}
			}
		},
		{
			"name": "bipod_wobble",
			"from": [5.35444, 2.53154, -4.56434],
			"to": [5.84556, 3.05799, -4.18886],
			"faces": {
				"north": {"uv": [8.75, 4.5, 8.9375, 4.6875], "texture": "#0"},
				"east": {"uv": [9, 2.75, 9.125, 2.9375], "texture": "#0"},
				"south": {"uv": [4.75, 8.75, 4.9375, 8.9375], "texture": "#0"},
				"west": {"uv": [3.25, 9, 3.375, 9.1875], "texture": "#0"},
				"up": {"uv": [9.1875, 3.375, 9, 3.25], "texture": "#0"},
				"down": {"uv": [3.6875, 9, 3.5, 9.125], "texture": "#0"}
			}
		},
		{
			"name": "bipod_wobble",
			"from": [6.72881, 2.89746, -4.66934],
			"to": [7.01026, 3.17858, -4.62636],
			"rotation": {"angle": -45, "axis": "z", "origin": [5.6, 4.30756, -4.3766]},
			"faces": {
				"north": {"uv": [2.5, 9.25, 2.625, 9.375], "texture": "#0"},
				"east": {"uv": [0.75, 9.5, 0.8125, 9.625], "texture": "#0"},
				"south": {"uv": [9.25, 2.5, 9.375, 2.625], "texture": "#0"},
				"west": {"uv": [9.5, 0.75, 9.5625, 0.875], "texture": "#0"},
				"up": {"uv": [1.125, 9.5625, 1, 9.5], "texture": "#0"},
				"down": {"uv": [9.625, 1, 9.5, 1.0625], "texture": "#0"}
			}
		},
		{
			"name": "bipod_wobble",
			"from": [5.54128, -3.23289, -4.63434],
			"to": [5.89274, 2.89323, -4.11886],
			"rotation": {"angle": -22.5, "axis": "z", "origin": [5.6, 4.30756, -4.3766]},
			"faces": {
				"north": {"uv": [4.25, 6, 4.375, 8.1875], "texture": "#0"},
				"east": {"uv": [2, 4.75, 2.1875, 6.9375], "texture": "#0"},
				"south": {"uv": [4.5, 6, 4.625, 8.1875], "texture": "#0"},
				"west": {"uv": [2.25, 4.75, 2.4375, 6.9375], "texture": "#0"},
				"up": {"uv": [9.125, 4.4375, 9, 4.25], "texture": "#0"},
				"down": {"uv": [4.625, 9, 4.5, 9.1875], "texture": "#0"}
			}
		},
		{
			"name": "bipod_wobble",
			"from": [5.89268, 2.36851, -4.63294],
			"to": [6.59134, 2.89183, -4.12026],
			"rotation": {"angle": -22.5, "axis": "z", "origin": [5.6, 4.30756, -4.3766]},
			"faces": {
				"north": {"uv": [2.5, 8.5, 2.75, 8.6875], "texture": "#0"},
				"east": {"uv": [8.75, 5.5, 8.9375, 5.6875], "texture": "#0"},
				"south": {"uv": [2.75, 8.5, 3, 8.6875], "texture": "#0"},
				"west": {"uv": [5.75, 8.75, 5.9375, 8.9375], "texture": "#0"},
				"up": {"uv": [3.25, 8.6875, 3, 8.5], "texture": "#0"},
				"down": {"uv": [8.75, 3, 8.5, 3.1875], "texture": "#0"}
			}
		},
		{
			"name": "bipod_wobble",
			"from": [5.30726, -3.23289, -4.63434],
			"to": [5.65872, 2.89323, -4.11886],
			"rotation": {"angle": 22.5, "axis": "z", "origin": [5.6, 4.30756, -4.3766]},
			"faces": {
				"north": {"uv": [1.75, 5.5, 1.875, 7.6875], "texture": "#0"},
				"east": {"uv": [3.75, 4.5, 3.9375, 6.6875], "texture": "#0"},
				"south": {"uv": [1.5, 6, 1.625, 8.1875], "texture": "#0"},
				"west": {"uv": [4, 4.5, 4.1875, 6.6875], "texture": "#0"},
				"up": {"uv": [9.125, 3.9375, 9, 3.75], "texture": "#0"},
				"down": {"uv": [4.125, 9, 4, 9.1875], "texture": "#0"}
			}
		},
		{
			"name": "bipod_wobble",
			"from": [4.60796, 2.36781, -4.63364],
			"to": [5.30802, 2.89253, -4.11956],
			"rotation": {"angle": 22.5, "axis": "z", "origin": [5.6, 4.30756, -4.3766]},
			"faces": {
				"north": {"uv": [6, 3, 6.25, 3.1875], "texture": "#0"},
				"east": {"uv": [8.75, 4.75, 8.9375, 4.9375], "texture": "#0"},
				"south": {"uv": [6.25, 3.5, 6.5, 3.6875], "texture": "#0"},
				"west": {"uv": [5, 8.75, 5.1875, 8.9375], "texture": "#0"},
				"up": {"uv": [8.75, 2.1875, 8.5, 2], "texture": "#0"},
				"down": {"uv": [8.75, 2.25, 8.5, 2.4375], "texture": "#0"}
			}
		},
		{
			"name": "bipod_wobble",
			"from": [5.17944, 2.00508, -4.56434],
			"to": [6.02056, 2.53154, -4.18886],
			"faces": {
				"north": {"uv": [4.75, 8.25, 5.0625, 8.4375], "texture": "#0"},
				"east": {"uv": [9, 3.5, 9.125, 3.6875], "texture": "#0"},
				"south": {"uv": [8.25, 5.75, 8.5625, 5.9375], "texture": "#0"},
				"west": {"uv": [3.75, 9, 3.875, 9.1875], "texture": "#0"},
				"up": {"uv": [8.8125, 8.625, 8.5, 8.5], "texture": "#0"},
				"down": {"uv": [0.5625, 8.75, 0.25, 8.875], "texture": "#0"}
			}
		},
		{
			"name": "bipod_wobble",
			"from": [6.72881, 2.89746, -4.14434],
			"to": [7.01026, 3.17858, -4.06636],
			"rotation": {"angle": -45, "axis": "z", "origin": [5.6, 4.30756, -4.3766]},
			"faces": {
				"north": {"uv": [9.25, 2, 9.375, 2.125], "texture": "#0"},
				"east": {"uv": [0.25, 9.5, 0.3125, 9.625], "texture": "#0"},
				"south": {"uv": [2.25, 9.25, 2.375, 9.375], "texture": "#0"},
				"west": {"uv": [9.5, 0.25, 9.5625, 0.375], "texture": "#0"},
				"up": {"uv": [0.625, 9.5625, 0.5, 9.5], "texture": "#0"},
				"down": {"uv": [9.625, 0.5, 9.5, 0.5625], "texture": "#0"}
			}
		},
		{
			"name": "bipod_wobble",
			"from": [8.21522, -2.77087, -4.63427],
			"to": [9.4412, -2.41955, -4.11893],
			"faces": {
				"north": {"uv": [8.25, 7.5, 8.6875, 7.625], "texture": "#0"},
				"east": {"uv": [9, 4, 9.1875, 4.125], "texture": "#0"},
				"south": {"uv": [8.25, 7.75, 8.6875, 7.875], "texture": "#0"},
				"west": {"uv": [4.25, 9, 4.4375, 9.125], "texture": "#0"},
				"up": {"uv": [8.4375, 3.6875, 8, 3.5], "texture": "#0"},
				"down": {"uv": [4.1875, 8, 3.75, 8.1875], "texture": "#0"}
			}
		},
		{
			"name": "bipod_wobble",
			"from": [2.67329, -3.2363, -4.38934],
			"to": [3.12975, -2.78018, -4.38934],
			"rotation": {"angle": 45, "axis": "z", "origin": [5.6, 4.30756, -4.3766]},
			"faces": {
				"north": {"uv": [5.25, 8.75, 5.4375, 8.9375], "texture": "#0"},
				"east": {"uv": [0, 0, 0, 0.1875], "texture": "#0"},
				"south": {"uv": [8.75, 5.25, 8.9375, 5.4375], "texture": "#0"},
				"west": {"uv": [0, 0, 0, 0.1875], "texture": "#0"},
				"up": {"uv": [0.1875, 0, 0, 0], "texture": "#0"},
				"down": {"uv": [0.1875, 0, 0, 0], "texture": "#0"}
			}
		},
		{
			"name": "bipod_wobble",
			"from": [1.7588, -2.77087, -4.63427],
			"to": [2.98478, -2.41955, -4.11893],
			"faces": {
				"north": {"uv": [8.25, 8, 8.6875, 8.125], "texture": "#0"},
				"east": {"uv": [9, 4.5, 9.1875, 4.625], "texture": "#0"},
				"south": {"uv": [8.25, 8.25, 8.6875, 8.375], "texture": "#0"},
				"west": {"uv": [4.75, 9, 4.9375, 9.125], "texture": "#0"},
				"up": {"uv": [8.4375, 3.9375, 8, 3.75], "texture": "#0"},
				"down": {"uv": [8.4375, 4, 8, 4.1875], "texture": "#0"}
			}
		},
		{
			"name": "bipod_wobble",
			"from": [8.07025, -3.2363, -4.38934],
			"to": [8.52671, -2.78018, -4.38934],
			"rotation": {"angle": -45, "axis": "z", "origin": [5.6, 4.30756, -4.3766]},
			"faces": {
				"north": {"uv": [8.75, 5.75, 8.9375, 5.9375], "texture": "#0"},
				"east": {"uv": [0, 0, 0, 0.1875], "texture": "#0"},
				"south": {"uv": [6, 8.75, 6.1875, 8.9375], "texture": "#0"},
				"west": {"uv": [0, 0, 0, 0.1875], "texture": "#0"},
				"up": {"uv": [0.1875, 0, 0, 0], "texture": "#0"},
				"down": {"uv": [0.1875, 0, 0, 0], "texture": "#0"}
			}
		},
		{
			"name": "lever",
			"from": [6.26788, 3.79884, 16.13977],
			"to": [6.59729, 5.3939, 16.50386],
			"rotation": {"angle": -45, "axis": "y", "origin": [6.51928, 4.50968, 17.09334]},
			"faces": {
				"north": {"uv": [3.75, 8.25, 3.875, 8.8125], "texture": "#0"},
				"east": {"uv": [4, 8.25, 4.125, 8.8125], "texture": "#0"},
				"south": {"uv": [4.25, 8.25, 4.375, 8.8125], "texture": "#0"},
				"west": {"uv": [8.25, 4.25, 8.375, 4.8125], "texture": "#0"},
				"up": {"uv": [9.375, 4.625, 9.25, 4.5], "texture": "#0"},
				"down": {"uv": [4.875, 9.25, 4.75, 9.375], "texture": "#0"}
			}
		},
		{
			"name": "lever",
			"from": [6.43985, 4.31932, 16.5753],
			"to": [6.71656, 4.59603, 17.3548],
			"rotation": {"angle": -45, "axis": "y", "origin": [6.69091, 4.50968, 16.92171]},
			"faces": {
				"north": {"uv": [9.25, 4.25, 9.375, 4.375], "texture": "#0"},
				"east": {"uv": [8.75, 8.25, 9, 8.375], "texture": "#0"},
				"south": {"uv": [4.5, 9.25, 4.625, 9.375], "texture": "#0"},
				"west": {"uv": [8.75, 8.75, 9, 8.875], "texture": "#0"},
				"up": {"uv": [0.125, 9.25, 0, 9], "texture": "#0"},
				"down": {"uv": [9.125, 0, 9, 0.25], "texture": "#0"}
			}
		},
		{
			"name": "lever",
			"from": [6.20666, 4.31896, 17.05043],
			"to": [6.48406, 4.59637, 17.91731],
			"faces": {
				"north": {"uv": [9.25, 4, 9.375, 4.125], "texture": "#0"},
				"east": {"uv": [8.75, 2, 9.0625, 2.125], "texture": "#0"},
				"south": {"uv": [4.25, 9.25, 4.375, 9.375], "texture": "#0"},
				"west": {"uv": [2.25, 8.75, 2.5625, 8.875], "texture": "#0"},
				"up": {"uv": [2.875, 9.0625, 2.75, 8.75], "texture": "#0"},
				"down": {"uv": [3.125, 8.75, 3, 9.0625], "texture": "#0"}
			}
		},
		{
			"name": "right",
			"from": [0, 0, 0],
			"to": [0, 8.4, 0],
			"faces": {
				"north": {"uv": [0, 0, 0, 3], "texture": "#0"},
				"east": {"uv": [0, 0, 0, 3], "texture": "#0"},
				"south": {"uv": [0, 0, 0, 3], "texture": "#0"},
				"west": {"uv": [0, 0, 0, 3], "texture": "#0"},
				"up": {"uv": [0, 0, 0, 0], "texture": "#0"},
				"down": {"uv": [0, 0, 0, 0], "texture": "#0"}
			}
		},
		{
			"name": "left",
			"from": [0, 0, 0],
			"to": [0, 8.4, 0],
			"faces": {
				"north": {"uv": [0, 0, 0, 3], "texture": "#0"},
				"east": {"uv": [0, 0, 0, 3], "texture": "#0"},
				"south": {"uv": [0, 0, 0, 3], "texture": "#0"},
				"west": {"uv": [0, 0, 0, 3], "texture": "#0"},
				"up": {"uv": [0, 0, 0, 0], "texture": "#0"},
				"down": {"uv": [0, 0, 0, 0], "texture": "#0"}
			}
		},
		{
			"name": "eject",
			"from": [6.293, 5.425, 10.465],
			"to": [6.293, 5.425, 10.465],
			"faces": {
				"north": {"uv": [7.25, 5, 7.5625, 5.3125], "texture": "#0"},
				"east": {"uv": [6.75, 7, 7.125, 7.3125], "texture": "#0"},
				"south": {"uv": [7.25, 5.5, 7.5625, 5.8125], "texture": "#0"},
				"west": {"uv": [7.25, 0, 7.625, 0.3125], "texture": "#0"},
				"up": {"uv": [7.5625, 2.625, 7.25, 2.25], "texture": "#0"},
				"down": {"uv": [3.3125, 7.25, 3, 7.625], "texture": "#0"}
			}
		},
		{
			"name": "bullet0",
			"from": [4.55339, 4.83389, 10.71175],
			"to": [4.90339, 5.28389, 12.76175],
			"rotation": {"angle": 0, "axis": "y", "origin": [-2, -2.5, -7.75]},
			"faces": {
				"north": {"uv": [1.25, 8.5, 1.3125, 8.625], "texture": "#1"},
				"east": {"uv": [4.75, 7.25, 5.25, 7.375], "texture": "#1"},
				"south": {"uv": [8.5, 1.25, 8.5625, 1.375], "texture": "#1"},
				"west": {"uv": [7.25, 4.75, 7.75, 4.875], "texture": "#1"},
				"up": {"uv": [7.8125, 7.75, 7.75, 7.25], "texture": "#1"},
				"down": {"uv": [7.5625, 7.75, 7.5, 8.25], "texture": "#1"}
			}
		},
		{
			"name": "bullet0",
			"from": [4.60339, 4.93389, 9.46175],
			"to": [4.85339, 5.18389, 10.71175],
			"rotation": {"angle": 0, "axis": "y", "origin": [-2, -2.5, -7.75]},
			"faces": {
				"north": {"uv": [3.5, 8.5, 3.5625, 8.5625], "texture": "#1"},
				"east": {"uv": [6, 8, 6.3125, 8.0625], "texture": "#1"},
				"south": {"uv": [8.5, 3.5, 8.5625, 3.5625], "texture": "#1"},
				"west": {"uv": [6.5, 8, 6.8125, 8.0625], "texture": "#1"},
				"up": {"uv": [8.0625, 6.8125, 8, 6.5], "texture": "#1"},
				"down": {"uv": [7.0625, 8, 7, 8.3125], "texture": "#1"}
			}
		},
		{
			"name": "bullet0",
			"from": [4.75339, 4.53389, 11.26175],
			"to": [4.75339, 4.88389, 12.21175],
			"rotation": {"angle": 0, "axis": "y", "origin": [-2, -2.5, -7.75]},
			"faces": {
				"north": {"uv": [0, 0, 0, 0.0625], "texture": "#1"},
				"east": {"uv": [4.25, 8.25, 4.5, 8.3125], "texture": "#1"},
				"south": {"uv": [0, 0, 0, 0.0625], "texture": "#1"},
				"west": {"uv": [8.25, 4.25, 8.5, 4.3125], "texture": "#1"},
				"up": {"uv": [0, 0.25, 0, 0], "texture": "#1"},
				"down": {"uv": [0, 0, 0, 0.25], "texture": "#1"}
			}
		},
		{
			"name": "bullet1",
			"from": [4.55339, 4.08389, 10.71175],
			"to": [4.90339, 4.53389, 12.76175],
			"rotation": {"angle": 0, "axis": "y", "origin": [-2, -2.5, -7.75]},
			"faces": {
				"north": {"uv": [1.25, 8.5, 1.3125, 8.625], "texture": "#1"},
				"east": {"uv": [4.75, 7.25, 5.25, 7.375], "texture": "#1"},
				"south": {"uv": [8.5, 1.25, 8.5625, 1.375], "texture": "#1"},
				"west": {"uv": [7.25, 4.75, 7.75, 4.875], "texture": "#1"},
				"up": {"uv": [7.8125, 7.75, 7.75, 7.25], "texture": "#1"},
				"down": {"uv": [7.5625, 7.75, 7.5, 8.25], "texture": "#1"}
			}
		},
		{
			"name": "bullet1",
			"from": [4.60339, 4.18389, 9.46175],
			"to": [4.85339, 4.43389, 10.71175],
			"rotation": {"angle": 0, "axis": "y", "origin": [-2, -2.5, -7.75]},
			"faces": {
				"north": {"uv": [3.5, 8.5, 3.5625, 8.5625], "texture": "#1"},
				"east": {"uv": [6, 8, 6.3125, 8.0625], "texture": "#1"},
				"south": {"uv": [8.5, 3.5, 8.5625, 3.5625], "texture": "#1"},
				"west": {"uv": [6.5, 8, 6.8125, 8.0625], "texture": "#1"},
				"up": {"uv": [8.0625, 6.8125, 8, 6.5], "texture": "#1"},
				"down": {"uv": [7.0625, 8, 7, 8.3125], "texture": "#1"}
			}
		},
		{
			"name": "bullet1",
			"from": [4.75339, 3.78389, 11.26175],
			"to": [4.75339, 4.13389, 12.21175],
			"rotation": {"angle": 0, "axis": "y", "origin": [-2, -2.5, -7.75]},
			"faces": {
				"north": {"uv": [0, 0, 0, 0.0625], "texture": "#1"},
				"east": {"uv": [4.25, 8.25, 4.5, 8.3125], "texture": "#1"},
				"south": {"uv": [0, 0, 0, 0.0625], "texture": "#1"},
				"west": {"uv": [8.25, 4.25, 8.5, 4.3125], "texture": "#1"},
				"up": {"uv": [0, 0.25, 0, 0], "texture": "#1"},
				"down": {"uv": [0, 0, 0, 0.25], "texture": "#1"}
			}
		},
		{
			"name": "bullet2",
			"from": [4.55339, 3.33389, 10.71175],
			"to": [4.90339, 3.78389, 12.76175],
			"rotation": {"angle": 0, "axis": "y", "origin": [-2, -2.5, -7.75]},
			"faces": {
				"north": {"uv": [1.25, 8.5, 1.3125, 8.625], "texture": "#1"},
				"east": {"uv": [4.75, 7.25, 5.25, 7.375], "texture": "#1"},
				"south": {"uv": [8.5, 1.25, 8.5625, 1.375], "texture": "#1"},
				"west": {"uv": [7.25, 4.75, 7.75, 4.875], "texture": "#1"},
				"up": {"uv": [7.8125, 7.75, 7.75, 7.25], "texture": "#1"},
				"down": {"uv": [7.5625, 7.75, 7.5, 8.25], "texture": "#1"}
			}
		},
		{
			"name": "bullet2",
			"from": [4.60339, 3.43389, 9.46175],
			"to": [4.85339, 3.68389, 10.71175],
			"rotation": {"angle": 0, "axis": "y", "origin": [-2, -2.5, -7.75]},
			"faces": {
				"north": {"uv": [3.5, 8.5, 3.5625, 8.5625], "texture": "#1"},
				"east": {"uv": [6, 8, 6.3125, 8.0625], "texture": "#1"},
				"south": {"uv": [8.5, 3.5, 8.5625, 3.5625], "texture": "#1"},
				"west": {"uv": [6.5, 8, 6.8125, 8.0625], "texture": "#1"},
				"up": {"uv": [8.0625, 6.8125, 8, 6.5], "texture": "#1"},
				"down": {"uv": [7.0625, 8, 7, 8.3125], "texture": "#1"}
			}
		},
		{
			"name": "bullet2",
			"from": [4.75339, 3.03389, 11.26175],
			"to": [4.75339, 3.38389, 12.21175],
			"rotation": {"angle": 0, "axis": "y", "origin": [-2, -2.5, -7.75]},
			"faces": {
				"north": {"uv": [0, 0, 0, 0.0625], "texture": "#1"},
				"east": {"uv": [4.25, 8.25, 4.5, 8.3125], "texture": "#1"},
				"south": {"uv": [0, 0, 0, 0.0625], "texture": "#1"},
				"west": {"uv": [8.25, 4.25, 8.5, 4.3125], "texture": "#1"},
				"up": {"uv": [0, 0.25, 0, 0], "texture": "#1"},
				"down": {"uv": [0, 0, 0, 0.25], "texture": "#1"}
			}
		},
		{
			"name": "bullet3",
			"from": [4.55339, 2.58389, 10.71175],
			"to": [4.90339, 3.03389, 12.76175],
			"rotation": {"angle": 0, "axis": "y", "origin": [-2, -2.5, -7.75]},
			"faces": {
				"north": {"uv": [1.25, 8.5, 1.3125, 8.625], "texture": "#1"},
				"east": {"uv": [4.75, 7.25, 5.25, 7.375], "texture": "#1"},
				"south": {"uv": [8.5, 1.25, 8.5625, 1.375], "texture": "#1"},
				"west": {"uv": [7.25, 4.75, 7.75, 4.875], "texture": "#1"},
				"up": {"uv": [7.8125, 7.75, 7.75, 7.25], "texture": "#1"},
				"down": {"uv": [7.5625, 7.75, 7.5, 8.25], "texture": "#1"}
			}
		},
		{
			"name": "bullet3",
			"from": [4.60339, 2.68389, 9.46175],
			"to": [4.85339, 2.93389, 10.71175],
			"rotation": {"angle": 0, "axis": "y", "origin": [-2, -2.5, -7.75]},
			"faces": {
				"north": {"uv": [3.5, 8.5, 3.5625, 8.5625], "texture": "#1"},
				"east": {"uv": [6, 8, 6.3125, 8.0625], "texture": "#1"},
				"south": {"uv": [8.5, 3.5, 8.5625, 3.5625], "texture": "#1"},
				"west": {"uv": [6.5, 8, 6.8125, 8.0625], "texture": "#1"},
				"up": {"uv": [8.0625, 6.8125, 8, 6.5], "texture": "#1"},
				"down": {"uv": [7.0625, 8, 7, 8.3125], "texture": "#1"}
			}
		},
		{
			"name": "bullet3",
			"from": [4.75339, 2.28389, 11.26175],
			"to": [4.75339, 2.63389, 12.21175],
			"rotation": {"angle": 0, "axis": "y", "origin": [-2, -2.5, -7.75]},
			"faces": {
				"north": {"uv": [0, 0, 0, 0.0625], "texture": "#1"},
				"east": {"uv": [4.25, 8.25, 4.5, 8.3125], "texture": "#1"},
				"south": {"uv": [0, 0, 0, 0.0625], "texture": "#1"},
				"west": {"uv": [8.25, 4.25, 8.5, 4.3125], "texture": "#1"},
				"up": {"uv": [0, 0.25, 0, 0], "texture": "#1"},
				"down": {"uv": [0, 0, 0, 0.25], "texture": "#1"}
			}
		},
		{
			"name": "bullet4",
			"from": [4.55339, 1.83389, 10.71175],
			"to": [4.90339, 2.28389, 12.76175],
			"rotation": {"angle": 0, "axis": "y", "origin": [-2, -2.5, -7.75]},
			"faces": {
				"north": {"uv": [1.25, 8.5, 1.3125, 8.625], "texture": "#1"},
				"east": {"uv": [4.75, 7.25, 5.25, 7.375], "texture": "#1"},
				"south": {"uv": [8.5, 1.25, 8.5625, 1.375], "texture": "#1"},
				"west": {"uv": [7.25, 4.75, 7.75, 4.875], "texture": "#1"},
				"up": {"uv": [7.8125, 7.75, 7.75, 7.25], "texture": "#1"},
				"down": {"uv": [7.5625, 7.75, 7.5, 8.25], "texture": "#1"}
			}
		},
		{
			"name": "bullet4",
			"from": [4.60339, 1.93389, 9.46175],
			"to": [4.85339, 2.18389, 10.71175],
			"rotation": {"angle": 0, "axis": "y", "origin": [-2, -2.5, -7.75]},
			"faces": {
				"north": {"uv": [3.5, 8.5, 3.5625, 8.5625], "texture": "#1"},
				"east": {"uv": [6, 8, 6.3125, 8.0625], "texture": "#1"},
				"south": {"uv": [8.5, 3.5, 8.5625, 3.5625], "texture": "#1"},
				"west": {"uv": [6.5, 8, 6.8125, 8.0625], "texture": "#1"},
				"up": {"uv": [8.0625, 6.8125, 8, 6.5], "texture": "#1"},
				"down": {"uv": [7.0625, 8, 7, 8.3125], "texture": "#1"}
			}
		},
		{
			"name": "bullet4",
			"from": [4.75339, 1.53389, 11.26175],
			"to": [4.75339, 1.88389, 12.21175],
			"rotation": {"angle": 0, "axis": "y", "origin": [-2, -2.5, -7.75]},
			"faces": {
				"north": {"uv": [0, 0, 0, 0.0625], "texture": "#1"},
				"east": {"uv": [4.25, 8.25, 4.5, 8.3125], "texture": "#1"},
				"south": {"uv": [0, 0, 0, 0.0625], "texture": "#1"},
				"west": {"uv": [8.25, 4.25, 8.5, 4.3125], "texture": "#1"},
				"up": {"uv": [0, 0.25, 0, 0], "texture": "#1"},
				"down": {"uv": [0, 0, 0, 0.25], "texture": "#1"}
			}
		},
		{
			"name": "bullet5",
			"from": [4.55339, 1.08389, 10.71175],
			"to": [4.90339, 1.53389, 12.76175],
			"rotation": {"angle": 0, "axis": "y", "origin": [-2, -2.5, -7.75]},
			"faces": {
				"north": {"uv": [1.25, 8.5, 1.3125, 8.625], "texture": "#1"},
				"east": {"uv": [4.75, 7.25, 5.25, 7.375], "texture": "#1"},
				"south": {"uv": [8.5, 1.25, 8.5625, 1.375], "texture": "#1"},
				"west": {"uv": [7.25, 4.75, 7.75, 4.875], "texture": "#1"},
				"up": {"uv": [7.8125, 7.75, 7.75, 7.25], "texture": "#1"},
				"down": {"uv": [7.5625, 7.75, 7.5, 8.25], "texture": "#1"}
			}
		},
		{
			"name": "bullet5",
			"from": [4.60339, 1.18389, 9.46175],
			"to": [4.85339, 1.43389, 10.71175],
			"rotation": {"angle": 0, "axis": "y", "origin": [-2, -2.5, -7.75]},
			"faces": {
				"north": {"uv": [3.5, 8.5, 3.5625, 8.5625], "texture": "#1"},
				"east": {"uv": [6, 8, 6.3125, 8.0625], "texture": "#1"},
				"south": {"uv": [8.5, 3.5, 8.5625, 3.5625], "texture": "#1"},
				"west": {"uv": [6.5, 8, 6.8125, 8.0625], "texture": "#1"},
				"up": {"uv": [8.0625, 6.8125, 8, 6.5], "texture": "#1"},
				"down": {"uv": [7.0625, 8, 7, 8.3125], "texture": "#1"}
			}
		},
		{
			"name": "bullet5",
			"from": [4.75339, 0.78389, 11.26175],
			"to": [4.75339, 1.13389, 12.21175],
			"rotation": {"angle": 0, "axis": "y", "origin": [-2, -2.5, -7.75]},
			"faces": {
				"north": {"uv": [0, 0, 0, 0.0625], "texture": "#1"},
				"east": {"uv": [4.25, 8.25, 4.5, 8.3125], "texture": "#1"},
				"south": {"uv": [0, 0, 0, 0.0625], "texture": "#1"},
				"west": {"uv": [8.25, 4.25, 8.5, 4.3125], "texture": "#1"},
				"up": {"uv": [0, 0.25, 0, 0], "texture": "#1"},
				"down": {"uv": [0, 0, 0, 0.25], "texture": "#1"}
			}
		},
		{
			"name": "bullet6",
			"from": [4.55339, 0.33389, 10.71175],
			"to": [4.90339, 0.78389, 12.76175],
			"rotation": {"angle": 0, "axis": "y", "origin": [-2, -2.5, -7.75]},
			"faces": {
				"north": {"uv": [1.25, 8.5, 1.3125, 8.625], "texture": "#1"},
				"east": {"uv": [4.75, 7.25, 5.25, 7.375], "texture": "#1"},
				"south": {"uv": [8.5, 1.25, 8.5625, 1.375], "texture": "#1"},
				"west": {"uv": [7.25, 4.75, 7.75, 4.875], "texture": "#1"},
				"up": {"uv": [7.8125, 7.75, 7.75, 7.25], "texture": "#1"},
				"down": {"uv": [7.5625, 7.75, 7.5, 8.25], "texture": "#1"}
			}
		},
		{
			"name": "bullet6",
			"from": [4.60339, 0.43389, 9.46175],
			"to": [4.85339, 0.68389, 10.71175],
			"rotation": {"angle": 0, "axis": "y", "origin": [-2, -2.5, -7.75]},
			"faces": {
				"north": {"uv": [3.5, 8.5, 3.5625, 8.5625], "texture": "#1"},
				"east": {"uv": [6, 8, 6.3125, 8.0625], "texture": "#1"},
				"south": {"uv": [8.5, 3.5, 8.5625, 3.5625], "texture": "#1"},
				"west": {"uv": [6.5, 8, 6.8125, 8.0625], "texture": "#1"},
				"up": {"uv": [8.0625, 6.8125, 8, 6.5], "texture": "#1"},
				"down": {"uv": [7.0625, 8, 7, 8.3125], "texture": "#1"}
			}
		},
		{
			"name": "bullet6",
			"from": [4.75339, 0.03389, 11.26175],
			"to": [4.75339, 0.38389, 12.21175],
			"rotation": {"angle": 0, "axis": "y", "origin": [-2, -2.5, -7.75]},
			"faces": {
				"north": {"uv": [0, 0, 0, 0.0625], "texture": "#1"},
				"east": {"uv": [4.25, 8.25, 4.5, 8.3125], "texture": "#1"},
				"south": {"uv": [0, 0, 0, 0.0625], "texture": "#1"},
				"west": {"uv": [8.25, 4.25, 8.5, 4.3125], "texture": "#1"},
				"up": {"uv": [0, 0.25, 0, 0], "texture": "#1"},
				"down": {"uv": [0, 0, 0, 0.25], "texture": "#1"}
			}
		},
		{
			"name": "bullet7",
			"from": [4.55339, -0.41611, 10.71175],
			"to": [4.90339, 0.03389, 12.76175],
			"rotation": {"angle": 0, "axis": "y", "origin": [-2, -2.5, -7.75]},
			"faces": {
				"north": {"uv": [1.25, 8.5, 1.3125, 8.625], "texture": "#1"},
				"east": {"uv": [4.75, 7.25, 5.25, 7.375], "texture": "#1"},
				"south": {"uv": [8.5, 1.25, 8.5625, 1.375], "texture": "#1"},
				"west": {"uv": [7.25, 4.75, 7.75, 4.875], "texture": "#1"},
				"up": {"uv": [7.8125, 7.75, 7.75, 7.25], "texture": "#1"},
				"down": {"uv": [7.5625, 7.75, 7.5, 8.25], "texture": "#1"}
			}
		},
		{
			"name": "bullet7",
			"from": [4.60339, -0.31611, 9.46175],
			"to": [4.85339, -0.06611, 10.71175],
			"rotation": {"angle": 0, "axis": "y", "origin": [-2, -2.5, -7.75]},
			"faces": {
				"north": {"uv": [3.5, 8.5, 3.5625, 8.5625], "texture": "#1"},
				"east": {"uv": [6, 8, 6.3125, 8.0625], "texture": "#1"},
				"south": {"uv": [8.5, 3.5, 8.5625, 3.5625], "texture": "#1"},
				"west": {"uv": [6.5, 8, 6.8125, 8.0625], "texture": "#1"},
				"up": {"uv": [8.0625, 6.8125, 8, 6.5], "texture": "#1"},
				"down": {"uv": [7.0625, 8, 7, 8.3125], "texture": "#1"}
			}
		},
		{
			"name": "bullet7",
			"from": [4.75339, -0.71611, 11.26175],
			"to": [4.75339, -0.36611, 12.21175],
			"rotation": {"angle": 0, "axis": "y", "origin": [-2, -2.5, -7.75]},
			"faces": {
				"north": {"uv": [0, 0, 0, 0.0625], "texture": "#1"},
				"east": {"uv": [4.25, 8.25, 4.5, 8.3125], "texture": "#1"},
				"south": {"uv": [0, 0, 0, 0.0625], "texture": "#1"},
				"west": {"uv": [8.25, 4.25, 8.5, 4.3125], "texture": "#1"},
				"up": {"uv": [0, 0.25, 0, 0], "texture": "#1"},
				"down": {"uv": [0, 0, 0, 0.25], "texture": "#1"}
			}
		},
		{
			"name": "bullet8",
			"from": [4.55339, -1.16611, 10.71175],
			"to": [4.90339, -0.71611, 12.76175],
			"rotation": {"angle": 0, "axis": "y", "origin": [-2, -2.5, -7.75]},
			"faces": {
				"north": {"uv": [1.25, 8.5, 1.3125, 8.625], "texture": "#1"},
				"east": {"uv": [4.75, 7.25, 5.25, 7.375], "texture": "#1"},
				"south": {"uv": [8.5, 1.25, 8.5625, 1.375], "texture": "#1"},
				"west": {"uv": [7.25, 4.75, 7.75, 4.875], "texture": "#1"},
				"up": {"uv": [7.8125, 7.75, 7.75, 7.25], "texture": "#1"},
				"down": {"uv": [7.5625, 7.75, 7.5, 8.25], "texture": "#1"}
			}
		},
		{
			"name": "bullet8",
			"from": [4.60339, -1.06611, 9.46175],
			"to": [4.85339, -0.81611, 10.71175],
			"rotation": {"angle": 0, "axis": "y", "origin": [-2, -2.5, -7.75]},
			"faces": {
				"north": {"uv": [3.5, 8.5, 3.5625, 8.5625], "texture": "#1"},
				"east": {"uv": [6, 8, 6.3125, 8.0625], "texture": "#1"},
				"south": {"uv": [8.5, 3.5, 8.5625, 3.5625], "texture": "#1"},
				"west": {"uv": [6.5, 8, 6.8125, 8.0625], "texture": "#1"},
				"up": {"uv": [8.0625, 6.8125, 8, 6.5], "texture": "#1"},
				"down": {"uv": [7.0625, 8, 7, 8.3125], "texture": "#1"}
			}
		},
		{
			"name": "bullet8",
			"from": [4.75339, -1.46611, 11.26175],
			"to": [4.75339, -1.11611, 12.21175],
			"rotation": {"angle": 0, "axis": "y", "origin": [-2, -2.5, -7.75]},
			"faces": {
				"north": {"uv": [0, 0, 0, 0.0625], "texture": "#1"},
				"east": {"uv": [4.25, 8.25, 4.5, 8.3125], "texture": "#1"},
				"south": {"uv": [0, 0, 0, 0.0625], "texture": "#1"},
				"west": {"uv": [8.25, 4.25, 8.5, 4.3125], "texture": "#1"},
				"up": {"uv": [0, 0.25, 0, 0], "texture": "#1"},
				"down": {"uv": [0, 0, 0, 0.25], "texture": "#1"}
			}
		},
		{
			"name": "bullet9",
			"from": [4.55339, -1.91611, 10.71175],
			"to": [4.90339, -1.46611, 12.76175],
			"rotation": {"angle": 0, "axis": "y", "origin": [-2, -2.5, -7.75]},
			"faces": {
				"north": {"uv": [1.25, 8.5, 1.3125, 8.625], "texture": "#1"},
				"east": {"uv": [4.75, 7.25, 5.25, 7.375], "texture": "#1"},
				"south": {"uv": [8.5, 1.25, 8.5625, 1.375], "texture": "#1"},
				"west": {"uv": [7.25, 4.75, 7.75, 4.875], "texture": "#1"},
				"up": {"uv": [7.8125, 7.75, 7.75, 7.25], "texture": "#1"},
				"down": {"uv": [7.5625, 7.75, 7.5, 8.25], "texture": "#1"}
			}
		},
		{
			"name": "bullet9",
			"from": [4.60339, -1.81611, 9.46175],
			"to": [4.85339, -1.56611, 10.71175],
			"rotation": {"angle": 0, "axis": "y", "origin": [-2, -2.5, -7.75]},
			"faces": {
				"north": {"uv": [3.5, 8.5, 3.5625, 8.5625], "texture": "#1"},
				"east": {"uv": [6, 8, 6.3125, 8.0625], "texture": "#1"},
				"south": {"uv": [8.5, 3.5, 8.5625, 3.5625], "texture": "#1"},
				"west": {"uv": [6.5, 8, 6.8125, 8.0625], "texture": "#1"},
				"up": {"uv": [8.0625, 6.8125, 8, 6.5], "texture": "#1"},
				"down": {"uv": [7.0625, 8, 7, 8.3125], "texture": "#1"}
			}
		},
		{
			"name": "bullet9",
			"from": [4.75339, -2.21611, 11.26175],
			"to": [4.75339, -1.86611, 12.21175],
			"rotation": {"angle": 0, "axis": "y", "origin": [-2, -2.5, -7.75]},
			"faces": {
				"north": {"uv": [0, 0, 0, 0.0625], "texture": "#1"},
				"east": {"uv": [4.25, 8.25, 4.5, 8.3125], "texture": "#1"},
				"south": {"uv": [0, 0, 0, 0.0625], "texture": "#1"},
				"west": {"uv": [8.25, 4.25, 8.5, 4.3125], "texture": "#1"},
				"up": {"uv": [0, 0.25, 0, 0], "texture": "#1"},
				"down": {"uv": [0, 0, 0, 0.25], "texture": "#1"}
			}
		},
		{
			"name": "bullet10",
			"from": [4.55339, -2.66611, 10.71175],
			"to": [4.90339, -2.21611, 12.76175],
			"rotation": {"angle": 0, "axis": "y", "origin": [-2, -2.5, -7.75]},
			"faces": {
				"north": {"uv": [1.25, 8.5, 1.3125, 8.625], "texture": "#1"},
				"east": {"uv": [4.75, 7.25, 5.25, 7.375], "texture": "#1"},
				"south": {"uv": [8.5, 1.25, 8.5625, 1.375], "texture": "#1"},
				"west": {"uv": [7.25, 4.75, 7.75, 4.875], "texture": "#1"},
				"up": {"uv": [7.8125, 7.75, 7.75, 7.25], "texture": "#1"},
				"down": {"uv": [7.5625, 7.75, 7.5, 8.25], "texture": "#1"}
			}
		},
		{
			"name": "bullet10",
			"from": [4.60339, -2.56611, 9.46175],
			"to": [4.85339, -2.31611, 10.71175],
			"rotation": {"angle": 0, "axis": "y", "origin": [-2, -2.5, -7.75]},
			"faces": {
				"north": {"uv": [3.5, 8.5, 3.5625, 8.5625], "texture": "#1"},
				"east": {"uv": [6, 8, 6.3125, 8.0625], "texture": "#1"},
				"south": {"uv": [8.5, 3.5, 8.5625, 3.5625], "texture": "#1"},
				"west": {"uv": [6.5, 8, 6.8125, 8.0625], "texture": "#1"},
				"up": {"uv": [8.0625, 6.8125, 8, 6.5], "texture": "#1"},
				"down": {"uv": [7.0625, 8, 7, 8.3125], "texture": "#1"}
			}
		}
	],
	"display": {
		"thirdperson_righthand": {
			"rotation": [-1.1, -4.9, -0.45],
			"translation": [2, 3.5, -3.25],
			"scale": [0.8, 0.8, 0.8]
		},
		"firstperson_righthand": {
			"rotation": [0, 0, 6.5],
			"translation": [-3.75, 7.75, 2.75]
		},
		"gui": {
			"rotation": [83.98, 45.35, -86.23],
			"translation": [3.75, 0.75, 0],
			"scale": [0.8, 0.8, 0.8]
		},
		"fixed": {
			"rotation": [93.4, -42.65, 92.32],
			"translation": [-3.5, 1.5, 0]
		}
	},
	"groups": [
		0,
		1,
		2,
		3,
		4,
		5,
		6,
		7,
		8,
		9,
		10,
		11,
		12,
		13,
		14,
		15,
		16,
		17,
		18,
		19,
		20,
		21,
		22,
		23,
		24,
		25,
		26,
		27,
		28,
		29,
		30,
		31,
		32,
		33,
		34,
		35,
		36,
		37,
		38,
		39,
		40,
		41,
		42,
		43,
		44,
		45,
		46,
		47,
		48,
		49,
		50,
		51,
		52,
		53,
		54,
		55,
		56,
		57,
		58,
		59,
		60,
		61,
		62,
		63,
		64,
		65,
		66,
		67,
		68,
		69,
		70,
		71,
		72,
		73,
		74,
		75,
		{
			"name": "bullet",
			"origin": [0, 0, 0],
			"color": 0,
			"children": [76, 77, 78, 79, 80, 81, 82, 83, 84, 85, 86, 87, 88, 89, 90, 91, 92, 93, 94, 95, 96, 97, 98, 99, 100, 101, 102, 103, 104, 105, 106, 107]
		}
	]
}