{
	"credit": "Made by tjwhangLeime",
	"texture_size": [64, 64],
	"textures": {
		"0": "weapons/gun_stg44",
		"particle": "weapons/gun_stg44"
	},
	"elements": [
		{
			"name": "main",
			"from": [7.88832, 2.30656, 11.0272],
			"to": [8.91168, 4.60912, 21.40512],
			"rotation": {"angle": 0, "axis": "y", "origin": [2, 0, 4]},
			"faces": {
				"north": {"uv": [5.5, 3, 5.8125, 3.75], "texture": "#0"},
				"east": {"uv": [0, 0, 3.25, 0.75], "texture": "#0"},
				"south": {"uv": [5.5, 3.75, 5.8125, 4.5], "texture": "#0"},
				"west": {"uv": [0, 0.75, 3.25, 1.5], "texture": "#0"},
				"up": {"uv": [2.8125, 5.25, 2.5, 2], "texture": "#0"},
				"down": {"uv": [0.3125, 3, 0, 6.25], "texture": "#0"}
			}
		},
		{
			"name": "main",
			"from": [8.88832, 3.86656, 13.4272],
			"to": [9.11168, 4.44912, 15.48512],
			"rotation": {"angle": 0, "axis": "y", "origin": [2, 0, 4]},
			"faces": {
				"north": {"uv": [1, 8, 1.0625, 8.1875], "texture": "#0"},
				"east": {"uv": [6.5, 6.5, 7.125, 6.6875], "texture": "#0"},
				"south": {"uv": [8, 1, 8.0625, 1.1875], "texture": "#0"},
				"west": {"uv": [6.75, 0.5, 7.375, 0.6875], "texture": "#0"},
				"up": {"uv": [7.5625, 1.625, 7.5, 1], "texture": "#0"},
				"down": {"uv": [1.8125, 7.5, 1.75, 8.125], "texture": "#0"}
			}
		},
		{
			"name": "main",
			"from": [8.08832, 4.60912, 10.2272],
			"to": [8.71168, 5.07168, 12.48512],
			"rotation": {"angle": 0, "axis": "y", "origin": [2, 0, 4]},
			"faces": {
				"north": {"uv": [0.5, 7.75, 0.6875, 7.875], "texture": "#0"},
				"east": {"uv": [6.75, 6.25, 7.4375, 6.375], "texture": "#0"},
				"south": {"uv": [0.75, 7.75, 0.9375, 7.875], "texture": "#0"},
				"west": {"uv": [7, 1.75, 7.6875, 1.875], "texture": "#0"},
				"up": {"uv": [5.1875, 7.1875, 5, 6.5], "texture": "#0"},
				"down": {"uv": [6.6875, 5, 6.5, 5.6875], "texture": "#0"}
			}
		},
		{
			"name": "main",
			"from": [8.08832, 5.07168, 10.2272],
			"to": [8.17168, 5.45424, 10.68512],
			"rotation": {"angle": 0, "axis": "y", "origin": [2, 0, 4]},
			"faces": {
				"north": {"uv": [5, 8, 5.0625, 8.125], "texture": "#0"},
				"east": {"uv": [7.75, 5.5, 7.875, 5.625], "texture": "#0"},
				"south": {"uv": [8, 5, 8.0625, 5.125], "texture": "#0"},
				"west": {"uv": [5.75, 7.75, 5.875, 7.875], "texture": "#0"},
				"up": {"uv": [5.3125, 8.125, 5.25, 8], "texture": "#0"},
				"down": {"uv": [8.0625, 5.25, 8, 5.375], "texture": "#0"}
			}
		},
		{
			"name": "main",
			"from": [8.38832, 5.07168, -2.5228],
			"to": [8.42168, 5.32924, -2.5228],
			"rotation": {"angle": 0, "axis": "y", "origin": [2.275, 0, -8.75]},
			"faces": {
				"north": {"uv": [5, 8, 5.0625, 8.125], "texture": "#0"},
				"east": {"uv": [7.75, 5.5, 7.875, 5.625], "texture": "#0"},
				"south": {"uv": [8, 5, 8.0625, 5.125], "texture": "#0"},
				"west": {"uv": [5.75, 7.75, 5.875, 7.875], "texture": "#0"},
				"up": {"uv": [5.3125, 8.125, 5.25, 8], "texture": "#0"},
				"down": {"uv": [8.0625, 5.25, 8, 5.375], "texture": "#0"}
			}
		},
		{
			"name": "main",
			"from": [8.62832, 5.07168, 10.2272],
			"to": [8.71168, 5.45424, 10.68512],
			"rotation": {"angle": 0, "axis": "y", "origin": [2, 0, 4]},
			"faces": {
				"north": {"uv": [5.5, 8, 5.5625, 8.125], "texture": "#0"},
				"east": {"uv": [7.75, 5.75, 7.875, 5.875], "texture": "#0"},
				"south": {"uv": [8, 5.5, 8.0625, 5.625], "texture": "#0"},
				"west": {"uv": [6, 7.75, 6.125, 7.875], "texture": "#0"},
				"up": {"uv": [5.8125, 8.125, 5.75, 8], "texture": "#0"},
				"down": {"uv": [8.0625, 5.75, 8, 5.875], "texture": "#0"}
			}
		},
		{
			"name": "main",
			"from": [8.16832, 4.99168, 10.36512],
			"to": [8.63168, 5.21424, 12.50304],
			"rotation": {"angle": 0, "axis": "y", "origin": [2, 0, 4]},
			"faces": {
				"north": {"uv": [6, 8, 6.125, 8.0625], "texture": "#0"},
				"east": {"uv": [7.5, 0.5, 8.1875, 0.5625], "texture": "#0"},
				"south": {"uv": [8, 6, 8.125, 6.0625], "texture": "#0"},
				"west": {"uv": [1, 7.5, 1.6875, 7.5625], "texture": "#0"},
				"up": {"uv": [7.125, 3.4375, 7, 2.75], "texture": "#0"},
				"down": {"uv": [3.125, 7, 3, 7.6875], "texture": "#0"}
			}
		},
		{
			"name": "main",
			"from": [8.08912, 4.35214, 12.16729],
			"to": [8.71088, 5.00846, 12.62825],
			"rotation": {"angle": -22.5, "axis": "x", "origin": [8.4, 4.6803, 12.39777]},
			"faces": {
				"north": {"uv": [7.5, 4.75, 7.6875, 4.9375], "texture": "#0"},
				"east": {"uv": [7.75, 0.75, 7.875, 0.9375], "texture": "#0"},
				"south": {"uv": [7.5, 5, 7.6875, 5.1875], "texture": "#0"},
				"west": {"uv": [1, 7.75, 1.125, 7.9375], "texture": "#0"},
				"up": {"uv": [7.9375, 1.125, 7.75, 1], "texture": "#0"},
				"down": {"uv": [1.4375, 7.75, 1.25, 7.875], "texture": "#0"}
			}
		},
		{
			"name": "main",
			"from": [8.08912, 4.35214, 10.08407],
			"to": [8.71088, 5.00846, 10.54503],
			"rotation": {"angle": 22.5, "axis": "x", "origin": [8.4, 4.6803, 10.31455]},
			"faces": {
				"north": {"uv": [5.25, 7.5, 5.4375, 7.6875], "texture": "#0"},
				"east": {"uv": [7.75, 1.25, 7.875, 1.4375], "texture": "#0"},
				"south": {"uv": [5.5, 7.5, 5.6875, 7.6875], "texture": "#0"},
				"west": {"uv": [1.5, 7.75, 1.625, 7.9375], "texture": "#0"},
				"up": {"uv": [7.9375, 1.625, 7.75, 1.5], "texture": "#0"},
				"down": {"uv": [7.9375, 1.75, 7.75, 1.875], "texture": "#0"}
			}
		},
		{
			"name": "main",
			"from": [8.88832, 3.86656, 15.8272],
			"to": [9.11168, 4.44912, 17.88512],
			"rotation": {"angle": 0, "axis": "y", "origin": [2, 0, 4]},
			"faces": {
				"north": {"uv": [8, 1.75, 8.0625, 1.9375], "texture": "#0"},
				"east": {"uv": [6.75, 1, 7.375, 1.1875], "texture": "#0"},
				"south": {"uv": [8, 2.5, 8.0625, 2.6875], "texture": "#0"},
				"west": {"uv": [6.75, 5, 7.375, 5.1875], "texture": "#0"},
				"up": {"uv": [3.8125, 8.125, 3.75, 7.5], "texture": "#0"},
				"down": {"uv": [4.0625, 7.5, 4, 8.125], "texture": "#0"}
			}
		},
		{
			"name": "main",
			"from": [7.88832, 2.85856, 8.92128],
			"to": [8.91168, 4.64912, 11.0272],
			"rotation": {"angle": 0, "axis": "y", "origin": [2, 0, 4]},
			"faces": {
				"north": {"uv": [2.5, 6, 2.8125, 6.5625], "texture": "#0"},
				"east": {"uv": [4.75, 0, 5.4375, 0.5625], "texture": "#0"},
				"south": {"uv": [6, 3, 6.3125, 3.5625], "texture": "#0"},
				"west": {"uv": [4.75, 0.75, 5.4375, 1.3125], "texture": "#0"},
				"up": {"uv": [5.8125, 5.6875, 5.5, 5], "texture": "#0"},
				"down": {"uv": [1.3125, 5.75, 1, 6.4375], "texture": "#0"}
			}
		},
		{
			"name": "main",
			"from": [7.88912, 3.03024, 8.3647],
			"to": [8.91088, 3.6392, 9.26902],
			"rotation": {"angle": 45, "axis": "x", "origin": [8.4, 3.33472, 8.81686]},
			"faces": {
				"north": {"uv": [3.75, 7.25, 4.0625, 7.4375], "texture": "#0"},
				"east": {"uv": [4.5, 7.25, 4.8125, 7.4375], "texture": "#0"},
				"south": {"uv": [5, 7.25, 5.3125, 7.4375], "texture": "#0"},
				"west": {"uv": [7.25, 5.25, 7.5625, 5.4375], "texture": "#0"},
				"up": {"uv": [4.8125, 7.0625, 4.5, 6.75], "texture": "#0"},
				"down": {"uv": [7.0625, 5.25, 6.75, 5.5625], "texture": "#0"}
			}
		},
		{
			"name": "main",
			"from": [7.88912, 2.5371, 10.47062],
			"to": [8.91088, 3.14606, 11.37494],
			"rotation": {"angle": 45, "axis": "x", "origin": [8.4, 2.84158, 10.92278]},
			"faces": {
				"north": {"uv": [5.5, 7.25, 5.8125, 7.4375], "texture": "#0"},
				"east": {"uv": [7.25, 5.5, 7.5625, 5.6875], "texture": "#0"},
				"south": {"uv": [7.25, 5.75, 7.5625, 5.9375], "texture": "#0"},
				"west": {"uv": [6, 7.25, 6.3125, 7.4375], "texture": "#0"},
				"up": {"uv": [5.8125, 7.0625, 5.5, 6.75], "texture": "#0"},
				"down": {"uv": [7.0625, 5.75, 6.75, 6.0625], "texture": "#0"}
			}
		},
		{
			"name": "main",
			"from": [7.88832, 3.33056, 4.11136],
			"to": [8.91168, 3.99312, 8.92128],
			"rotation": {"angle": 0, "axis": "y", "origin": [2, 0, 4]},
			"faces": {
				"north": {"uv": [7.25, 6, 7.5625, 6.1875], "texture": "#0"},
				"east": {"uv": [5.25, 2.75, 6.875, 2.9375], "texture": "#0"},
				"south": {"uv": [6.5, 7.25, 6.8125, 7.4375], "texture": "#0"},
				"west": {"uv": [5.5, 0.75, 7.125, 0.9375], "texture": "#0"},
				"up": {"uv": [3.8125, 5.625, 3.5, 4], "texture": "#0"},
				"down": {"uv": [4.3125, 4, 4, 5.625], "texture": "#0"}
			}
		},
		{
			"name": "main",
			"from": [8.09712, 3.31256, -2.64],
			"to": [8.70288, 3.91832, -1.44944],
			"rotation": {"angle": 0, "axis": "y", "origin": [2, 0, 4]},
			"faces": {
				"north": {"uv": [5.75, 7.5, 5.9375, 7.6875], "texture": "#0"},
				"east": {"uv": [7.25, 0.25, 7.625, 0.4375], "texture": "#0"},
				"south": {"uv": [6, 7.5, 6.1875, 7.6875], "texture": "#0"},
				"west": {"uv": [7.25, 0.75, 7.625, 0.9375], "texture": "#0"},
				"up": {"uv": [7.4375, 1.625, 7.25, 1.25], "texture": "#0"},
				"down": {"uv": [2.6875, 7.25, 2.5, 7.625], "texture": "#0"}
			}
		},
		{
			"name": "main",
			"from": [8.25712, 3.91256, -2.64],
			"to": [8.54288, 5.11832, -1.96944],
			"rotation": {"angle": 0, "axis": "y", "origin": [2, 0, 4]},
			"faces": {
				"north": {"uv": [2.5, 7.75, 2.5625, 8.125], "texture": "#0"},
				"east": {"uv": [7.25, 2.5, 7.4375, 2.875], "texture": "#0"},
				"south": {"uv": [2.75, 7.75, 2.8125, 8.125], "texture": "#0"},
				"west": {"uv": [2.75, 7.25, 2.9375, 7.625], "texture": "#0"},
				"up": {"uv": [8.0625, 2.9375, 8, 2.75], "texture": "#0"},
				"down": {"uv": [3.0625, 8, 3, 8.1875], "texture": "#0"}
			}
		},
		{
			"name": "main",
			"from": [8.17136, 5.03832, -2.64],
			"to": [8.25712, 5.52408, -1.96944],
			"rotation": {"angle": 0, "axis": "y", "origin": [2, 0, 4]},
			"faces": {
				"north": {"uv": [6.25, 8, 6.3125, 8.125], "texture": "#0"},
				"east": {"uv": [3, 7.75, 3.1875, 7.875], "texture": "#0"},
				"south": {"uv": [8, 6.25, 8.0625, 6.375], "texture": "#0"},
				"west": {"uv": [3.25, 7.75, 3.4375, 7.875], "texture": "#0"},
				"up": {"uv": [8.0625, 3.1875, 8, 3], "texture": "#0"},
				"down": {"uv": [3.3125, 8, 3.25, 8.1875], "texture": "#0"}
			}
		},
		{
			"name": "main",
			"from": [8.54288, 5.03832, -2.64],
			"to": [8.62864, 5.52408, -1.96944],
			"rotation": {"angle": 0, "axis": "y", "origin": [2, 0, 4]},
			"faces": {
				"north": {"uv": [6.5, 8, 6.5625, 8.125], "texture": "#0"},
				"east": {"uv": [7.75, 3.5, 7.9375, 3.625], "texture": "#0"},
				"south": {"uv": [8, 6.5, 8.0625, 6.625], "texture": "#0"},
				"west": {"uv": [7.75, 3.75, 7.9375, 3.875], "texture": "#0"},
				"up": {"uv": [8.0625, 3.4375, 8, 3.25], "texture": "#0"},
				"down": {"uv": [8.0625, 3.5, 8, 3.6875], "texture": "#0"}
			}
		},
		{
			"name": "main",
			"from": [8.25712, 5.43832, -2.64],
			"to": [8.54288, 5.52408, -1.96944],
			"rotation": {"angle": 0, "axis": "y", "origin": [2, 0, 4]},
			"faces": {
				"north": {"uv": [7.75, 8, 7.8125, 8.0625], "texture": "#0"},
				"east": {"uv": [4.25, 8, 4.4375, 8.0625], "texture": "#0"},
				"south": {"uv": [8, 7.75, 8.0625, 7.8125], "texture": "#0"},
				"west": {"uv": [8, 4.25, 8.1875, 4.3125], "texture": "#0"},
				"up": {"uv": [4.5625, 8.1875, 4.5, 8], "texture": "#0"},
				"down": {"uv": [8.0625, 4.5, 8, 4.6875], "texture": "#0"}
			}
		},
		{
			"name": "main",
			"from": [8.25792, 3.56972, -2.29078],
			"to": [8.54208, 4.97388, -1.70182],
			"rotation": {"angle": -22.5, "axis": "x", "origin": [8.4, 4.3718, -2.1963]},
			"faces": {
				"north": {"uv": [7.75, 0, 7.8125, 0.4375], "texture": "#0"},
				"east": {"uv": [3.5, 7, 3.6875, 7.4375], "texture": "#0"},
				"south": {"uv": [0.25, 7.75, 0.3125, 8.1875], "texture": "#0"},
				"west": {"uv": [7, 3.5, 7.1875, 3.9375], "texture": "#0"},
				"up": {"uv": [4.8125, 8.1875, 4.75, 8], "texture": "#0"},
				"down": {"uv": [8.0625, 4.75, 8, 4.9375], "texture": "#0"}
			}
		},
		{
			"name": "main",
			"from": [8.16579, 4.09256, 1.78864],
			"to": [8.59235, 4.51912, 2.11056],
			"rotation": {"angle": 45, "axis": "z", "origin": [8.37907, 4.33544, 1.3496]},
			"faces": {
				"north": {"uv": [7.75, 6.25, 7.875, 6.375], "texture": "#0"},
				"east": {"uv": [6.5, 7.75, 6.625, 7.875], "texture": "#0"},
				"south": {"uv": [7.75, 6.5, 7.875, 6.625], "texture": "#0"},
				"west": {"uv": [6.75, 7.75, 6.875, 7.875], "texture": "#0"},
				"up": {"uv": [7.875, 7.125, 7.75, 7], "texture": "#0"},
				"down": {"uv": [7.375, 7.75, 7.25, 7.875], "texture": "#0"}
			}
		},
		{
			"name": "main",
			"from": [8.22579, 4.15256, -0.01136],
			"to": [8.53235, 4.45912, 0.31056],
			"rotation": {"angle": 45, "axis": "z", "origin": [8.37907, 4.33544, 1.3496]},
			"faces": {
				"north": {"uv": [7.75, 7.5, 7.875, 7.625], "texture": "#0"},
				"east": {"uv": [7.75, 7.75, 7.875, 7.875], "texture": "#0"},
				"south": {"uv": [0, 8, 0.125, 8.125], "texture": "#0"},
				"west": {"uv": [8, 0, 8.125, 0.125], "texture": "#0"},
				"up": {"uv": [8.125, 0.375, 8, 0.25], "texture": "#0"},
				"down": {"uv": [0.625, 8, 0.5, 8.125], "texture": "#0"}
			}
		},
		{
			"name": "main",
			"from": [8.24579, 4.17256, 0.26672],
			"to": [8.51235, 4.43912, 1.78864],
			"rotation": {"angle": 45, "axis": "z", "origin": [8.37907, 4.33544, 1.42768]},
			"faces": {
				"north": {"uv": [8, 8, 8.0625, 8.0625], "texture": "#0"},
				"east": {"uv": [7.5, 6.75, 8, 6.8125], "texture": "#0"},
				"south": {"uv": [0, 8.25, 0.0625, 8.3125], "texture": "#0"},
				"west": {"uv": [7.5, 7.25, 8, 7.3125], "texture": "#0"},
				"up": {"uv": [7.0625, 8, 7, 7.5], "texture": "#0"},
				"down": {"uv": [7.5625, 7.5, 7.5, 8], "texture": "#0"}
			}
		},
		{
			"name": "main",
			"from": [7.98672, 3.37256, 2.11056],
			"to": [8.81328, 4.65832, 3.63248],
			"rotation": {"angle": 0, "axis": "y", "origin": [2, 0, 4]},
			"faces": {
				"north": {"uv": [5, 1.5, 5.25, 1.875], "texture": "#0"},
				"east": {"uv": [5.5, 5.75, 6, 6.125], "texture": "#0"},
				"south": {"uv": [7, 0, 7.25, 0.375], "texture": "#0"},
				"west": {"uv": [6, 0, 6.5, 0.375], "texture": "#0"},
				"up": {"uv": [4.5, 4, 4.25, 3.5], "texture": "#0"},
				"down": {"uv": [5, 3, 4.75, 3.5], "texture": "#0"}
			}
		},
		{
			"name": "main",
			"from": [7.74672, 3.95256, 3.19056],
			"to": [8.05328, 4.31832, 3.43248],
			"rotation": {"angle": 0, "axis": "y", "origin": [2, 0, 4]},
			"faces": {
				"north": {"uv": [0.75, 8, 0.875, 8.125], "texture": "#0"},
				"east": {"uv": [6.75, 8, 6.8125, 8.125], "texture": "#0"},
				"south": {"uv": [8, 0.75, 8.125, 0.875], "texture": "#0"},
				"west": {"uv": [8, 6.75, 8.0625, 6.875], "texture": "#0"},
				"up": {"uv": [7.125, 8.0625, 7, 8], "texture": "#0"},
				"down": {"uv": [8.125, 7, 8, 7.0625], "texture": "#0"}
			}
		},
		{
			"name": "main",
			"from": [7.84672, 3.69256, 3.29056],
			"to": [7.84672, 4.57832, 3.89248],
			"rotation": {"angle": 0, "axis": "y", "origin": [2, 0, 4]},
			"faces": {
				"north": {"uv": [0, 0, 0, 0.25], "texture": "#0"},
				"east": {"uv": [5.5, 1.25, 5.6875, 1.5], "texture": "#0"},
				"south": {"uv": [0, 0, 0, 0.25], "texture": "#0"},
				"west": {"uv": [0.25, 7.5, 0.4375, 7.75], "texture": "#0"},
				"up": {"uv": [0, 0.1875, 0, 0], "texture": "#0"},
				"down": {"uv": [0, 0, 0, 0.1875], "texture": "#0"}
			}
		},
		{
			"name": "main",
			"from": [7.88832, 2.30656, 21.40512],
			"to": [8.91168, 3.8416, 29.08032],
			"rotation": {"angle": 0, "axis": "y", "origin": [2, 0, 4]},
			"faces": {
				"north": {"uv": [5, 6, 5.3125, 6.5], "texture": "#0"},
				"east": {"uv": [0, 1.5, 2.375, 2], "texture": "#0"},
				"south": {"uv": [6, 5.25, 6.3125, 5.75], "texture": "#0"},
				"west": {"uv": [0, 2, 2.375, 2.5], "texture": "#0"},
				"up": {"uv": [0.8125, 5.375, 0.5, 3], "texture": "#0"},
				"down": {"uv": [1.3125, 3, 1, 5.375], "texture": "#0"}
			}
		},
		{
			"name": "main",
			"from": [7.88832, 0.77152, 25.34112],
			"to": [8.91168, 2.30656, 29.08032],
			"rotation": {"angle": 0, "axis": "y", "origin": [2, 0, 4]},
			"faces": {
				"north": {"uv": [6, 5.75, 6.3125, 6.25], "texture": "#0"},
				"east": {"uv": [3, 3.5, 4.1875, 4], "texture": "#0"},
				"south": {"uv": [0, 6.25, 0.3125, 6.75], "texture": "#0"},
				"west": {"uv": [3.5, 3, 4.6875, 3.5], "texture": "#0"},
				"up": {"uv": [5.3125, 4.1875, 5, 3], "texture": "#0"},
				"down": {"uv": [5.3125, 4.25, 5, 5.4375], "texture": "#0"}
			}
		},
		{
			"name": "main",
			"from": [7.88898, 3.17425, 21.12023],
			"to": [8.91102, 4.05198, 23.21812],
			"rotation": {"angle": 22.5, "axis": "x", "origin": [8.4, 3.61311, 22.66118]},
			"faces": {
				"north": {"uv": [3.75, 7, 4.0625, 7.25], "texture": "#0"},
				"east": {"uv": [6.25, 1.25, 6.875, 1.5], "texture": "#0"},
				"south": {"uv": [7, 4, 7.3125, 4.25], "texture": "#0"},
				"west": {"uv": [6.25, 1.5, 6.875, 1.75], "texture": "#0"},
				"up": {"uv": [3.8125, 6.375, 3.5, 5.75], "texture": "#0"},
				"down": {"uv": [4.3125, 5.75, 4, 6.375], "texture": "#0"}
			}
		},
		{
			"name": "main",
			"from": [7.88898, 0.78021, 21.40578],
			"to": [8.91102, 2.31394, 29.07966],
			"rotation": {"angle": 22.5, "axis": "x", "origin": [8.4, 1.54707, 25.24432]},
			"faces": {
				"north": {"uv": [4.5, 6.25, 4.8125, 6.75], "texture": "#0"},
				"east": {"uv": [0, 2.5, 2.375, 3], "texture": "#0"},
				"south": {"uv": [5.5, 6.25, 5.8125, 6.75], "texture": "#0"},
				"west": {"uv": [2.5, 1.5, 4.875, 2], "texture": "#0"},
				"up": {"uv": [1.8125, 5.375, 1.5, 3], "texture": "#0"},
				"down": {"uv": [2.3125, 3, 2, 5.375], "texture": "#0"}
			}
		},
		{
			"name": "main",
			"from": [7.9, 1.70656, 11.0272],
			"to": [8.9, 2.30656, 13.1872],
			"rotation": {"angle": 0, "axis": "y", "origin": [2, 0, 4]},
			"faces": {
				"north": {"uv": [7.25, 6.5, 7.5625, 6.6875], "texture": "#0"},
				"east": {"uv": [6.25, 1.75, 6.9375, 1.9375], "texture": "#0"},
				"south": {"uv": [7.25, 7, 7.5625, 7.1875], "texture": "#0"},
				"west": {"uv": [6.5, 2.5, 7.1875, 2.6875], "texture": "#0"},
				"up": {"uv": [6.0625, 1.9375, 5.75, 1.25], "texture": "#0"},
				"down": {"uv": [1.8125, 5.75, 1.5, 6.4375], "texture": "#0"}
			}
		},
		{
			"name": "main",
			"from": [7.9, 1.51735, 14.78519],
			"to": [8.9, 2.31735, 18.62519],
			"rotation": {"angle": 0, "axis": "y", "origin": [2, 0, 4]},
			"faces": {
				"north": {"uv": [7, 4.25, 7.3125, 4.5], "texture": "#0"},
				"east": {"uv": [1, 5.5, 2.1875, 5.75], "texture": "#0"},
				"south": {"uv": [7, 4.5, 7.3125, 4.75], "texture": "#0"},
				"west": {"uv": [5.5, 1, 6.6875, 1.25], "texture": "#0"},
				"up": {"uv": [4.8125, 6.1875, 4.5, 5], "texture": "#0"},
				"down": {"uv": [5.5625, 1.5, 5.25, 2.6875], "texture": "#0"}
			}
		},
		{
			"name": "main",
			"from": [7.9008, 1.61476, 18.08806],
			"to": [8.8992, 2.81316, 18.88646],
			"rotation": {"angle": 22.5, "axis": "x", "origin": [8.4, 2.21396, 18.48726]},
			"faces": {
				"north": {"uv": [0, 6.75, 0.3125, 7.125], "texture": "#0"},
				"east": {"uv": [1, 7, 1.25, 7.375], "texture": "#0"},
				"south": {"uv": [2.5, 6.75, 2.8125, 7.125], "texture": "#0"},
				"west": {"uv": [1.25, 7, 1.5, 7.375], "texture": "#0"},
				"up": {"uv": [7.3125, 5, 7, 4.75], "texture": "#0"},
				"down": {"uv": [7.3125, 6.75, 7, 7], "texture": "#0"}
			}
		},
		{
			"name": "main",
			"from": [7.9008, 0.10736, 15.028],
			"to": [8.8992, 0.42576, 16.8264],
			"rotation": {"angle": 0, "axis": "y", "origin": [2, 0, 4]},
			"faces": {
				"north": {"uv": [7.5, 2.5, 7.8125, 2.625], "texture": "#0"},
				"east": {"uv": [7.25, 3, 7.8125, 3.125], "texture": "#0"},
				"south": {"uv": [7.5, 2.75, 7.8125, 2.875], "texture": "#0"},
				"west": {"uv": [7.25, 3.25, 7.8125, 3.375], "texture": "#0"},
				"up": {"uv": [6.3125, 4.3125, 6, 3.75], "texture": "#0"},
				"down": {"uv": [6.3125, 4.5, 6, 5.0625], "texture": "#0"}
			}
		},
		{
			"name": "main",
			"from": [8.1008, 1.14736, 16.108],
			"to": [8.6992, 1.74576, 16.4264],
			"rotation": {"angle": 0, "axis": "y", "origin": [2, 0, 4]},
			"faces": {
				"north": {"uv": [6.25, 7.5, 6.4375, 7.6875], "texture": "#0"},
				"east": {"uv": [7.75, 4, 7.875, 4.1875], "texture": "#0"},
				"south": {"uv": [7.5, 6.25, 7.6875, 6.4375], "texture": "#0"},
				"west": {"uv": [4.25, 7.75, 4.375, 7.9375], "texture": "#0"},
				"up": {"uv": [4.6875, 7.875, 4.5, 7.75], "texture": "#0"},
				"down": {"uv": [4.9375, 7.75, 4.75, 7.875], "texture": "#0"}
			}
		},
		{
			"name": "main",
			"from": [8.1008, 0.64797, 16.00866],
			"to": [8.6992, 1.24637, 16.32706],
			"rotation": {"angle": 22.5, "axis": "x", "origin": [8.4, 0.94717, 16.12786]},
			"faces": {
				"north": {"uv": [6.5, 7.5, 6.6875, 7.6875], "texture": "#0"},
				"east": {"uv": [7.75, 4.75, 7.875, 4.9375], "texture": "#0"},
				"south": {"uv": [6.75, 7.5, 6.9375, 7.6875], "texture": "#0"},
				"west": {"uv": [5, 7.75, 5.125, 7.9375], "texture": "#0"},
				"up": {"uv": [7.9375, 5.125, 7.75, 5], "texture": "#0"},
				"down": {"uv": [5.4375, 7.75, 5.25, 7.875], "texture": "#0"}
			}
		},
		{
			"name": "main",
			"from": [7.9008, 0.05425, 14.36258],
			"to": [8.8992, 1.65265, 14.68098],
			"rotation": {"angle": -22.5, "axis": "x", "origin": [8.4, 1.75345, 14.56178]},
			"faces": {
				"north": {"uv": [6, 6.25, 6.3125, 6.75], "texture": "#0"},
				"east": {"uv": [3.25, 7.25, 3.375, 7.75], "texture": "#0"},
				"south": {"uv": [6.5, 0, 6.8125, 0.5], "texture": "#0"},
				"west": {"uv": [7.25, 3.5, 7.375, 4], "texture": "#0"},
				"up": {"uv": [4.5625, 7.625, 4.25, 7.5], "texture": "#0"},
				"down": {"uv": [7.8125, 4.25, 7.5, 4.375], "texture": "#0"}
			}
		},
		{
			"name": "main",
			"from": [7.9016, 0.05505, 17.17422],
			"to": [8.8984, 1.45185, 17.49102],
			"rotation": {"angle": 22.5, "axis": "x", "origin": [8.4, 1.75345, 17.29262]},
			"faces": {
				"north": {"uv": [6.5, 3, 6.8125, 3.4375], "texture": "#0"},
				"east": {"uv": [7.25, 7.25, 7.375, 7.6875], "texture": "#0"},
				"south": {"uv": [3.5, 6.5, 3.8125, 6.9375], "texture": "#0"},
				"west": {"uv": [0, 7.5, 0.125, 7.9375], "texture": "#0"},
				"up": {"uv": [7.8125, 4.625, 7.5, 4.5], "texture": "#0"},
				"down": {"uv": [5.0625, 7.5, 4.75, 7.625], "texture": "#0"}
			}
		},
		{
			"name": "main",
			"from": [7.9, 0.87735, 13.18519],
			"to": [8.9, 2.31735, 14.78519],
			"rotation": {"angle": 0, "axis": "y", "origin": [2, 0, 4]},
			"faces": {
				"north": {"uv": [6.5, 3.5, 6.8125, 3.9375], "texture": "#0"},
				"east": {"uv": [5.5, 4.5, 6, 4.9375], "texture": "#0"},
				"south": {"uv": [4, 6.5, 4.3125, 6.9375], "texture": "#0"},
				"west": {"uv": [5, 5.5, 5.5, 5.9375], "texture": "#0"},
				"up": {"uv": [1.3125, 7, 1, 6.5], "texture": "#0"},
				"down": {"uv": [1.8125, 6.5, 1.5, 7], "texture": "#0"}
			}
		},
		{
			"name": "main",
			"from": [7.9016, 1.01781, 12.98111],
			"to": [8.8984, 1.93461, 13.77791],
			"rotation": {"angle": -22.5, "axis": "x", "origin": [8.4, 1.47621, 13.37951]},
			"faces": {
				"north": {"uv": [6, 6.75, 6.3125, 7.0625], "texture": "#0"},
				"east": {"uv": [4.25, 7, 4.5, 7.3125], "texture": "#0"},
				"south": {"uv": [6.5, 6.75, 6.8125, 7.0625], "texture": "#0"},
				"west": {"uv": [7, 7, 7.25, 7.3125], "texture": "#0"},
				"up": {"uv": [0.3125, 7.5, 0, 7.25], "texture": "#0"},
				"down": {"uv": [7.5625, 0, 7.25, 0.25], "texture": "#0"}
			}
		},
		{
			"name": "main",
			"from": [7.9008, -1.49472, 17.99822],
			"to": [8.8992, 2.70368, 19.39662],
			"rotation": {"angle": -45, "axis": "x", "origin": [8.4, 0.60448, 18.69742]},
			"faces": {
				"north": {"uv": [4.25, 0, 4.5625, 1.3125], "texture": "#0"},
				"east": {"uv": [3.75, 0, 4.1875, 1.3125], "texture": "#0"},
				"south": {"uv": [4.5, 3.5, 4.8125, 4.8125], "texture": "#0"},
				"west": {"uv": [3, 4, 3.4375, 5.3125], "texture": "#0"},
				"up": {"uv": [6.8125, 4.4375, 6.5, 4], "texture": "#0"},
				"down": {"uv": [6.8125, 4.5, 6.5, 4.9375], "texture": "#0"}
			}
		},
		{
			"name": "eject",
			"from": [8.992, 3.6, 11.36],
			"to": [8.992, 3.6, 11.36],
			"rotation": {"angle": 0, "axis": "y", "origin": [2, 0, 4]},
			"faces": {
				"north": {"uv": [7.25, 5, 7.5625, 5.3125], "texture": "#0"},
				"east": {"uv": [6.75, 7, 7.125, 7.3125], "texture": "#0"},
				"south": {"uv": [7.25, 5.5, 7.5625, 5.8125], "texture": "#0"},
				"west": {"uv": [7.25, 0, 7.625, 0.3125], "texture": "#0"},
				"up": {"uv": [7.5625, 2.625, 7.25, 2.25], "texture": "#0"},
				"down": {"uv": [3.3125, 7.25, 3, 7.625], "texture": "#0"}
			}
		},
		{
			"name": "muzzleflash",
			"from": [8.392, 3.6, -3.04],
			"to": [8.392, 3.6, -3.04],
			"rotation": {"angle": 0, "axis": "y", "origin": [2, 0, 4]},
			"faces": {
				"north": {"uv": [7.25, 5, 7.5625, 5.3125], "texture": "#0"},
				"east": {"uv": [6.75, 7, 7.125, 7.3125], "texture": "#0"},
				"south": {"uv": [7.25, 5.5, 7.5625, 5.8125], "texture": "#0"},
				"west": {"uv": [7.25, 0, 7.625, 0.3125], "texture": "#0"},
				"up": {"uv": [7.5625, 2.625, 7.25, 2.25], "texture": "#0"},
				"down": {"uv": [3.3125, 7.25, 3, 7.625], "texture": "#0"}
			}
		},
		{
			"name": "close_open",
			"from": [8.88832, 4.06656, 10.4272],
			"to": [9.11168, 4.24912, 12.48512],
			"rotation": {"angle": 0, "axis": "y", "origin": [2, 0, 4]},
			"faces": {
				"north": {"uv": [7.25, 8, 7.3125, 8.0625], "texture": "#0"},
				"east": {"uv": [7.5, 2, 8.125, 2.0625], "texture": "#0"},
				"south": {"uv": [8, 7.25, 8.0625, 7.3125], "texture": "#0"},
				"west": {"uv": [7.5, 2.25, 8.125, 2.3125], "texture": "#0"},
				"up": {"uv": [2.0625, 8.125, 2, 7.5], "texture": "#0"},
				"down": {"uv": [2.3125, 7.5, 2.25, 8.125], "texture": "#0"}
			}
		},
		{
			"name": "close_open2",
			"from": [8.92832, 3.46656, 10.4672],
			"to": [9.07168, 4.20912, 12.44512],
			"rotation": {"angle": 22.5, "axis": "z", "origin": [9, 4.13784, 11.45616]},
			"faces": {
				"north": {"uv": [7.75, 5.25, 7.8125, 5.5], "texture": "#0"},
				"east": {"uv": [5.75, 2.5, 6.375, 2.75], "texture": "#0"},
				"south": {"uv": [5.5, 7.75, 5.5625, 8], "texture": "#0"},
				"west": {"uv": [6, 0.5, 6.625, 0.75], "texture": "#0"},
				"up": {"uv": [3.5625, 8.125, 3.5, 7.5], "texture": "#0"},
				"down": {"uv": [7.5625, 3.5, 7.5, 4.125], "texture": "#0"}
			}
		},
		{
			"name": "slide",
			"from": [7.28832, 4.02656, 12.4672],
			"to": [7.91168, 4.28912, 12.72512],
			"rotation": {"angle": 0, "axis": "y", "origin": [2, 0, 4]},
			"faces": {
				"north": {"uv": [1.25, 8, 1.4375, 8.0625], "texture": "#0"},
				"east": {"uv": [7.5, 8, 7.5625, 8.0625], "texture": "#0"},
				"south": {"uv": [8, 1.25, 8.1875, 1.3125], "texture": "#0"},
				"west": {"uv": [8, 7.5, 8.0625, 7.5625], "texture": "#0"},
				"up": {"uv": [1.6875, 8.0625, 1.5, 8], "texture": "#0"},
				"down": {"uv": [8.1875, 1.5, 8, 1.5625], "texture": "#0"}
			}
		},
		{
			"name": "barrel_overheat",
			"from": [8.15712, 3.37256, -2.96],
			"to": [8.64288, 3.85832, 2.11056],
			"rotation": {"angle": 0, "axis": "y", "origin": [2, 0, 4]},
			"faces": {
				"north": {"uv": [7.75, 6, 7.875, 6.125], "texture": "#0"},
				"east": {"uv": [5.75, 2, 7.3125, 2.125], "texture": "#0"},
				"south": {"uv": [6.25, 7.75, 6.375, 7.875], "texture": "#0"},
				"west": {"uv": [5.75, 2.25, 7.3125, 2.375], "texture": "#0"},
				"up": {"uv": [3.375, 7.0625, 3.25, 5.5], "texture": "#0"},
				"down": {"uv": [2.125, 5.75, 2, 7.3125], "texture": "#0"}
			}
		},
		{
			"name": "barrel_overheat",
			"from": [8.05232, 3.38176, 3.61936],
			"to": [8.74768, 4.60912, 8.92128],
			"rotation": {"angle": 0, "axis": "y", "origin": [2, 0, 4]},
			"faces": {
				"north": {"uv": [0.5, 7.25, 0.6875, 7.625], "texture": "#0"},
				"east": {"uv": [3.5, 2, 5.25, 2.375], "texture": "#0"},
				"south": {"uv": [0.75, 7.25, 0.9375, 7.625], "texture": "#0"},
				"west": {"uv": [3.5, 2.5, 5.25, 2.875], "texture": "#0"},
				"up": {"uv": [0.6875, 7.25, 0.5, 5.5], "texture": "#0"},
				"down": {"uv": [0.9375, 5.5, 0.75, 7.25], "texture": "#0"}
			}
		},
		{
			"name": "mag",
			"from": [8.0608, -4.52372, 11.73878],
			"to": [8.7392, 0.07468, 13.21718],
			"rotation": {"angle": 22.5, "axis": "x", "origin": [8.4, 1.37548, 12.51798]},
			"faces": {
				"north": {"uv": [2.25, 5.5, 2.4375, 6.9375], "texture": "#0"},
				"east": {"uv": [3, 2, 3.5, 3.4375], "texture": "#0"},
				"south": {"uv": [3, 5.5, 3.1875, 6.9375], "texture": "#0"},
				"west": {"uv": [3.25, 0, 3.75, 1.4375], "texture": "#0"},
				"up": {"uv": [1.9375, 7.5, 1.75, 7], "texture": "#0"},
				"down": {"uv": [2.4375, 7, 2.25, 7.5], "texture": "#0"}
			}
		},
		{
			"name": "mag",
			"from": [8.06, -0.09344, 11.1072],
			"to": [8.74, 2.10656, 12.6672],
			"rotation": {"angle": 0, "axis": "y", "origin": [2, 0, 4]},
			"faces": {
				"north": {"uv": [5.25, 6.5, 5.4375, 7.1875], "texture": "#0"},
				"east": {"uv": [2.5, 5.25, 3, 5.9375], "texture": "#0"},
				"south": {"uv": [6.5, 5.75, 6.6875, 6.4375], "texture": "#0"},
				"west": {"uv": [5.5, 0, 6, 0.6875], "texture": "#0"},
				"up": {"uv": [7.1875, 1.75, 7, 1.25], "texture": "#0"},
				"down": {"uv": [1.6875, 7, 1.5, 7.5], "texture": "#0"}
			}
		}
	],
	"display": {
		"thirdperson_righthand": {
			"rotation": [0.02, -6, 0.2],
			"translation": [0, 4, -5.5],
			"scale": [0.7, 0.7, 0.7]
		},
		"firstperson_righthand": {
			"translation": [-9.37, 11, -4]
		},
		"gui": {
			"rotation": [101.71, 53.24, -99.41],
			"translation": [-1, 5, 0],
			"scale": [0.7, 0.7, 0.7]
		},
		"fixed": {
			"rotation": [87.68, -49.19, 88.22],
			"translation": [0, 6.5, -0.75]
		}
	}
}