{
	"credit": "Made with Blockbench",
	"texture_size": [64, 64],
	"textures": {
		"0": "weapons/gun_gewehr_43",
		"particle": "weapons/gun_gewehr_43"
	},
	"elements": [
		{
			"name": "slide",
			"from": [7.22845, 7.47588, 9.26],
			"to": [7.72845, 7.77588, 9.56],
			"rotation": {"angle": -45, "axis": "z", "origin": [7.47845, 7.52588, 9.55152]},
			"faces": {
				"north": {"uv": [8.5, 6, 8.575, 6.1], "texture": "#0"},
				"east": {"uv": [8.5, 6, 8.575, 6.1], "texture": "#0"},
				"south": {"uv": [8.5, 6, 8.575, 6.1], "texture": "#0"},
				"west": {"uv": [8.5, 6, 8.575, 6.1], "texture": "#0"},
				"up": {"uv": [8.5, 6, 8.575, 6.1], "texture": "#0"},
				"down": {"uv": [8.5, 6, 8.575, 6.1], "texture": "#0"}
			}
		},
		{
			"name": "slide",
			"from": [7.57846, 6.87588, 9.25152],
			"to": [8.42155, 7.57846, 9.85152],
			"faces": {
				"north": {"uv": [8.5, 6, 8.875, 6.25], "texture": "#0"},
				"east": {"uv": [7, 9, 7.25, 9.25], "texture": "#0"},
				"south": {"uv": [6.5, 8.5, 6.875, 8.75], "texture": "#0"},
				"west": {"uv": [7.5, 9, 7.75, 9.25], "texture": "#0"},
				"up": {"uv": [7.875, 8.75, 7.5, 8.5], "texture": "#0"},
				"down": {"uv": [8.875, 7.5, 8.5, 7.75], "texture": "#0"}
			}
		},
		{
			"name": "slide",
			"from": [7.61897, 6.77588, 5.35761],
			"to": [8.38103, 7.39743, 9.35152],
			"faces": {
				"north": {"uv": [2, 10, 2.25, 10.125], "texture": "#0"},
				"east": {"uv": [1, 8, 2.5, 8.125], "texture": "#0"},
				"south": {"uv": [10, 2, 10.25, 2.125], "texture": "#0"},
				"west": {"uv": [8, 1, 9.5, 1.125], "texture": "#0"},
				"up": {"uv": [7.75, 5, 7.5, 3.5], "texture": "#0"},
				"down": {"uv": [4.25, 7.5, 4, 9], "texture": "#0"}
			}
		},
		{
			"name": "mag",
			"from": [7.89517, 3.62895, 7.47019],
			"to": [8.10482, 5.34375, 7.67984],
			"faces": {
				"north": {"uv": [8.5, 8.5, 8.625, 9.125], "texture": "#0"},
				"east": {"uv": [0, 9, 0.125, 9.625], "texture": "#0"},
				"south": {"uv": [0.5, 9, 0.625, 9.625], "texture": "#0"},
				"west": {"uv": [1, 9, 1.125, 9.625], "texture": "#0"},
				"up": {"uv": [1.125, 11.125, 1, 11], "texture": "#0"},
				"down": {"uv": [11.125, 1, 11, 1.125], "texture": "#0"}
			}
		},
		{
			"name": "mag",
			"from": [7.75466, 3.62895, 5.53923],
			"to": [8.24534, 5.34375, 7.47019],
			"faces": {
				"north": {"uv": [7, 8, 7.25, 8.625], "texture": "#0"},
				"east": {"uv": [4, 6.5, 4.75, 7.125], "texture": "#0"},
				"south": {"uv": [8, 7.5, 8.25, 8.125], "texture": "#0"},
				"west": {"uv": [6.5, 5, 7.25, 5.625], "texture": "#0"},
				"up": {"uv": [3.75, 8.75, 3.5, 8], "texture": "#0"},
				"down": {"uv": [8.25, 3.5, 8, 4.25], "texture": "#0"}
			}
		},
		{
			"name": "main",
			"from": [7.57846, 4.62764, 7.05152],
			"to": [8.42155, 6.87588, 12.95316],
			"faces": {
				"north": {"uv": [4.5, 7.5, 4.875, 8.375], "texture": "#0"},
				"east": {"uv": [3.5, 0, 5.875, 0.875], "texture": "#0"},
				"south": {"uv": [5, 7.5, 5.375, 8.375], "texture": "#0"},
				"west": {"uv": [3.5, 1, 5.875, 1.875], "texture": "#0"},
				"up": {"uv": [2.375, 7.875, 2, 5.5], "texture": "#0"},
				"down": {"uv": [2.875, 5.5, 2.5, 7.875], "texture": "#0"}
			}
		},
		{
			"name": "main",
			"from": [7.7541, 3.96019, 11.44262],
			"to": [8.2459, 4.62764, 11.54801],
			"faces": {
				"north": {"uv": [9, 0, 9.25, 0.25], "texture": "#0"},
				"east": {"uv": [9.5, 2.5, 9.625, 2.75], "texture": "#0"},
				"south": {"uv": [1.5, 9, 1.75, 9.25], "texture": "#0"},
				"west": {"uv": [3, 9.5, 3.125, 9.75], "texture": "#0"},
				"up": {"uv": [9.75, 3.125, 9.5, 3], "texture": "#0"},
				"down": {"uv": [3.75, 9.5, 3.5, 9.625], "texture": "#0"}
			}
		},
		{
			"name": "main",
			"from": [7.7548, 3.87557, 11.14296],
			"to": [8.2452, 3.97955, 11.52797],
			"rotation": {"angle": -45, "axis": "x", "origin": [8, 3.92756, 11.44086]},
			"faces": {
				"north": {"uv": [9.5, 3.5, 9.75, 3.625], "texture": "#0"},
				"east": {"uv": [4.5, 10, 4.625, 10.125], "texture": "#0"},
				"south": {"uv": [4, 9.5, 4.25, 9.625], "texture": "#0"},
				"west": {"uv": [10, 4.5, 10.125, 4.625], "texture": "#0"},
				"up": {"uv": [9.75, 4.125, 9.5, 4], "texture": "#0"},
				"down": {"uv": [4.75, 9.5, 4.5, 9.625], "texture": "#0"}
			}
		},
		{
			"name": "main",
			"from": [7.7541, 3.95919, 9.8267],
			"to": [8.2459, 4.62664, 9.93209],
			"faces": {
				"north": {"uv": [9, 1.5, 9.25, 1.75], "texture": "#0"},
				"east": {"uv": [9.5, 4.5, 9.625, 4.75], "texture": "#0"},
				"south": {"uv": [9, 2, 9.25, 2.25], "texture": "#0"},
				"west": {"uv": [5, 9.5, 5.125, 9.75], "texture": "#0"},
				"up": {"uv": [9.75, 5.125, 9.5, 5], "texture": "#0"},
				"down": {"uv": [5.75, 9.5, 5.5, 9.625], "texture": "#0"}
			}
		},
		{
			"name": "main",
			"from": [7.89462, 4.22266, 11.16159],
			"to": [8.10539, 4.71446, 11.26698],
			"rotation": {"angle": -22.5, "axis": "x", "origin": [8, 4.29292, 11.21428]},
			"faces": {
				"north": {"uv": [9.5, 5.5, 9.625, 5.75], "texture": "#0"},
				"east": {"uv": [6, 9.5, 6.125, 9.75], "texture": "#0"},
				"south": {"uv": [9.5, 6, 9.625, 6.25], "texture": "#0"},
				"west": {"uv": [6.5, 9.5, 6.625, 9.75], "texture": "#0"},
				"up": {"uv": [5.125, 10.125, 5, 10], "texture": "#0"},
				"down": {"uv": [10.125, 5, 10, 5.125], "texture": "#0"}
			}
		},
		{
			"name": "main",
			"from": [7.89462, 3.9709, 11.09438],
			"to": [8.10539, 4.28706, 11.19977],
			"rotation": {"angle": 22.5, "axis": "x", "origin": [8, 4.04115, 11.14707]},
			"faces": {
				"north": {"uv": [5.5, 10, 5.625, 10.125], "texture": "#0"},
				"east": {"uv": [10, 5.5, 10.125, 5.625], "texture": "#0"},
				"south": {"uv": [6, 10, 6.125, 10.125], "texture": "#0"},
				"west": {"uv": [10, 6, 10.125, 6.125], "texture": "#0"},
				"up": {"uv": [6.625, 10.125, 6.5, 10], "texture": "#0"},
				"down": {"uv": [10.125, 6.5, 10, 6.625], "texture": "#0"}
			}
		},
		{
			"name": "main",
			"from": [7.7548, 3.87457, 9.84673],
			"to": [8.2452, 3.97855, 10.23174],
			"rotation": {"angle": 45, "axis": "x", "origin": [8, 3.92656, 9.93385]},
			"faces": {
				"north": {"uv": [9.5, 6.5, 9.75, 6.625], "texture": "#0"},
				"east": {"uv": [7, 10, 7.125, 10.125], "texture": "#0"},
				"south": {"uv": [7, 9.5, 7.25, 9.625], "texture": "#0"},
				"west": {"uv": [10, 7, 10.125, 7.125], "texture": "#0"},
				"up": {"uv": [9.75, 7.125, 9.5, 7], "texture": "#0"},
				"down": {"uv": [7.75, 9.5, 7.5, 9.625], "texture": "#0"}
			}
		},
		{
			"name": "main",
			"from": [7.7541, 3.67916, 10.10773],
			"to": [8.2459, 3.78455, 11.26698],
			"faces": {
				"north": {"uv": [9.5, 7.5, 9.75, 7.625], "texture": "#0"},
				"east": {"uv": [9, 2.5, 9.5, 2.625], "texture": "#0"},
				"south": {"uv": [8, 9.5, 8.25, 9.625], "texture": "#0"},
				"west": {"uv": [3, 9, 3.5, 9.125], "texture": "#0"},
				"up": {"uv": [8.75, 2, 8.5, 1.5], "texture": "#0"},
				"down": {"uv": [8.75, 2.5, 8.5, 3], "texture": "#0"}
			}
		},
		{
			"name": "main",
			"from": [7.57839, 3.39806, 15.83365],
			"to": [8.42162, 5.99773, 23.66751],
			"faces": {
				"north": {"uv": [7, 3.5, 7.375, 4.5], "texture": "#0"},
				"east": {"uv": [0, 0, 3.125, 1], "texture": "#0"},
				"south": {"uv": [7, 6, 7.375, 7], "texture": "#0"},
				"west": {"uv": [0, 1, 3.125, 2], "texture": "#0"},
				"up": {"uv": [0.375, 7.625, 0, 4.5], "texture": "#0"},
				"down": {"uv": [0.875, 4.5, 0.5, 7.625], "texture": "#0"}
			}
		},
		{
			"name": "main",
			"from": [7.57846, 1.48361, 20.47072],
			"to": [8.42155, 3.39813, 23.66744],
			"faces": {
				"north": {"uv": [7.5, 5.5, 7.875, 6.25], "texture": "#0"},
				"east": {"uv": [5, 3.5, 6.25, 4.25], "texture": "#0"},
				"south": {"uv": [6.5, 7.5, 6.875, 8.25], "texture": "#0"},
				"west": {"uv": [5, 4.5, 6.25, 5.25], "texture": "#0"},
				"up": {"uv": [6.875, 1.75, 6.5, 0.5], "texture": "#0"},
				"down": {"uv": [6.875, 3.5, 6.5, 4.75], "texture": "#0"}
			}
		},
		{
			"name": "main",
			"from": [7.57915, 3.76032, 12.29906],
			"to": [8.42084, 5.48023, 21.43114],
			"rotation": {"angle": 22.5, "axis": "x", "origin": [8, 4.7081, 15.24918]},
			"faces": {
				"north": {"uv": [7.5, 7.5, 7.875, 8.125], "texture": "#0"},
				"east": {"uv": [0, 2, 3.625, 2.625], "texture": "#0"},
				"south": {"uv": [0, 8, 0.375, 8.625], "texture": "#0"},
				"west": {"uv": [0, 3, 3.625, 3.625], "texture": "#0"},
				"up": {"uv": [4.375, 6.125, 4, 2.5], "texture": "#0"},
				"down": {"uv": [3.875, 4, 3.5, 7.625], "texture": "#0"}
			}
		},
		{
			"name": "main",
			"from": [7.57986, 3.04965, 14.63289],
			"to": [8.42014, 5.71663, 17.05397],
			"rotation": {"angle": -45, "axis": "x", "origin": [8, 4.38314, 16.10689]},
			"faces": {
				"north": {"uv": [7, 7, 7.375, 8], "texture": "#0"},
				"east": {"uv": [2, 4.5, 3, 5.5], "texture": "#0"},
				"south": {"uv": [7.5, 0, 7.875, 1], "texture": "#0"},
				"west": {"uv": [4.5, 2.5, 5.5, 3.5], "texture": "#0"},
				"up": {"uv": [7.875, 2, 7.5, 1], "texture": "#0"},
				"down": {"uv": [3.375, 7.5, 3, 8.5], "texture": "#0"}
			}
		},
		{
			"name": "main",
			"from": [7.57846, 5.56276, -4.17681],
			"to": [8.42155, 6.87588, 7.05153],
			"faces": {
				"north": {"uv": [7, 4.5, 7.375, 5], "texture": "#0"},
				"east": {"uv": [0, 4, 3.125, 4.5], "texture": "#0"},
				"south": {"uv": [8, 0, 8.375, 0.5], "texture": "#0"},
				"west": {"uv": [4, 2, 7.125, 2.5], "texture": "#0"},
				"up": {"uv": [1.375, 7.625, 1, 4.5], "texture": "#0"},
				"down": {"uv": [1.875, 4.5, 1.5, 7.625], "texture": "#0"}
			}
		},
		{
			"name": "main",
			"from": [7.57846, 6.87588, -5.38969],
			"to": [8.42155, 7.57846, 2.55504],
			"faces": {
				"north": {"uv": [3, 8.5, 3.375, 8.75], "texture": "#0"},
				"east": {"uv": [5.5, 2.5, 8.125, 2.75], "texture": "#0"},
				"south": {"uv": [8.5, 3, 8.875, 3.25], "texture": "#0"},
				"west": {"uv": [5.5, 3, 8.125, 3.25], "texture": "#0"},
				"up": {"uv": [3.375, 7.125, 3, 4.5], "texture": "#0"},
				"down": {"uv": [4.875, 3.5, 4.5, 6.125], "texture": "#0"}
			}
		},
		{
			"name": "main",
			"from": [7.57846, 6.29625, -8.04098],
			"to": [8.42155, 7.43794, -7.68969],
			"rotation": {"angle": 0, "axis": "y", "origin": [0, 0, -3.5]},
			"faces": {
				"north": {"uv": [0.5, 8, 0.875, 8.5], "texture": "#0"},
				"east": {"uv": [9, 3, 9.125, 3.5], "texture": "#0"},
				"south": {"uv": [8, 0.5, 8.375, 1], "texture": "#0"},
				"west": {"uv": [3.5, 9, 3.625, 9.5], "texture": "#0"},
				"up": {"uv": [9.375, 7.625, 9, 7.5], "texture": "#0"},
				"down": {"uv": [8.375, 9, 8, 9.125], "texture": "#0"}
			}
		},
		{
			"name": "main",
			"from": [7.57846, 6.29625, -8.49766],
			"to": [8.42155, 7.19203, -8.04099],
			"rotation": {"angle": 0, "axis": "y", "origin": [0, 0, -3.5]},
			"faces": {
				"north": {"uv": [8, 6, 8.375, 6.375], "texture": "#0"},
				"east": {"uv": [9, 8, 9.125, 8.375], "texture": "#0"},
				"south": {"uv": [8.5, 0, 8.875, 0.375], "texture": "#0"},
				"west": {"uv": [9, 8.5, 9.125, 8.875], "texture": "#0"},
				"up": {"uv": [9.375, 9.125, 9, 9], "texture": "#0"},
				"down": {"uv": [9.875, 0, 9.5, 0.125], "texture": "#0"}
			}
		},
		{
			"name": "main",
			"from": [7.7541, 6.62998, -12.36182],
			"to": [8.2459, 7.12178, -12.04566],
			"rotation": {"angle": 0, "axis": "y", "origin": [0, 0, -3.5]},
			"faces": {
				"north": {"uv": [9, 3.5, 9.25, 3.75], "texture": "#0"},
				"east": {"uv": [9.5, 8, 9.625, 8.25], "texture": "#0"},
				"south": {"uv": [4, 9, 4.25, 9.25], "texture": "#0"},
				"west": {"uv": [8.5, 9.5, 8.625, 9.75], "texture": "#0"},
				"up": {"uv": [9.75, 8.625, 9.5, 8.5], "texture": "#0"},
				"down": {"uv": [9.25, 9.5, 9, 9.625], "texture": "#0"}
			}
		},
		{
			"name": "main",
			"from": [7.77167, 6.64754, -12.04566],
			"to": [8.22834, 7.10421, -8.49765],
			"rotation": {"angle": 0, "axis": "y", "origin": [0, 0, -3.5]},
			"faces": {
				"north": {"uv": [7.5, 10, 7.625, 10.125], "texture": "#0"},
				"east": {"uv": [8, 4.5, 9.375, 4.625], "texture": "#0"},
				"south": {"uv": [10, 7.5, 10.125, 7.625], "texture": "#0"},
				"west": {"uv": [8, 5.5, 9.375, 5.625], "texture": "#0"},
				"up": {"uv": [5.625, 9.375, 5.5, 8], "texture": "#0"},
				"down": {"uv": [6.125, 8, 6, 9.375], "texture": "#0"}
			}
		},
		{
			"name": "main",
			"from": [7.84192, 7.10422, -12.04566],
			"to": [8.15808, 7.42038, -11.69437],
			"rotation": {"angle": 0, "axis": "y", "origin": [0, 0, -3.5]},
			"faces": {
				"north": {"uv": [8, 10, 8.125, 10.125], "texture": "#0"},
				"east": {"uv": [10, 8, 10.125, 8.125], "texture": "#0"},
				"south": {"uv": [8.5, 10, 8.625, 10.125], "texture": "#0"},
				"west": {"uv": [10, 8.5, 10.125, 8.625], "texture": "#0"},
				"up": {"uv": [9.125, 10.125, 9, 10], "texture": "#0"},
				"down": {"uv": [10.125, 9, 10, 9.125], "texture": "#0"}
			}
		},
		{
			"name": "main",
			"from": [8.15808, 7.42037, -8.54566],
			"to": [8.19321, 7.84192, -8.19437],
			"faces": {
				"north": {"uv": [9.5, 10, 9.625, 10.125], "texture": "#0"},
				"east": {"uv": [10, 9.5, 10.125, 9.625], "texture": "#0"},
				"south": {"uv": [10, 10, 10.125, 10.125], "texture": "#0"},
				"west": {"uv": [0, 10.5, 0.125, 10.625], "texture": "#0"},
				"up": {"uv": [10.625, 0.125, 10.5, 0], "texture": "#0"},
				"down": {"uv": [0.625, 10.5, 0.5, 10.625], "texture": "#0"}
			}
		},
		{
			"name": "main",
			"from": [7.80679, 7.42037, -12.04566],
			"to": [7.84192, 7.84192, -11.69437],
			"rotation": {"angle": 0, "axis": "y", "origin": [0, 0, -3.5]},
			"faces": {
				"north": {"uv": [10.5, 0.5, 10.625, 0.625], "texture": "#0"},
				"east": {"uv": [1, 10.5, 1.125, 10.625], "texture": "#0"},
				"south": {"uv": [10.5, 1, 10.625, 1.125], "texture": "#0"},
				"west": {"uv": [1.5, 10.5, 1.625, 10.625], "texture": "#0"},
				"up": {"uv": [10.625, 1.625, 10.5, 1.5], "texture": "#0"},
				"down": {"uv": [2.125, 10.5, 2, 10.625], "texture": "#0"}
			}
		},
		{
			"name": "main",
			"from": [7.95, 7.36, -8.47541],
			"to": [8.05, 7.63564, -8.26464],
			"faces": {
				"north": {"uv": [0, 0, 0, 0.125], "texture": "#0"},
				"east": {"uv": [10.5, 2, 10.625, 2.125], "texture": "#0"},
				"south": {"uv": [0, 0, 0, 0.125], "texture": "#0"},
				"west": {"uv": [2.5, 10.5, 2.625, 10.625], "texture": "#0"},
				"up": {"uv": [0, 0.125, 0, 0], "texture": "#0"},
				"down": {"uv": [0, 0, 0, 0.125], "texture": "#0"}
			}
		},
		{
			"name": "main",
			"from": [7.84192, 7.80679, -8.54566],
			"to": [8.15808, 7.84192, -8.19437],
			"faces": {
				"north": {"uv": [10.5, 2.5, 10.625, 2.625], "texture": "#0"},
				"east": {"uv": [3, 10.5, 3.125, 10.625], "texture": "#0"},
				"south": {"uv": [10.5, 3, 10.625, 3.125], "texture": "#0"},
				"west": {"uv": [3.5, 10.5, 3.625, 10.625], "texture": "#0"},
				"up": {"uv": [10.625, 3.625, 10.5, 3.5], "texture": "#0"},
				"down": {"uv": [4.125, 10.5, 4, 10.625], "texture": "#0"}
			}
		},
		{
			"name": "main",
			"from": [7.84263, 6.90708, -11.90658],
			"to": [8.15738, 7.36235, -11.27567],
			"rotation": {"angle": 45, "axis": "x", "origin": [8, 7.13472, -11.73164]},
			"faces": {
				"north": {"uv": [10.5, 4, 10.625, 4.125], "texture": "#0"},
				"east": {"uv": [9.5, 9, 9.75, 9.125], "texture": "#0"},
				"south": {"uv": [4.5, 10.5, 4.625, 10.625], "texture": "#0"},
				"west": {"uv": [9.5, 9.5, 9.75, 9.625], "texture": "#0"},
				"up": {"uv": [0.125, 10.25, 0, 10], "texture": "#0"},
				"down": {"uv": [10.125, 0, 10, 0.25], "texture": "#0"}
			}
		},
		{
			"name": "main",
			"from": [7.91218, 6.36651, -9.72716],
			"to": [8.08782, 6.54215, -8.49765],
			"rotation": {"angle": 0, "axis": "y", "origin": [0, 0, -3.5]},
			"faces": {
				"north": {"uv": [10.5, 4.5, 10.625, 4.625], "texture": "#0"},
				"east": {"uv": [9, 4, 9.5, 4.125], "texture": "#0"},
				"south": {"uv": [5, 10.5, 5.125, 10.625], "texture": "#0"},
				"west": {"uv": [4.5, 9, 5, 9.125], "texture": "#0"},
				"up": {"uv": [5.125, 9.5, 5, 9], "texture": "#0"},
				"down": {"uv": [9.125, 5, 9, 5.5], "texture": "#0"}
			}
		},
		{
			"name": "main",
			"from": [7.57846, 6.87588, 2.55504],
			"to": [8.42155, 7.46604, 3.25762],
			"faces": {
				"north": {"uv": [8.5, 3.5, 8.875, 3.75], "texture": "#0"},
				"east": {"uv": [9, 6, 9.25, 6.25], "texture": "#0"},
				"south": {"uv": [8.5, 4, 8.875, 4.25], "texture": "#0"},
				"west": {"uv": [6.5, 9, 6.75, 9.25], "texture": "#0"},
				"up": {"uv": [4.875, 8.75, 4.5, 8.5], "texture": "#0"},
				"down": {"uv": [5.375, 8.5, 5, 8.75], "texture": "#0"}
			}
		},
		{
			"name": "main",
			"from": [7.85949, 7.42845, 2.55504],
			"to": [8.14052, 7.59707, 5.36534],
			"faces": {
				"north": {"uv": [10.5, 5, 10.625, 5.125], "texture": "#0"},
				"east": {"uv": [0.5, 8.5, 1.625, 8.625], "texture": "#0"},
				"south": {"uv": [5.5, 10.5, 5.625, 10.625], "texture": "#0"},
				"west": {"uv": [8.5, 0.5, 9.625, 0.625], "texture": "#0"},
				"up": {"uv": [2.125, 9.625, 2, 8.5], "texture": "#0"},
				"down": {"uv": [2.625, 8.5, 2.5, 9.625], "texture": "#0"}
			}
		},
		{
			"name": "main",
			"from": [7.83138, 7.37225, 5.36534],
			"to": [8.16862, 7.65328, 5.50586],
			"faces": {
				"north": {"uv": [10.5, 5.5, 10.625, 5.625], "texture": "#0"},
				"east": {"uv": [6, 10.5, 6.125, 10.625], "texture": "#0"},
				"south": {"uv": [10.5, 6, 10.625, 6.125], "texture": "#0"},
				"west": {"uv": [6.5, 10.5, 6.625, 10.625], "texture": "#0"},
				"up": {"uv": [10.625, 6.625, 10.5, 6.5], "texture": "#0"},
				"down": {"uv": [7.125, 10.5, 7, 10.625], "texture": "#0"}
			}
		},
		{
			"name": "main",
			"from": [7.58846, 6.58588, 4.76152],
			"to": [8.41155, 7.26846, 5.34152],
			"faces": {
				"north": {"uv": [8.5, 6, 8.875, 6.25], "texture": "#0"},
				"east": {"uv": [7, 9, 7.25, 9.25], "texture": "#0"},
				"south": {"uv": [6.5, 8.5, 6.875, 8.75], "texture": "#0"},
				"west": {"uv": [7.5, 9, 7.75, 9.25], "texture": "#0"},
				"up": {"uv": [7.875, 8.75, 7.5, 8.5], "texture": "#0"},
				"down": {"uv": [8.875, 7.5, 8.5, 7.75], "texture": "#0"}
			}
		},
		{
			"name": "main",
			"from": [7.71897, 6.87588, 7.6596],
			"to": [8.28103, 7.15691, 12.67213],
			"faces": {
				"north": {"uv": [0.5, 10, 0.75, 10.125], "texture": "#0"},
				"east": {"uv": [7.5, 6.5, 9.5, 6.625], "texture": "#0"},
				"south": {"uv": [10, 0.5, 10.25, 0.625], "texture": "#0"},
				"west": {"uv": [7.5, 7, 9.5, 7.125], "texture": "#0"},
				"up": {"uv": [5.75, 8, 5.5, 6], "texture": "#0"},
				"down": {"uv": [6.25, 6, 6, 8], "texture": "#0"}
			}
		},
		{
			"name": "main",
			"from": [7.71897, 6.87588, 2.7596],
			"to": [8.28103, 7.15691, 7.77213],
			"faces": {
				"north": {"uv": [0.5, 10, 0.75, 10.125], "texture": "#0"},
				"east": {"uv": [7.5, 6.5, 9.5, 6.625], "texture": "#0"},
				"south": {"uv": [10, 0.5, 10.25, 0.625], "texture": "#0"},
				"west": {"uv": [7.5, 7, 9.5, 7.125], "texture": "#0"},
				"up": {"uv": [5.75, 8, 5.5, 6], "texture": "#0"},
				"down": {"uv": [6.25, 6, 6, 8], "texture": "#0"}
			}
		},
		{
			"name": "main",
			"from": [7.57846, 6.87588, 12.67213],
			"to": [8.42155, 7.15691, 12.95316],
			"faces": {
				"north": {"uv": [9.5, 1, 9.875, 1.125], "texture": "#0"},
				"east": {"uv": [10.5, 7, 10.625, 7.125], "texture": "#0"},
				"south": {"uv": [1.5, 9.5, 1.875, 9.625], "texture": "#0"},
				"west": {"uv": [7.5, 10.5, 7.625, 10.625], "texture": "#0"},
				"up": {"uv": [9.875, 1.625, 9.5, 1.5], "texture": "#0"},
				"down": {"uv": [9.875, 2, 9.5, 2.125], "texture": "#0"}
			}
		},
		{
			"name": "main",
			"from": [7.54333, 6.66511, 12.95316],
			"to": [8.07026, 6.80563, 13.09368],
			"faces": {
				"north": {"uv": [1, 10, 1.25, 10.125], "texture": "#0"},
				"east": {"uv": [10.5, 7.5, 10.625, 7.625], "texture": "#0"},
				"south": {"uv": [10, 1, 10.25, 1.125], "texture": "#0"},
				"west": {"uv": [8, 10.5, 8.125, 10.625], "texture": "#0"},
				"up": {"uv": [1.75, 10.125, 1.5, 10], "texture": "#0"},
				"down": {"uv": [10.25, 1.5, 10, 1.625], "texture": "#0"}
			}
		},
		{
			"name": "main",
			"from": [7.92974, 6.94614, 12.95316],
			"to": [8.07026, 7.08666, 13.09368],
			"faces": {
				"north": {"uv": [10.5, 8, 10.625, 8.125], "texture": "#0"},
				"east": {"uv": [8.5, 10.5, 8.625, 10.625], "texture": "#0"},
				"south": {"uv": [10.5, 8.5, 10.625, 8.625], "texture": "#0"},
				"west": {"uv": [9, 10.5, 9.125, 10.625], "texture": "#0"},
				"up": {"uv": [10.625, 9.125, 10.5, 9], "texture": "#0"},
				"down": {"uv": [9.625, 10.5, 9.5, 10.625], "texture": "#0"}
			}
		},
		{
			"name": "main",
			"from": [7.29743, 6.64754, 12.90047],
			"to": [7.54333, 6.82318, 13.14637],
			"faces": {
				"north": {"uv": [10.5, 9.5, 10.625, 9.625], "texture": "#0"},
				"east": {"uv": [10, 10.5, 10.125, 10.625], "texture": "#0"},
				"south": {"uv": [10.5, 10, 10.625, 10.125], "texture": "#0"},
				"west": {"uv": [10.5, 10.5, 10.625, 10.625], "texture": "#0"},
				"up": {"uv": [0.125, 11.125, 0, 11], "texture": "#0"},
				"down": {"uv": [11.125, 0, 11, 0.125], "texture": "#0"}
			}
		},
		{
			"name": "main",
			"from": [7.71897, 7.19742, 4.88431],
			"to": [8.28103, 7.47845, 5.16534],
			"faces": {
				"north": {"uv": [2.5, 10, 2.75, 10.125], "texture": "#0"},
				"east": {"uv": [0.5, 11, 0.625, 11.125], "texture": "#0"},
				"south": {"uv": [10, 2.5, 10.25, 2.625], "texture": "#0"},
				"west": {"uv": [11, 0.5, 11.125, 0.625], "texture": "#0"},
				"up": {"uv": [3.25, 10.125, 3, 10], "texture": "#0"},
				"down": {"uv": [10.25, 3, 10, 3.125], "texture": "#0"}
			}
		},
		{
			"name": "main",
			"from": [7.68747, 7.46604, 2.55504],
			"to": [7.84497, 7.85948, 3.25762],
			"faces": {
				"north": {"uv": [0, 0, 0, 0.125], "texture": "#0"},
				"east": {"uv": [3.5, 10, 3.75, 10.125], "texture": "#0"},
				"south": {"uv": [0, 0, 0, 0.125], "texture": "#0"},
				"west": {"uv": [10, 3.5, 10.25, 3.625], "texture": "#0"},
				"up": {"uv": [0, 0.25, 0, 0], "texture": "#0"},
				"down": {"uv": [0, 0, 0, 0.25], "texture": "#0"}
			}
		},
		{
			"name": "main",
			"from": [8.15503, 7.46604, 2.55504],
			"to": [8.31253, 7.85948, 3.25762],
			"faces": {
				"north": {"uv": [0, 0, 0, 0.125], "texture": "#0"},
				"east": {"uv": [10.25, 3.5, 10, 3.625], "texture": "#0"},
				"south": {"uv": [0, 0, 0, 0.125], "texture": "#0"},
				"west": {"uv": [3.75, 10, 3.5, 10.125], "texture": "#0"},
				"up": {"uv": [0, 0.25, 0, 0], "texture": "#0"},
				"down": {"uv": [0, 0, 0, 0.25], "texture": "#0"}
			}
		},
		{
			"name": "main",
			"from": [7.57901, 6.73633, 4.88472],
			"to": [8.42098, 7.98533, 7.6939],
			"rotation": {"angle": 22.5, "axis": "x", "origin": [8, 7.29783, 2.07385]},
			"faces": {
				"north": {"uv": [8, 1.5, 8.375, 2], "texture": "#0"},
				"east": {"uv": [5, 5.5, 6.125, 6], "texture": "#0"},
				"south": {"uv": [2.5, 8, 2.875, 8.5], "texture": "#0"},
				"west": {"uv": [6, 0, 7.125, 0.5], "texture": "#0"},
				"up": {"uv": [6.875, 7.125, 6.5, 6], "texture": "#0"},
				"down": {"uv": [7.375, 0.5, 7, 1.625], "texture": "#0"}
			}
		},
		{
			"name": "main",
			"from": [7.57901, 7.47889, -4.43395],
			"to": [8.42098, 8.72789, -2.56977],
			"rotation": {"angle": 22.5, "axis": "x", "origin": [8, 10.56039, -8.18982]},
			"faces": {
				"north": {"uv": [8, 1.5, 8.375, 2], "texture": "#0"},
				"east": {"uv": [5, 5.5, 6.125, 6], "texture": "#0"},
				"south": {"uv": [2.5, 8, 2.875, 8.5], "texture": "#0"},
				"west": {"uv": [6, 0, 7.125, 0.5], "texture": "#0"},
				"up": {"uv": [6.875, 7.125, 6.5, 6], "texture": "#0"},
				"down": {"uv": [7.375, 0.5, 7, 1.625], "texture": "#0"}
			}
		},
		{
			"name": "main",
			"from": [7.57818, 6.21541, -7.68969],
			"to": [8.42155, 6.87588, -4.1414],
			"rotation": {"angle": 0, "axis": "y", "origin": [0, 0, -3.5]},
			"faces": {
				"north": {"uv": [8, 8.5, 8.375, 8.75], "texture": "#0"},
				"east": {"uv": [7.5, 2, 8.875, 2.25], "texture": "#0"},
				"south": {"uv": [8.5, 8, 8.875, 8.25], "texture": "#0"},
				"west": {"uv": [7.5, 5, 8.875, 5.25], "texture": "#0"},
				"up": {"uv": [6.375, 1.875, 6, 0.5], "texture": "#0"},
				"down": {"uv": [5.375, 6, 5, 7.375], "texture": "#0"}
			}
		}
	],
	"display": {
		"thirdperson_righthand": {
			"rotation": [-3.19, -7.11, 1.18],
			"translation": [0, 3, -1.75],
			"scale": [0.8, 0.8, 0.8]
		},
		"thirdperson_lefthand": {
			"scale": [0, 0, 0]
		},
		"firstperson_righthand": {
			"rotation": [-27.25, 65.06, 48.63],
			"translation": [-16.5, 4.25, 2],
			"scale": [2, 2, 2]
		},
		"gui": {
			"rotation": [100.5, -48.01, 97.82],
			"translation": [-1, 1.25, 0],
			"scale": [0.7, 0.7, 0.7]
		},
		"fixed": {
			"rotation": [180, -89.75, 180],
			"translation": [-1, 2.75, 0]
		}
	},
	"groups": [
		{
			"name": "slide2",
			"origin": [7.99986, 6.31368, -2.7844],
			"color": 5,
			"children": []
		},
		{
			"name": "mag2",
			"origin": [8, 8, 8],
			"color": 6,
			"children": []
		},
		{
			"name": "main2",
			"origin": [8, 8, 8],
			"color": 0,
			"children": [
				{
					"name": "sticker3",
					"origin": [7.34, 6.68221, -0.47951],
					"rotation": [7.5, 0, 0],
					"color": 1,
					"children": []
				},
				{
					"name": "sticker4",
					"origin": [7.53, 6.56636, 1.43938],
					"rotation": [-10, 0, 0],
					"color": 2,
					"children": []
				},
				{
					"name": "sticker5",
					"origin": [7.53, 5.85692, 6.7473],
					"rotation": [10, 0, 0],
					"color": 3,
					"children": []
				},
				{
					"name": "muzzleflash2",
					"origin": [7.99, 6.85, -8.9],
					"color": 4,
					"children": []
				},
				{
					"name": "slide2",
					"origin": [7.99986, 6.31368, -2.7844],
					"color": 5,
					"children": []
				},
				{
					"name": "mag2",
					"origin": [8, 8, 8],
					"color": 6,
					"children": []
				},
				{
					"name": "arms2",
					"origin": [11.5625, 2.7491, 13.18696],
					"color": 7,
					"children": [
						{
							"name": "right2",
							"origin": [2, 6, 2],
							"color": 8,
							"children": []
						},
						{
							"name": "left2",
							"origin": [2, 6, 2],
							"color": 9,
							"children": []
						}
					]
				}
			]
		},
		{
			"name": "main2",
			"origin": [8, 8, 8],
			"color": 0,
			"children": [
				{
					"name": "sticker3",
					"origin": [7.34, 6.68221, -0.47951],
					"rotation": [7.5, 0, 0],
					"color": 1,
					"children": []
				},
				{
					"name": "sticker4",
					"origin": [7.53, 6.56636, 1.43938],
					"rotation": [-10, 0, 0],
					"color": 2,
					"children": []
				},
				{
					"name": "sticker5",
					"origin": [7.53, 5.85692, 6.7473],
					"rotation": [10, 0, 0],
					"color": 3,
					"children": []
				},
				{
					"name": "muzzleflash2",
					"origin": [7.99, 6.85, -8.9],
					"color": 4,
					"children": []
				},
				{
					"name": "slide2",
					"origin": [7.99986, 6.31368, -2.7844],
					"color": 5,
					"children": []
				},
				{
					"name": "mag2",
					"origin": [8, 8, 8],
					"color": 6,
					"children": []
				},
				{
					"name": "arms2",
					"origin": [11.5625, 2.7491, 13.18696],
					"color": 7,
					"children": [
						{
							"name": "right2",
							"origin": [2, 6, 2],
							"color": 8,
							"children": []
						},
						{
							"name": "left2",
							"origin": [2, 6, 2],
							"color": 9,
							"children": []
						}
					]
				}
			]
		},
		{
			"name": "main2",
			"origin": [8, 8, 8],
			"color": 0,
			"children": []
		},
		0,
		1,
		2,
		3,
		4,
		5,
		6,
		7,
		8,
		9,
		10,
		11,
		12,
		13,
		14,
		15,
		16,
		17,
		18,
		19,
		20,
		21,
		22,
		23,
		24,
		25,
		26,
		27,
		28,
		29,
		30,
		31,
		32,
		33,
		34,
		35,
		36,
		37,
		38,
		39,
		40,
		41,
		42,
		43,
		44,
		45
	]
}