{
	"credit": "thebradqq's guns",
	"textures": {
		"0": "weapons/metal_bright",
		"1": "weapons/brass",
		"3": "weapons/metal",
		"4": "weapons/orange_polymer_stripes"
	},
	"elements": [
		{
			"from": [3.84365, -2.25, 7.55246],
			"to": [14.34465, 2.25, 8.44756],
			"rotation": {"angle": 0, "axis": "y", "origin": [3.8, 0, 8]},
			"faces": {
				"east": {"uv": [3.75, 4.75, 4, 7.25], "rotation": 180, "texture": "#3"},
				"up": {"uv": [0, 1.5, 16, 0], "rotation": 180, "texture": "#4"},
				"down": {"uv": [0, 14.5, 16, 13], "texture": "#4"}
			}
		},
		{
			"from": [1.84365, -2.25, 7.55244],
			"to": [3.84365, 2.25, 8.44754],
			"rotation": {"angle": 0, "axis": "y", "origin": [3.8, 0, 8]},
			"faces": {
				"up": {"uv": [3, 3.75, 4, 4.25], "rotation": 180, "texture": "#1"},
				"down": {"uv": [5.25, 8, 6.25, 8.25], "rotation": 180, "texture": "#1"}
			}
		},
		{
			"from": [1.84365, -2.25, 7.55244],
			"to": [3.84365, 2.25, 8.44754],
			"rotation": {"angle": -22.5, "axis": "x", "origin": [3.8, 0, 8]},
			"faces": {
				"up": {"uv": [5, 4, 6, 4.5], "rotation": 180, "texture": "#1"},
				"down": {"uv": [5.25, 8, 6.25, 8.25], "rotation": 180, "texture": "#1"}
			}
		},
		{
			"from": [1.84365, -2.25, 7.55244],
			"to": [3.84365, 2.25, 8.44754],
			"rotation": {"angle": 22.5, "axis": "x", "origin": [3.8, 0, 8]},
			"faces": {
				"up": {"uv": [5, 4, 6, 4.5], "texture": "#1"},
				"down": {"uv": [5.25, 8, 6.25, 8.25], "rotation": 180, "texture": "#1"}
			}
		},
		{
			"from": [1.84365, -2.25, 7.55244],
			"to": [3.84365, 2.25, 8.44754],
			"rotation": {"angle": 45, "axis": "x", "origin": [3.8, 0, 8]},
			"faces": {
				"up": {"uv": [9.5, 4.5, 10.5, 5], "texture": "#1"},
				"down": {"uv": [4.25, 8, 5.25, 8.5], "texture": "#1"}
			}
		},
		{
			"from": [1.84365, -2.25, 7.55244],
			"to": [3.84365, 2.25, 8.44754],
			"rotation": {"angle": -45, "axis": "x", "origin": [3.8, 0, 8]},
			"faces": {
				"up": {"uv": [9.5, 4.5, 10.5, 5], "rotation": 180, "texture": "#1"},
				"down": {"uv": [5.25, 8, 6.25, 8.5], "rotation": 180, "texture": "#1"}
			}
		},
		{
			"from": [1.84365, -0.44756, 5.75],
			"to": [3.84365, 0.44754, 10.25],
			"rotation": {"angle": 22.5, "axis": "x", "origin": [3.8, 0, 8]},
			"faces": {
				"north": {"uv": [10.25, 5, 11.25, 5.5], "texture": "#1"},
				"south": {"uv": [2.75, 9.25, 3.75, 9.75], "texture": "#1"}
			}
		},
		{
			"from": [1.84365, -0.44756, 5.75],
			"to": [3.84365, 0.44754, 10.25],
			"rotation": {"angle": 0, "axis": "y", "origin": [3.8, 0, 8]},
			"faces": {
				"north": {"uv": [10.5, 5.5, 11.5, 6], "texture": "#1"},
				"south": {"uv": [10.5, 5.5, 11.5, 6], "texture": "#1"}
			}
		},
		{
			"from": [1.84365, -0.44754, 5.75],
			"to": [3.84365, 0.44756, 10.25],
			"rotation": {"angle": -22.5, "axis": "x", "origin": [3.8, 0, 8]},
			"faces": {
				"north": {"uv": [2.75, 9.25, 3.75, 9.75], "texture": "#1"},
				"south": {"uv": [10.25, 5, 11.25, 5.5], "texture": "#1"}
			}
		},
		{
			"from": [1.59365, -2.5, 7.50272],
			"to": [1.84375, 2.5, 8.49728],
			"rotation": {"angle": 0, "axis": "y", "origin": [3.8, 0, 8]},
			"faces": {
				"east": {"uv": [1.5, 7.5, 2.25, 8], "texture": "#1"},
				"west": {"uv": [9.25, 4, 9.75, 6.5], "texture": "#1"},
				"up": {"uv": [3.5, 3.75, 4, 4.25], "rotation": 180, "texture": "#1"},
				"down": {"uv": [6.25, 8, 6.75, 8.25], "rotation": 180, "texture": "#1"}
			}
		},
		{
			"from": [1.59375, -2.5, 7.50272],
			"to": [1.84395, 2.5, 8.49728],
			"rotation": {"angle": 22.5, "axis": "x", "origin": [3.8, 0, 8]},
			"faces": {
				"east": {"uv": [1.5, 7.5, 2.25, 8], "texture": "#1"},
				"west": {"uv": [10.25, 4, 10.75, 6.5], "texture": "#1"},
				"up": {"uv": [3.5, 4.25, 4, 4.75], "texture": "#1"},
				"down": {"uv": [6.25, 8, 6.75, 8.25], "rotation": 180, "texture": "#1"}
			}
		},
		{
			"from": [1.59375, -2.5, 7.50272],
			"to": [1.84405, 2.5, 8.49728],
			"rotation": {"angle": -22.5, "axis": "x", "origin": [3.8, 0, 8]},
			"faces": {
				"east": {"uv": [1.5, 7.5, 2.25, 8], "texture": "#1"},
				"west": {"uv": [9, 4, 9.5, 6.5], "texture": "#1"},
				"up": {"uv": [3.5, 4.25, 4, 4.75], "rotation": 180, "texture": "#1"},
				"down": {"uv": [6.25, 8, 6.75, 8.25], "rotation": 180, "texture": "#1"}
			}
		},
		{
			"from": [1.59355, -2.5, 7.50272],
			"to": [1.84365, 2.5, 8.49728],
			"rotation": {"angle": 45, "axis": "x", "origin": [3.8, 0, 8]},
			"faces": {
				"east": {"uv": [1.5, 7.5, 2.25, 8], "texture": "#1"},
				"west": {"uv": [9.25, 4, 9.75, 6.5], "texture": "#1"},
				"up": {"uv": [3.75, 4.75, 4.25, 5.25], "texture": "#1"},
				"down": {"uv": [6.25, 8, 6.75, 8.25], "rotation": 180, "texture": "#1"}
			}
		},
		{
			"from": [1.59355, -2.5, 7.50272],
			"to": [1.84365, 2.5, 8.49728],
			"rotation": {"angle": -45, "axis": "x", "origin": [3.8, 0, 8]},
			"faces": {
				"east": {"uv": [1.5, 7.5, 2.25, 8], "texture": "#1"},
				"west": {"uv": [8.5, 4, 9, 6.5], "texture": "#1"},
				"up": {"uv": [7.75, 4.75, 8.25, 5.25], "rotation": 180, "texture": "#1"},
				"down": {"uv": [6.25, 8, 6.75, 8.25], "rotation": 180, "texture": "#1"}
			}
		},
		{
			"from": [1.59395, -0.49728, 5.5],
			"to": [1.84395, 0.49728, 10.5],
			"rotation": {"angle": -22.5, "axis": "x", "origin": [3.8, 0, 8]},
			"faces": {
				"north": {"uv": [6.75, 8, 7.25, 8.5], "rotation": 180, "texture": "#1"},
				"east": {"uv": [1.5, 7.5, 2.25, 8], "rotation": 270, "texture": "#1"},
				"south": {"uv": [5.25, 5.5, 5.75, 6], "texture": "#1"},
				"west": {"uv": [4.5, 10.5, 5, 13], "rotation": 270, "texture": "#1"}
			}
		},
		{
			"from": [1.59395, -0.49728, 5.5],
			"to": [1.84395, 0.49728, 10.5],
			"rotation": {"angle": 22.5, "axis": "x", "origin": [3.8, 0, 8]},
			"faces": {
				"north": {"uv": [6.75, 5.5, 7.25, 6], "texture": "#1"},
				"east": {"uv": [1.5, 7.5, 2.25, 8], "rotation": 90, "texture": "#1"},
				"south": {"uv": [6.25, 8.25, 6.75, 8.75], "rotation": 180, "texture": "#1"},
				"west": {"uv": [5.5, 10.25, 6, 12.75], "rotation": 90, "texture": "#1"}
			}
		},
		{
			"from": [1.59335, -0.49728, 5.5],
			"to": [1.84335, 0.49728, 10.5],
			"rotation": {"angle": 0, "axis": "y", "origin": [3.8, 0, 8]},
			"faces": {
				"north": {"uv": [4.25, 8.25, 4.75, 8.75], "rotation": 180, "texture": "#1"},
				"east": {"uv": [1.5, 7.5, 2.25, 8], "texture": "#1"},
				"south": {"uv": [6.25, 8.25, 6.75, 8.75], "rotation": 180, "texture": "#1"},
				"west": {"uv": [3.75, 5, 6.25, 5.5], "texture": "#1"}
			}
		},
		{
			"from": [1.49375, -0.12432, 7.375],
			"to": [1.59375, 0.12432, 8.625],
			"rotation": {"angle": 0, "axis": "y", "origin": [3.8, 0, 8]},
			"faces": {
				"north": {"uv": [6, 5, 6.5, 5.5], "texture": "#0"},
				"south": {"uv": [3.5, 5.25, 4, 5.75], "texture": "#0"},
				"west": {"uv": [6.25, 4.5, 6.75, 5], "texture": "#0"}
			}
		},
		{
			"from": [1.49365, -0.12432, 7.375],
			"to": [1.59365, 0.12432, 8.625],
			"rotation": {"angle": 22.5, "axis": "x", "origin": [3.8, 0, 8]},
			"faces": {
				"north": {"uv": [6, 4.5, 6.5, 5], "texture": "#0"},
				"south": {"uv": [1.25, 5.75, 1.75, 6.25], "texture": "#0"},
				"west": {"uv": [9.25, 4.5, 9.75, 5.25], "rotation": 270, "texture": "#0"}
			}
		},
		{
			"from": [1.49365, -0.12432, 7.375],
			"to": [1.59365, 0.12432, 8.625],
			"rotation": {"angle": -22.5, "axis": "x", "origin": [3.8, 0, 8]},
			"faces": {
				"north": {"uv": [1.25, 5.75, 1.75, 6.25], "texture": "#0"},
				"south": {"uv": [4, 5, 4.5, 5.5], "texture": "#0"},
				"west": {"uv": [9, 4.5, 9.5, 5.25], "rotation": 90, "texture": "#0"}
			}
		},
		{
			"from": [1.49375, -0.12432, 7.375],
			"to": [1.59375, 0.12432, 8.625],
			"rotation": {"angle": 45, "axis": "x", "origin": [3.8, 0, 8]},
			"faces": {
				"north": {"uv": [6, 4, 6.5, 4.5], "texture": "#0"},
				"south": {"uv": [6.25, 8, 6.75, 8.5], "rotation": 180, "texture": "#0"},
				"west": {"uv": [6.25, 4.5, 6.75, 5.25], "rotation": 270, "texture": "#0"}
			}
		},
		{
			"from": [1.49375, -0.12432, 7.375],
			"to": [1.59375, 0.12432, 8.625],
			"rotation": {"angle": -45, "axis": "x", "origin": [3.8, 0, 8]},
			"faces": {
				"north": {"uv": [6.25, 8, 6.75, 8.5], "rotation": 180, "texture": "#0"},
				"south": {"uv": [6.5, 4.5, 7, 5], "texture": "#0"},
				"west": {"uv": [6.25, 4.5, 6.75, 5.25], "rotation": 90, "texture": "#0"}
			}
		},
		{
			"from": [1.49365, -0.625, 7.87568],
			"to": [1.59365, 0.625, 8.12432],
			"rotation": {"angle": -22.5, "axis": "x", "origin": [3.8, 0, 8]},
			"faces": {
				"west": {"uv": [5.25, 4.5, 5.75, 5.25], "texture": "#0"},
				"up": {"uv": [3.25, 4, 3.75, 4.5], "texture": "#0"},
				"down": {"uv": [6.25, 8, 6.75, 8.25], "texture": "#0"}
			}
		},
		{
			"from": [1.49365, -0.625, 7.87568],
			"to": [1.59365, 0.625, 8.12432],
			"rotation": {"angle": 22.5, "axis": "x", "origin": [3.8, 0, 8]},
			"faces": {
				"west": {"uv": [5.25, 4.5, 5.75, 5.25], "texture": "#0"},
				"up": {"uv": [7.75, 3.5, 8.25, 4], "texture": "#0"},
				"down": {"uv": [6.25, 8, 6.75, 8.25], "texture": "#0"}
			}
		},
		{
			"from": [1.49375, -0.625, 7.87568],
			"to": [1.59375, 0.625, 8.12432],
			"rotation": {"angle": 0, "axis": "y", "origin": [3.8, 0, 8]},
			"faces": {
				"west": {"uv": [6.25, 4.5, 6.75, 5.25], "texture": "#0"},
				"up": {"uv": [9.5, 2.5, 10, 3], "texture": "#0"},
				"down": {"uv": [6.25, 8, 6.75, 8.25], "texture": "#0"}
			}
		},
		{
			"from": [3.84365, -2.25, 7.55246],
			"to": [14.34365, 2.25, 8.44756],
			"rotation": {"angle": 22.5, "axis": "x", "origin": [3.8, 0, 8]},
			"faces": {
				"east": {"uv": [3.75, 4.75, 4, 7.25], "rotation": 180, "texture": "#3"},
				"up": {"uv": [0, 3.5, 16, 2], "rotation": 180, "texture": "#4"},
				"down": {"uv": [0, 13, 16, 11.5], "texture": "#4"}
			}
		},
		{
			"from": [3.84365, -2.25, 7.55246],
			"to": [14.34365, 2.25, 8.44756],
			"rotation": {"angle": -22.5, "axis": "x", "origin": [3.8, 0, 8]},
			"faces": {
				"east": {"uv": [3.75, 4.75, 4, 7.25], "rotation": 180, "texture": "#3"},
				"up": {"uv": [0, 1.75, 16, 0.25], "texture": "#4"},
				"down": {"uv": [0, 12.5, 16, 11], "rotation": 180, "texture": "#4"}
			}
		},
		{
			"from": [3.84365, -2.25, 7.55246],
			"to": [14.34465, 2.25, 8.44756],
			"rotation": {"angle": 45, "axis": "x", "origin": [3.8, 0, 8]},
			"faces": {
				"east": {"uv": [3.75, 4.75, 4, 7.25], "rotation": 180, "texture": "#3"},
				"up": {"uv": [0, 5, 16, 3.5], "rotation": 180, "texture": "#4"},
				"down": {"uv": [0, 11.5, 16, 10], "texture": "#4"}
			}
		},
		{
			"from": [3.84365, -2.25, 7.55246],
			"to": [14.34465, 2.25, 8.44756],
			"rotation": {"angle": -45, "axis": "x", "origin": [3.8, 0, 8]},
			"faces": {
				"east": {"uv": [3.75, 4.75, 4, 7.25], "rotation": 180, "texture": "#3"},
				"up": {"uv": [0, 3.25, 16, 1.75], "texture": "#4"},
				"down": {"uv": [0, 11, 16, 9.5], "rotation": 180, "texture": "#4"}
			}
		},
		{
			"from": [3.84365, -0.44756, 5.75],
			"to": [14.34365, 0.44754, 10.25],
			"rotation": {"angle": -22.5, "axis": "x", "origin": [3.8, 0, 8]},
			"faces": {
				"north": {"uv": [0, 10, 16, 8.5], "rotation": 180, "texture": "#4"},
				"east": {"uv": [3.75, 4.75, 4, 7.25], "rotation": 90, "texture": "#3"},
				"south": {"uv": [0, 6.5, 16, 5], "rotation": 180, "texture": "#4"}
			}
		},
		{
			"from": [3.84365, -0.44754, 5.75],
			"to": [14.34365, 0.44756, 10.25],
			"rotation": {"angle": 22.5, "axis": "x", "origin": [3.8, 0, 8]},
			"faces": {
				"north": {"uv": [0, 5.5, 16, 4], "rotation": 180, "texture": "#4"},
				"east": {"uv": [3.75, 4.75, 4, 7.25], "rotation": 90, "texture": "#3"},
				"south": {"uv": [0, 9.5, 16, 8], "rotation": 180, "texture": "#4"}
			}
		},
		{
			"from": [3.84365, -0.44754, 5.75],
			"to": [14.34465, 0.44756, 10.25],
			"rotation": {"angle": 0, "axis": "y", "origin": [3.8, 0, 8]},
			"faces": {
				"north": {"uv": [0, 8.5, 16, 7], "rotation": 180, "texture": "#4"},
				"east": {"uv": [3.75, 4.75, 4, 7.25], "rotation": 90, "texture": "#3"},
				"south": {"uv": [0, 8, 16, 6.5], "rotation": 180, "texture": "#4"}
			}
		}
	],
	"gui_light": "front",
	"display": {
		"thirdperson_righthand": {
			"rotation": [25, 111, -23],
			"translation": [-1, -2, 0],
			"scale": [0.25, 0.25, 0.25]
		},
		"thirdperson_lefthand": {
			"rotation": [69, -71, 65],
			"translation": [-1, -2, 0],
			"scale": [0.25, 0.25, 0.25]
		},
		"firstperson_righthand": {
			"rotation": [-87, 65, 68],
			"translation": [1, -1.25, 4.25],
			"scale": [0.44, 0.44, 0.44]
		},
		"firstperson_lefthand": {
			"rotation": [-40, -110, -33],
			"translation": [-0.25, -1.5, 3],
			"scale": [0.44, 0.44, 0.44]
		},
		"ground": {
			"rotation": [0, 0, 11],
			"scale": [0.125, 0.125, 0.125]
		},
		"gui": {
			"rotation": [0, 180, 32],
			"translation": [-0.5, 1.75, 0],
			"scale": [0.6, 0.6, 0.6]
		},
		"head": {
			"scale": [0.5, 0.5, 0.5]
		},
		"fixed": {
			"rotation": [0, 180, 0],
			"translation": [0, 0, -2],
			"scale": [0.5, 0.5, 0.5]
		}
	},
	"loader": "forge:obj",
	"model": "tac:models/special/obj_test/m4_body.obj",
	"flip-v": true
}