{"credit":"thebradqq's guns","textures":{"0":"minecraft:weapons/metal_bright","1":"minecraft:weapons/brass"},"elements":[{"from":[0.00013,-0.14297,7.28125],"to":[0.13243,0.14297,8.71875],"rotation":{"angle":0,"axis":"y","origin":[11.78743,0,8]},"faces":{"north":{"uv":[6.25,4.5,6.5,5],"texture":"#0"},"south":{"uv":[6.25,4.5,6.5,5],"texture":"#0"},"west":{"uv":[6.25,4.5,6.75,5],"texture":"#0"}}},{"from":[0,-0.14297,7.28125],"to":[0.1323,0.14297,8.71875],"rotation":{"angle":22.5,"axis":"x","origin":[11.78743,0,8]},"faces":{"north":{"uv":[7.25,4.25,7.5,4.75],"texture":"#0"},"south":{"uv":[6.25,5,6.5,5.5],"texture":"#0"},"west":{"uv":[9.25,4.5,9.75,5.25],"rotation":270,"texture":"#0"}}},{"from":[0,-0.14297,7.28125],"to":[0.1323,0.14297,8.71875],"rotation":{"angle":-22.5,"axis":"x","origin":[11.78743,0,8]},"faces":{"north":{"uv":[6.25,5,6.5,5.5],"texture":"#0"},"south":{"uv":[7.25,4.25,7.5,4.75],"texture":"#0"},"west":{"uv":[9,4.5,9.5,5.25],"rotation":90,"texture":"#0"}}},{"from":[0.00013,-0.14297,7.28125],"to":[0.13243,0.14297,8.71875],"rotation":{"angle":45,"axis":"x","origin":[11.78743,0,8]},"faces":{"north":{"uv":[8.25,4.5,8.5,5],"texture":"#0"},"south":{"uv":[6,5.5,6.25,6],"texture":"#0"},"west":{"uv":[6.25,4.5,6.75,5.25],"rotation":270,"texture":"#0"}}},{"from":[0.00013,-0.14297,7.28125],"to":[0.13243,0.14297,8.71875],"rotation":{"angle":-45,"axis":"x","origin":[11.78743,0,8]},"faces":{"north":{"uv":[6,5.5,6.25,6],"texture":"#0"},"south":{"uv":[3.75,4,4,4.5],"texture":"#0"},"west":{"uv":[6.25,4.5,6.75,5.25],"rotation":90,"texture":"#0"}}},{"from":[0,-0.71875,7.85703],"to":[0.1323,0.71875,8.14297],"rotation":{"angle":-22.5,"axis":"x","origin":[11.78743,0,8]},"faces":{"west":{"uv":[5.25,4.5,5.75,5.25],"texture":"#0"},"up":{"uv":[7.25,4.25,7.5,4.75],"rotation":180,"texture":"#0"},"down":{"uv":[9,8,9.25,8.5],"rotation":180,"texture":"#0"}}},{"from":[0,-0.71875,7.85703],"to":[0.1323,0.71875,8.14297],"rotation":{"angle":22.5,"axis":"x","origin":[11.78743,0,8]},"faces":{"west":{"uv":[5.25,4.5,5.75,5.25],"texture":"#0"},"up":{"uv":[3.25,4,3.5,4.5],"texture":"#0"},"down":{"uv":[9,8,9.25,8.5],"texture":"#0"}}},{"from":[0.00013,-0.71875,7.85703],"to":[0.13243,0.71875,8.14297],"rotation":{"angle":0,"axis":"y","origin":[11.78743,0,8]},"faces":{"west":{"uv":[6.25,4.5,6.75,5.25],"texture":"#0"},"up":{"uv":[3.25,4,3.5,4.5],"texture":"#0"},"down":{"uv":[9.5,8,9.75,8.25],"texture":"#0"}}},{"from":[0.99225,-1.4375,7.71406],"to":[12.50235,1.4375,8.28594],"rotation":{"angle":22.5,"axis":"x","origin":[11.78743,0,8]},"faces":{"east":{"uv":[9.5,7.25,10.25,8.25],"texture":"#1"},"west":{"uv":[12.5,7.5,13,8],"texture":"#1"},"up":{"uv":[2,3.75,6,4.25],"texture":"#1"},"down":{"uv":[3,9,7,9.5],"rotation":180,"texture":"#1"}}},{"from":[0.99225,-1.4375,7.71406],"to":[12.50235,1.4375,8.28594],"rotation":{"angle":-22.5,"axis":"x","origin":[11.78743,0,8]},"faces":{"east":{"uv":[9.5,7.25,10.25,8.25],"texture":"#1"},"west":{"uv":[12.5,7.5,13,8],"texture":"#1"},"up":{"uv":[0,3.25,4,3.75],"texture":"#1"},"down":{"uv":[3.5,8,7.5,8.5],"rotation":180,"texture":"#1"}}},{"from":[0.99225,-1.4375,7.71406],"to":[12.50235,1.4375,8.28594],"rotation":{"angle":45,"axis":"x","origin":[11.78743,0,8]},"faces":{"east":{"uv":[9.5,7.25,10.25,8.25],"texture":"#1"},"west":{"uv":[12.5,7.5,13,8],"texture":"#1"},"up":{"uv":[5.25,4.25,9.25,4.75],"texture":"#1"},"down":{"uv":[5.75,5.5,9.75,6],"rotation":180,"texture":"#1"}}},{"from":[0.99225,-1.4375,7.71406],"to":[12.50235,1.4375,8.28594],"rotation":{"angle":-45,"axis":"x","origin":[11.78743,0,8]},"faces":{"east":{"uv":[9.5,7.25,10.25,8.25],"texture":"#1"},"west":{"uv":[12.5,7.5,13,8],"texture":"#1"},"up":{"uv":[1.25,4.25,5.25,4.75],"rotation":180,"texture":"#1"},"down":{"uv":[4.5,5.5,8.5,6],"texture":"#1"}}},{"from":[0.99225,-0.28594,6.5625],"to":[12.50235,0.28594,9.4375],"rotation":{"angle":-22.5,"axis":"x","origin":[11.78743,0,8]},"faces":{"north":{"uv":[6.25,5,10.25,5.5],"texture":"#1"},"east":{"uv":[9.5,7.25,10.25,7.75],"texture":"#1"},"south":{"uv":[5.25,4.75,9.25,5.25],"texture":"#1"},"west":{"uv":[12.5,7.5,13,8],"rotation":90,"texture":"#1"}}},{"from":[0.99225,-0.28594,6.5625],"to":[12.50235,0.28594,9.4375],"rotation":{"angle":22.5,"axis":"x","origin":[11.78743,0,8]},"faces":{"north":{"uv":[5.25,4.75,9.25,5.25],"texture":"#1"},"east":{"uv":[9.5,7.25,10.25,7.75],"texture":"#1"},"south":{"uv":[6.25,5,10.25,5.5],"texture":"#1"},"west":{"uv":[12.5,7.5,13,8],"rotation":270,"texture":"#1"}}},{"from":[0.99225,-0.28594,6.5625],"to":[12.50235,0.28594,9.4375],"rotation":{"angle":0,"axis":"y","origin":[11.78743,0,8]},"faces":{"north":{"uv":[3,12.25,7,12.75],"texture":"#1"},"south":{"uv":[0,12,4,12.5],"texture":"#1"},"west":{"uv":[12.5,7.5,13,8],"texture":"#1"}}},{"from":[0.99225,-1.4375,7.71406],"to":[12.50235,1.4375,8.28596],"rotation":{"angle":0,"axis":"y","origin":[11.78743,0,8]},"faces":{"west":{"uv":[12.5,7.5,13,8],"texture":"#1"},"up":{"uv":[2,3.25,6,3.75],"texture":"#1"},"down":{"uv":[5.5,7.75,9.5,8.25],"rotation":180,"texture":"#1"}}},{"from":[0.13217,-1.4375,7.71405],"to":[0.46305,1.4375,8.28595],"rotation":{"angle":0,"axis":"y","origin":[11.78743,0,8]},"faces":{"east":{"uv":[12.5,7.5,13,8],"texture":"#1"},"west":{"uv":[8.25,4,8.75,6],"texture":"#1"},"up":{"uv":[3.5,3.75,4,4.25],"rotation":180,"texture":"#1"},"down":{"uv":[6.25,8,6.75,8.25],"rotation":180,"texture":"#1"}}},{"from":[0.1323,-1.4375,7.71405],"to":[0.46318,1.4375,8.28595],"rotation":{"angle":22.5,"axis":"x","origin":[11.78743,0,8]},"faces":{"east":{"uv":[12.5,7.5,13,8],"texture":"#1"},"west":{"uv":[7.25,4,7.75,6],"texture":"#1"},"up":{"uv":[3.5,4.25,4,4.75],"texture":"#1"},"down":{"uv":[6.25,8,6.75,8.25],"rotation":180,"texture":"#1"}}},{"from":[0.1323,-1.4375,7.71405],"to":[0.46318,1.4375,8.28595],"rotation":{"angle":-22.5,"axis":"x","origin":[11.78743,0,8]},"faces":{"east":{"uv":[12.5,7.5,13,8],"texture":"#1"},"west":{"uv":[7.25,4,7.75,6],"texture":"#1"},"up":{"uv":[3.5,4.25,4,4.75],"rotation":180,"texture":"#1"},"down":{"uv":[6.25,8,6.75,8.25],"rotation":180,"texture":"#1"}}},{"from":[0.13217,-1.4375,7.71405],"to":[0.46305,1.4375,8.28595],"rotation":{"angle":45,"axis":"x","origin":[11.78743,0,8]},"faces":{"east":{"uv":[12.5,7.5,13,8],"texture":"#1"},"west":{"uv":[10.75,4.5,11.25,6.5],"texture":"#1"},"up":{"uv":[3.75,4.75,4.25,5.25],"texture":"#1"},"down":{"uv":[6.25,8,6.75,8.25],"rotation":180,"texture":"#1"}}},{"from":[0.13217,-1.4375,7.71405],"to":[0.46305,1.4375,8.28595],"rotation":{"angle":-45,"axis":"x","origin":[11.78743,0,8]},"faces":{"east":{"uv":[12.5,7.5,13,8],"texture":"#1"},"west":{"uv":[6.75,4.5,7.25,6.5],"texture":"#1"},"up":{"uv":[7.75,4.75,8.25,5.25],"rotation":180,"texture":"#1"},"down":{"uv":[6.25,8,6.75,8.25],"rotation":180,"texture":"#1"}}},{"from":[0.1323,-0.28595,6.5625],"to":[0.46318,0.28595,9.4375],"rotation":{"angle":-22.5,"axis":"x","origin":[11.78743,0,8]},"faces":{"north":{"uv":[6.75,8,7.25,8.5],"rotation":180,"texture":"#1"},"east":{"uv":[12.5,7.5,13,8],"rotation":270,"texture":"#1"},"south":{"uv":[5.25,5.5,5.75,6],"texture":"#1"},"west":{"uv":[0.5,4.75,1,6.75],"rotation":90,"texture":"#1"}}},{"from":[0.1323,-0.28595,6.5625],"to":[0.46318,0.28595,9.4375],"rotation":{"angle":22.5,"axis":"x","origin":[11.78743,0,8]},"faces":{"north":{"uv":[6.75,5.5,7.25,6],"texture":"#1"},"east":{"uv":[12.5,7.5,13,8],"rotation":90,"texture":"#1"},"south":{"uv":[6,8,6.5,8.5],"rotation":180,"texture":"#1"},"west":{"uv":[0.75,4.75,1.25,6.75],"rotation":270,"texture":"#1"}}},{"from":[0.13217,-0.28595,6.5625],"to":[0.46305,0.28595,9.4375],"rotation":{"angle":0,"axis":"y","origin":[11.78743,0,8]},"faces":{"north":{"uv":[4.25,8.25,4.75,8.75],"rotation":180,"texture":"#1"},"east":{"uv":[12.5,7.5,13,8],"texture":"#1"},"south":{"uv":[6.25,8.25,6.75,8.75],"rotation":180,"texture":"#1"},"west":{"uv":[7.25,9.5,7.75,11.5],"rotation":90,"texture":"#1"}}},{"from":[0.46292,-1.265,7.74838],"to":[0.99225,1.265,8.25162],"rotation":{"angle":0,"axis":"y","origin":[11.78743,0,8]},"faces":{"up":{"uv":[10,2.75,10.5,3.25],"rotation":180,"texture":"#1"},"down":{"uv":[5.75,8,6.25,8.25],"texture":"#1"}}},{"from":[0.46292,-1.265,7.74838],"to":[0.99225,1.265,8.25162],"rotation":{"angle":22.5,"axis":"x","origin":[11.78743,0,8]},"faces":{"up":{"uv":[11,2.5,11.5,3],"rotation":180,"texture":"#1"},"down":{"uv":[5.75,8,6.25,8.25],"texture":"#1"}}},{"from":[0.46292,-1.265,7.74838],"to":[0.99225,1.265,8.25162],"rotation":{"angle":-22.5,"axis":"x","origin":[11.78743,0,8]},"faces":{"up":{"uv":[8.5,4,9,4.5],"rotation":180,"texture":"#1"},"down":{"uv":[5.75,8,6.25,8.25],"texture":"#1"}}},{"from":[0.46292,-1.265,7.74838],"to":[0.99225,1.265,8.25162],"rotation":{"angle":45,"axis":"x","origin":[11.78743,0,8]},"faces":{"up":{"uv":[3.25,4.25,3.75,4.75],"texture":"#1"},"down":{"uv":[5.75,8,6.25,8.25],"texture":"#1"}}},{"from":[0.46292,-0.25162,6.735],"to":[0.99225,0.25162,9.265],"rotation":{"angle":-22.5,"axis":"x","origin":[11.78743,0,8]},"faces":{"north":{"uv":[3,8,3.5,8.5],"rotation":180,"texture":"#1"},"south":{"uv":[3.25,4.75,3.75,5.25],"texture":"#1"}}},{"from":[0.46292,-1.265,7.74838],"to":[0.99225,1.265,8.25162],"rotation":{"angle":-45,"axis":"x","origin":[11.78743,0,8]},"faces":{"up":{"uv":[3.25,4.25,3.75,4.75],"rotation":180,"texture":"#1"},"down":{"uv":[5.75,8,6.25,8.25],"texture":"#1"}}},{"from":[0.46292,-0.25162,6.735],"to":[0.99225,0.25162,9.265],"rotation":{"angle":22.5,"axis":"x","origin":[11.78743,0,8]},"faces":{"north":{"uv":[3.25,4.75,3.75,5.25],"texture":"#1"},"south":{"uv":[3,8,3.5,8.5],"rotation":180,"texture":"#1"}}},{"from":[0.46292,-0.25162,6.735],"to":[0.99225,0.25162,9.265],"rotation":{"angle":0,"axis":"y","origin":[11.78743,0,8]},"faces":{"north":{"uv":[3.25,5.25,3.75,5.75],"texture":"#1"},"south":{"uv":[3.25,5.25,3.75,5.75],"texture":"#1"}}},{"from":[12.50235,-1.2075,7.49984],"to":[13.0011,1.2075,8.50016],"rotation":{"angle":0,"axis":"y","origin":[11.93495,0,8]},"faces":{"east":{"uv":[9.5,7.25,10.25,8.25],"texture":"#1"},"up":{"uv":[1.25,3.75,1.75,4.5],"rotation":180,"texture":"#1"},"down":{"uv":[6.25,7.75,6.75,8.5],"texture":"#1"}}},{"from":[11.87481,0.41469,7.71406],"to":[13.18731,1.56469,8.28594],"rotation":{"angle":-22.5,"axis":"z","origin":[11.85288,-0.00121,8]},"faces":{"north":{"uv":[10.5,2.75,11,3.25],"rotation":180,"texture":"#1"},"south":{"uv":[10.5,2.75,11,3.25],"rotation":180,"texture":"#1"},"up":{"uv":[2,3.25,2.75,3.75],"texture":"#1"}}},{"from":[11.87482,-1.56469,7.71409],"to":[13.18732,-0.41469,8.28596],"rotation":{"angle":22.5,"axis":"z","origin":[11.85287,0.00119,8.00002]},"faces":{"north":{"uv":[7.5,8,7.75,8.25],"rotation":180,"texture":"#1"},"south":{"uv":[7.5,8,7.75,8.25],"rotation":180,"texture":"#1"},"down":{"uv":[5.5,7.75,6.25,8.25],"rotation":180,"texture":"#1"}}},{"from":[11.87481,-0.28594,8.41469],"to":[13.18731,0.28594,9.56469],"rotation":{"angle":22.5,"axis":"y","origin":[11.85288,0,7.99879]},"faces":{"south":{"uv":[0,12,0.75,12.5],"texture":"#1"},"up":{"uv":[4.5,12,5,12.5],"rotation":180,"texture":"#1"},"down":{"uv":[4.5,12,5,12.5],"rotation":180,"texture":"#1"}}},{"from":[11.87481,-0.28594,6.43531],"to":[13.18731,0.28594,7.58531],"rotation":{"angle":-22.5,"axis":"y","origin":[11.85288,0,8.00121]},"faces":{"north":{"uv":[0,12,0.75,12.5],"texture":"#1"},"up":{"uv":[4.5,12,5,12.5],"rotation":180,"texture":"#1"},"down":{"uv":[4.5,12,5,12.5],"rotation":180,"texture":"#1"}}},{"from":[12.50235,-1.2075,7.49984],"to":[13.0011,1.2075,8.50016],"rotation":{"angle":-45,"axis":"x","origin":[11.93495,0,8]},"faces":{"east":{"uv":[9.5,7.25,10.25,8.25],"texture":"#1"},"up":{"uv":[1.25,4.25,1.75,5],"rotation":180,"texture":"#1"},"down":{"uv":[2,5.75,2.5,6.5],"rotation":180,"texture":"#1"}}},{"from":[12.50235,-1.2075,7.49984],"to":[13.0011,1.2075,8.50016],"rotation":{"angle":45,"axis":"x","origin":[11.93495,0,8]},"faces":{"east":{"uv":[9.5,7.25,10.25,8.25],"texture":"#1"},"up":{"uv":[1.25,4.25,1.75,5],"texture":"#1"},"down":{"uv":[2,5.75,2.5,6.5],"texture":"#1"}}},{"from":[12.50235,-0.50016,6.7925],"to":[13.0011,0.50016,9.2075],"rotation":{"angle":0,"axis":"y","origin":[11.93495,0,8]},"faces":{"north":{"uv":[3,4.75,3.5,5.5],"texture":"#1"},"east":{"uv":[9.5,7.25,10.25,8.25],"texture":"#1"},"south":{"uv":[3,4.75,3.5,5.5],"texture":"#1"}}},{"from":[12.9725,-0.9625,7.80855],"to":[15.1725,0.9625,8.19146],"rotation":{"angle":0,"axis":"y","origin":[12.07558,0,8]},"faces":{"east":{"uv":[5.75,7.5,6,8.75],"texture":"#1"},"up":{"uv":[3.5,4,4.5,4.25],"rotation":180,"texture":"#1"},"down":{"uv":[7.25,8,8.25,8.25],"rotation":180,"texture":"#1"}}},{"from":[12.9725,-0.9625,7.80855],"to":[15.1725,0.9625,8.19146],"rotation":{"angle":22.5,"axis":"x","origin":[12.07558,0,8]},"faces":{"east":{"uv":[5.75,7.5,6,8.75],"texture":"#1"},"up":{"uv":[5.25,4.25,6.25,4.5],"rotation":180,"texture":"#1"},"down":{"uv":[5.25,7.75,6.25,8],"rotation":180,"texture":"#1"}}},{"from":[12.9725,-0.9625,7.80855],"to":[15.1725,0.9625,8.19146],"rotation":{"angle":-22.5,"axis":"x","origin":[12.07558,0,8]},"faces":{"east":{"uv":[5.75,7.5,6,8.75],"texture":"#1"},"up":{"uv":[4.75,4.25,5.75,4.5],"rotation":180,"texture":"#1"},"down":{"uv":[2.5,8.25,3.5,8.5],"rotation":180,"texture":"#1"}}},{"from":[12.9725,-0.9625,7.80855],"to":[15.1725,0.9625,8.19146],"rotation":{"angle":45,"axis":"x","origin":[12.07558,0,8]},"faces":{"east":{"uv":[5.75,7.5,6,8.75],"texture":"#1"},"up":{"uv":[6.75,4.5,7.75,4.75],"rotation":180,"texture":"#1"},"down":{"uv":[4.75,5.5,5.75,5.75],"rotation":180,"texture":"#1"}}},{"from":[12.9725,-0.9625,7.80855],"to":[15.1725,0.9625,8.19146],"rotation":{"angle":-45,"axis":"x","origin":[12.07558,0,8]},"faces":{"east":{"uv":[5.75,7.5,6,8.75],"texture":"#1"},"up":{"uv":[1.25,4.25,2.25,4.5],"rotation":180,"texture":"#1"},"down":{"uv":[4.25,5.75,5.25,6],"rotation":180,"texture":"#1"}}},{"from":[12.9725,-0.19145,7.0375],"to":[15.1735,0.19146,8.9625],"rotation":{"angle":-22.5,"axis":"x","origin":[12.07558,0,8]},"faces":{"north":{"uv":[3,5.25,4,5.5],"rotation":180,"texture":"#1"},"east":{"uv":[5.75,7.5,6,8.75],"rotation":270,"texture":"#1"},"south":{"uv":[6.75,4.75,7.75,5],"rotation":180,"texture":"#1"}}},{"from":[12.9725,-0.19145,7.0375],"to":[15.1725,0.19146,8.9625],"rotation":{"angle":22.5,"axis":"x","origin":[12.07558,0,8]},"faces":{"north":{"uv":[1.5,4.75,2.5,5],"rotation":180,"texture":"#1"},"east":{"uv":[5.75,7.5,6,8.75],"rotation":90,"texture":"#1"},"south":{"uv":[8,5.25,9,5.5],"rotation":180,"texture":"#1"}}},{"from":[12.9725,-0.19145,7.0375],"to":[15.1725,0.19146,8.9625],"rotation":{"angle":0,"axis":"y","origin":[12.07558,0,8]},"faces":{"north":{"uv":[2,5,3,5.25],"rotation":180,"texture":"#1"},"east":{"uv":[5.75,7.5,6,8.75],"rotation":90,"texture":"#1"},"south":{"uv":[5,5,6,5.25],"rotation":180,"texture":"#1"}}}],"gui_light":"front","display":{"thirdperson_righthand":{"rotation":[25,111,-23],"translation":[-1,-2,0],"scale":[0.25,0.25,0.25]},"thirdperson_lefthand":{"rotation":[69,-71,65],"translation":[-1,-2,0],"scale":[0.25,0.25,0.25]},"firstperson_righthand":{"rotation":[-87,65,68],"translation":[1,-1.25,4.25],"scale":[0.44,0.44,0.44]},"firstperson_lefthand":{"rotation":[-40,-110,-33],"translation":[-0.25,-1.5,3],"scale":[0.44,0.44,0.44]},"ground":{"rotation":[0,0,12],"scale":[0.125,0.125,0.125]},"gui":{"rotation":[0,180,32],"translation":[-0.5,1.75,0],"scale":[0.6,0.6,0.6]},"head":{"scale":[0.5,0.5,0.5]},"fixed":{"rotation":[0,180,0],"translation":[0,0,-2],"scale":[0.5,0.5,0.5]}}}