{"credit":"thebradqq's guns","textures":{"2":"minecraft:weapons/copper","3":"minecraft:weapons/metal"},"elements":[{"from":[3.72805,-1.05,7.56508],"to":[11.00305,1.05,8.43492],"rotation":{"angle":0,"axis":"y","origin":[7.05042,0,8]},"faces":{"east":{"uv":[9.5,7.25,10.25,8.25],"texture":"#3"},"up":{"uv":[1.25,3.75,1.75,4.5],"rotation":180,"texture":"#3"},"down":{"uv":[6.25,7.75,6.75,8.5],"texture":"#3"}}},{"from":[3.52795,-1.25,7.75135],"to":[3.77805,1.25,8.24865],"rotation":{"angle":0,"axis":"y","origin":[7.05042,0,8]},"faces":{"east":{"uv":[12.5,7.5,13,8],"texture":"#3"},"west":{"uv":[8.25,4,8.75,6],"texture":"#3"},"up":{"uv":[3.5,3.75,4,4.25],"rotation":180,"texture":"#3"},"down":{"uv":[6.25,8,6.75,8.25],"rotation":180,"texture":"#3"}}},{"from":[4.02805,-1.25,7.75136],"to":[10.52805,1.25,8.24864],"rotation":{"angle":22.5,"axis":"x","origin":[7.05042,0,8]},"faces":{"east":{"uv":[9.5,7.25,10.25,8.25],"texture":"#3"},"west":{"uv":[12.5,7.5,13,8],"texture":"#3"},"up":{"uv":[2,3.75,6,4.25],"texture":"#3"},"down":{"uv":[3,9,7,9.5],"rotation":180,"texture":"#3"}}},{"from":[4.02805,-1.25,7.75136],"to":[10.52805,1.25,8.24864],"rotation":{"angle":-22.5,"axis":"x","origin":[7.05042,0,8]},"faces":{"east":{"uv":[9.5,7.25,10.25,8.25],"texture":"#3"},"west":{"uv":[12.5,7.5,13,8],"texture":"#3"},"up":{"uv":[0,3.25,4,3.75],"texture":"#3"},"down":{"uv":[3.5,8,7.5,8.5],"rotation":180,"texture":"#3"}}},{"from":[4.02805,-1.25,7.75136],"to":[10.52805,1.25,8.24864],"rotation":{"angle":45,"axis":"x","origin":[7.05042,0,8]},"faces":{"east":{"uv":[9.5,7.25,10.25,8.25],"texture":"#3"},"west":{"uv":[12.5,7.5,13,8],"texture":"#3"},"up":{"uv":[5.25,4.25,9.25,4.75],"texture":"#3"},"down":{"uv":[5.75,5.5,9.75,6],"rotation":180,"texture":"#3"}}},{"from":[4.02805,-1.25,7.75136],"to":[10.52805,1.25,8.24864],"rotation":{"angle":-45,"axis":"x","origin":[7.05042,0,8]},"faces":{"east":{"uv":[9.5,7.25,10.25,8.25],"texture":"#3"},"west":{"uv":[12.5,7.5,13,8],"texture":"#3"},"up":{"uv":[1.25,4.25,5.25,4.75],"rotation":180,"texture":"#3"},"down":{"uv":[4.5,5.5,8.5,6],"texture":"#3"}}},{"from":[4.02805,-0.24864,6.75],"to":[10.52805,0.24864,9.25],"rotation":{"angle":-22.5,"axis":"x","origin":[7.05042,0,8]},"faces":{"north":{"uv":[6.25,5,10.25,5.5],"texture":"#3"},"east":{"uv":[9.5,7.25,10.25,7.75],"texture":"#3"},"south":{"uv":[5.25,4.75,9.25,5.25],"texture":"#3"},"west":{"uv":[12.5,7.5,13,8],"rotation":90,"texture":"#3"}}},{"from":[4.02805,-0.24864,6.75],"to":[10.52805,0.24864,9.25],"rotation":{"angle":22.5,"axis":"x","origin":[7.05042,0,8]},"faces":{"north":{"uv":[5.25,4.75,9.25,5.25],"texture":"#3"},"east":{"uv":[9.5,7.25,10.25,7.75],"texture":"#3"},"south":{"uv":[6.25,5,10.25,5.5],"texture":"#3"},"west":{"uv":[12.5,7.5,13,8],"rotation":270,"texture":"#3"}}},{"from":[4.02805,-0.24864,6.75],"to":[10.52805,0.24864,9.25],"rotation":{"angle":0,"axis":"y","origin":[7.05042,0,8]},"faces":{"north":{"uv":[3,12.25,7,12.75],"texture":"#3"},"south":{"uv":[0,12,4,12.5],"texture":"#3"},"west":{"uv":[12.5,7.5,13,8],"texture":"#3"}}},{"from":[9.78498,1.48568,7.75136],"to":[11.03498,2.48568,8.24864],"rotation":{"angle":-22.5,"axis":"z","origin":[7.05042,0,8]},"faces":{"north":{"uv":[10.5,2.75,11,3.25],"rotation":180,"texture":"#3"},"south":{"uv":[10.5,2.75,11,3.25],"rotation":180,"texture":"#3"},"up":{"uv":[2,3.25,2.75,3.75],"texture":"#3"}}},{"from":[9.78498,-2.48568,7.75136],"to":[11.03498,-1.48568,8.24864],"rotation":{"angle":22.5,"axis":"z","origin":[7.05042,0,8]},"faces":{"north":{"uv":[7.5,8,7.75,8.25],"rotation":180,"texture":"#3"},"south":{"uv":[7.5,8,7.75,8.25],"rotation":180,"texture":"#3"},"down":{"uv":[5.5,7.75,6.25,8.25],"rotation":180,"texture":"#3"}}},{"from":[9.78498,-0.24864,9.48568],"to":[11.03498,0.24864,10.48568],"rotation":{"angle":22.5,"axis":"y","origin":[7.05042,0,8]},"faces":{"south":{"uv":[0,12,0.75,12.5],"texture":"#3"},"up":{"uv":[4.5,12,5,12.5],"rotation":180,"texture":"#3"},"down":{"uv":[4.5,12,5,12.5],"rotation":180,"texture":"#3"}}},{"from":[9.78498,-0.24864,5.51432],"to":[11.03498,0.24864,6.51432],"rotation":{"angle":-22.5,"axis":"y","origin":[7.05042,0,8]},"faces":{"north":{"uv":[0,12,0.75,12.5],"texture":"#3"},"up":{"uv":[4.5,12,5,12.5],"rotation":180,"texture":"#3"},"down":{"uv":[4.5,12,5,12.5],"rotation":180,"texture":"#3"}}},{"from":[4.02805,-1.25,7.75136],"to":[10.52805,1.25,8.24866],"rotation":{"angle":0,"axis":"y","origin":[7.05042,0,8]},"faces":{"west":{"uv":[12.5,7.5,13,8],"texture":"#3"},"up":{"uv":[2,3.25,6,3.75],"texture":"#3"},"down":{"uv":[5.5,7.75,9.5,8.25],"rotation":180,"texture":"#3"}}},{"from":[3.72805,-1.05,7.56508],"to":[11.00305,1.05,8.43492],"rotation":{"angle":-45,"axis":"x","origin":[7.05042,0,8]},"faces":{"east":{"uv":[9.5,7.25,10.25,8.25],"texture":"#3"},"up":{"uv":[1.25,4.25,1.75,5],"rotation":180,"texture":"#3"},"down":{"uv":[2,5.75,2.5,6.5],"rotation":180,"texture":"#3"}}},{"from":[3.72805,-1.05,7.56508],"to":[11.00305,1.05,8.43492],"rotation":{"angle":45,"axis":"x","origin":[7.05042,0,8]},"faces":{"east":{"uv":[9.5,7.25,10.25,8.25],"texture":"#3"},"up":{"uv":[1.25,4.25,1.75,5],"texture":"#3"},"down":{"uv":[2,5.75,2.5,6.5],"texture":"#3"}}},{"from":[3.72805,-0.43492,6.95],"to":[11.00305,0.43492,9.05],"rotation":{"angle":0,"axis":"y","origin":[7.05042,0,8]},"faces":{"north":{"uv":[3,4.75,3.5,5.5],"texture":"#3"},"east":{"uv":[9.5,7.25,10.25,8.25],"texture":"#3"},"south":{"uv":[3,4.75,3.5,5.5],"texture":"#3"}}},{"from":[10.70305,-0.875,7.82595],"to":[12.70305,0.875,8.17405],"rotation":{"angle":0,"axis":"y","origin":[7.05042,0,8]},"faces":{"east":{"uv":[5.75,4.75,6,7.25],"texture":"#3"},"up":{"uv":[3.5,4,4.5,4.25],"rotation":180,"texture":"#3"},"down":{"uv":[7.25,8,8.25,8.25],"rotation":180,"texture":"#3"}}},{"from":[10.70305,-0.875,7.82595],"to":[12.70305,0.875,8.17405],"rotation":{"angle":22.5,"axis":"x","origin":[7.05042,0,8]},"faces":{"east":{"uv":[5.75,4.75,6,7.25],"texture":"#3"},"up":{"uv":[5.25,4.25,6.25,4.5],"rotation":180,"texture":"#3"},"down":{"uv":[5.25,7.75,6.25,8],"rotation":180,"texture":"#3"}}},{"from":[10.70305,-0.875,7.82595],"to":[12.70305,0.875,8.17405],"rotation":{"angle":-22.5,"axis":"x","origin":[7.05042,0,8]},"faces":{"east":{"uv":[5.75,4.75,6,7.25],"texture":"#3"},"up":{"uv":[4.75,4.25,5.75,4.5],"rotation":180,"texture":"#3"},"down":{"uv":[2.5,8.25,3.5,8.5],"rotation":180,"texture":"#3"}}},{"from":[10.70305,-0.875,7.82595],"to":[12.70305,0.875,8.17405],"rotation":{"angle":45,"axis":"x","origin":[7.05042,0,8]},"faces":{"east":{"uv":[5.75,4.75,6,7.25],"texture":"#3"},"up":{"uv":[6.75,4.5,7.75,4.75],"rotation":180,"texture":"#3"},"down":{"uv":[4.75,5.5,5.75,5.75],"rotation":180,"texture":"#3"}}},{"from":[10.70305,-0.875,7.82595],"to":[12.70305,0.875,8.17405],"rotation":{"angle":-45,"axis":"x","origin":[7.05042,0,8]},"faces":{"east":{"uv":[5.75,4.75,6,7.25],"texture":"#3"},"up":{"uv":[1.25,4.25,2.25,4.5],"rotation":180,"texture":"#3"},"down":{"uv":[4.25,5.75,5.25,6],"rotation":180,"texture":"#3"}}},{"from":[10.70305,-0.17405,7.125],"to":[12.70305,0.17405,8.875],"rotation":{"angle":-22.5,"axis":"x","origin":[7.05042,0,8]},"faces":{"north":{"uv":[3,5.25,4,5.5],"rotation":180,"texture":"#3"},"east":{"uv":[5.75,4.75,6,7.25],"rotation":90,"texture":"#3"},"south":{"uv":[6.75,4.75,7.75,5],"rotation":180,"texture":"#3"}}},{"from":[10.70305,-0.17405,7.125],"to":[12.70305,0.17405,8.875],"rotation":{"angle":22.5,"axis":"x","origin":[7.05042,0,8]},"faces":{"north":{"uv":[1.5,4.75,2.5,5],"rotation":180,"texture":"#3"},"east":{"uv":[5.75,4.75,6,7.25],"rotation":90,"texture":"#3"},"south":{"uv":[8,5.25,9,5.5],"rotation":180,"texture":"#3"}}},{"from":[10.70305,-0.17405,7.125],"to":[12.70305,0.17405,8.875],"rotation":{"angle":0,"axis":"y","origin":[7.05042,0,8]},"faces":{"north":{"uv":[2,5,3,5.25],"rotation":180,"texture":"#3"},"east":{"uv":[5.75,4.75,6,7.25],"rotation":90,"texture":"#3"},"south":{"uv":[5,5,6,5.25],"rotation":180,"texture":"#3"}}},{"from":[3.52805,-1.25,7.75135],"to":[3.77815,1.25,8.24865],"rotation":{"angle":22.5,"axis":"x","origin":[7.05042,0,8]},"faces":{"east":{"uv":[12.5,7.5,13,8],"texture":"#3"},"west":{"uv":[7.25,4,7.75,6],"texture":"#3"},"up":{"uv":[3.5,4.25,4,4.75],"texture":"#3"},"down":{"uv":[6.25,8,6.75,8.25],"rotation":180,"texture":"#3"}}},{"from":[3.52805,-1.25,7.75135],"to":[3.77815,1.25,8.24865],"rotation":{"angle":-22.5,"axis":"x","origin":[7.05042,0,8]},"faces":{"east":{"uv":[12.5,7.5,13,8],"texture":"#3"},"west":{"uv":[7.25,4,7.75,6],"texture":"#3"},"up":{"uv":[3.5,4.25,4,4.75],"rotation":180,"texture":"#3"},"down":{"uv":[6.25,8,6.75,8.25],"rotation":180,"texture":"#3"}}},{"from":[3.52795,-1.25,7.75135],"to":[3.77805,1.25,8.24865],"rotation":{"angle":45,"axis":"x","origin":[7.05042,0,8]},"faces":{"east":{"uv":[12.5,7.5,13,8],"texture":"#3"},"west":{"uv":[10.75,4.5,11.25,6.5],"texture":"#3"},"up":{"uv":[3.75,4.75,4.25,5.25],"texture":"#3"},"down":{"uv":[6.25,8,6.75,8.25],"rotation":180,"texture":"#3"}}},{"from":[3.52795,-1.25,7.75135],"to":[3.77805,1.25,8.24865],"rotation":{"angle":-45,"axis":"x","origin":[7.05042,0,8]},"faces":{"east":{"uv":[12.5,7.5,13,8],"texture":"#3"},"west":{"uv":[6.75,4.5,7.25,6.5],"texture":"#3"},"up":{"uv":[7.75,4.75,8.25,5.25],"rotation":180,"texture":"#3"},"down":{"uv":[6.25,8,6.75,8.25],"rotation":180,"texture":"#3"}}},{"from":[3.52805,-0.24865,6.75],"to":[3.77815,0.24865,9.25],"rotation":{"angle":-22.5,"axis":"x","origin":[7.05042,0,8]},"faces":{"north":{"uv":[6.75,8,7.25,8.5],"rotation":180,"texture":"#3"},"east":{"uv":[12.5,7.5,13,8],"rotation":270,"texture":"#3"},"south":{"uv":[5.25,5.5,5.75,6],"texture":"#3"},"west":{"uv":[0.5,4.75,1,6.75],"rotation":90,"texture":"#3"}}},{"from":[3.52805,-0.24865,6.75],"to":[3.77815,0.24865,9.25],"rotation":{"angle":22.5,"axis":"x","origin":[7.05042,0,8]},"faces":{"north":{"uv":[6.75,5.5,7.25,6],"texture":"#3"},"east":{"uv":[12.5,7.5,13,8],"rotation":90,"texture":"#3"},"south":{"uv":[6,8,6.5,8.5],"rotation":180,"texture":"#3"},"west":{"uv":[0.75,4.75,1.25,6.75],"rotation":270,"texture":"#3"}}},{"from":[3.52795,-0.24865,6.75],"to":[3.77805,0.24865,9.25],"rotation":{"angle":0,"axis":"y","origin":[7.05042,0,8]},"faces":{"north":{"uv":[4.25,8.25,4.75,8.75],"rotation":180,"texture":"#3"},"east":{"uv":[12.5,7.5,13,8],"texture":"#3"},"south":{"uv":[6.25,8.25,6.75,8.75],"rotation":180,"texture":"#3"},"west":{"uv":[7.25,9.5,7.75,11.5],"rotation":90,"texture":"#3"}}},{"from":[3.42815,-0.625,7.87568],"to":[3.52815,0.625,8.12432],"rotation":{"angle":0,"axis":"y","origin":[7.05042,0,8]},"faces":{"west":{"uv":[6.25,4.5,6.75,5.25],"texture":"#2"},"up":{"uv":[3.25,4,3.5,4.5],"texture":"#2"},"down":{"uv":[9.5,8,9.75,8.25],"texture":"#2"}}},{"from":[3.42805,-0.625,7.87568],"to":[3.52805,0.625,8.12432],"rotation":{"angle":22.5,"axis":"x","origin":[7.05042,0,8]},"faces":{"west":{"uv":[5.25,4.5,5.75,5.25],"texture":"#2"},"up":{"uv":[3.25,4,3.5,4.5],"texture":"#2"},"down":{"uv":[9,8,9.25,8.5],"texture":"#2"}}},{"from":[3.42805,-0.625,7.87568],"to":[3.52805,0.625,8.12432],"rotation":{"angle":-22.5,"axis":"x","origin":[7.05042,0,8]},"faces":{"west":{"uv":[5.25,4.5,5.75,5.25],"texture":"#2"},"up":{"uv":[7.25,4.25,7.5,4.75],"rotation":180,"texture":"#2"},"down":{"uv":[9,8,9.25,8.5],"rotation":180,"texture":"#2"}}},{"from":[3.42815,-0.12432,7.375],"to":[3.52815,0.12432,8.625],"rotation":{"angle":-45,"axis":"x","origin":[7.05042,0,8]},"faces":{"north":{"uv":[6,5.5,6.25,6],"texture":"#2"},"south":{"uv":[3.75,4,4,4.5],"texture":"#2"},"west":{"uv":[6.25,4.5,6.75,5.25],"rotation":90,"texture":"#2"}}},{"from":[3.42815,-0.12432,7.375],"to":[3.52815,0.12432,8.625],"rotation":{"angle":45,"axis":"x","origin":[7.05042,0,8]},"faces":{"north":{"uv":[8.25,4.5,8.5,5],"texture":"#2"},"south":{"uv":[6,5.5,6.25,6],"texture":"#2"},"west":{"uv":[6.25,4.5,6.75,5.25],"rotation":270,"texture":"#2"}}},{"from":[3.42805,-0.12432,7.375],"to":[3.52805,0.12432,8.625],"rotation":{"angle":-22.5,"axis":"x","origin":[7.05042,0,8]},"faces":{"north":{"uv":[6.25,5,6.5,5.5],"texture":"#2"},"south":{"uv":[7.25,4.25,7.5,4.75],"texture":"#2"},"west":{"uv":[9,4.5,9.5,5.25],"rotation":90,"texture":"#2"}}},{"from":[3.42805,-0.12432,7.375],"to":[3.52805,0.12432,8.625],"rotation":{"angle":22.5,"axis":"x","origin":[7.05042,0,8]},"faces":{"north":{"uv":[7.25,4.25,7.5,4.75],"texture":"#2"},"south":{"uv":[6.25,5,6.5,5.5],"texture":"#2"},"west":{"uv":[9.25,4.5,9.75,5.25],"rotation":270,"texture":"#2"}}},{"from":[3.42815,-0.12432,7.375],"to":[3.52815,0.12432,8.625],"rotation":{"angle":0,"axis":"y","origin":[7.05042,0,8]},"faces":{"north":{"uv":[6.25,4.5,6.5,5],"texture":"#2"},"south":{"uv":[6.25,4.5,6.5,5],"texture":"#2"},"west":{"uv":[6.25,4.5,6.75,5],"texture":"#2"}}}],"gui_light":"front","display":{"thirdperson_righthand":{"rotation":[25,111,-23],"translation":[-1,-2,0],"scale":[0.25,0.25,0.25]},"thirdperson_lefthand":{"rotation":[69,-71,65],"translation":[-1,-2,0],"scale":[0.25,0.25,0.25]},"firstperson_righthand":{"rotation":[-87,65,68],"translation":[1,-1.25,4.25],"scale":[0.44,0.44,0.44]},"firstperson_lefthand":{"rotation":[-40,-110,-33],"translation":[-0.25,-1.5,3],"scale":[0.44,0.44,0.44]},"ground":{"rotation":[0,0,11],"scale":[0.125,0.125,0.125]},"gui":{"rotation":[0,180,32],"translation":[-0.5,1.75,0],"scale":[0.6,0.6,0.6]},"head":{"scale":[0.5,0.5,0.5]},"fixed":{"rotation":[0,180,0],"translation":[0,0,-2],"scale":[0.5,0.5,0.5]}}}