{
  "materials": [
    {
      "item": {
        "tag": "forge:gems/diamond"
      },
      "count": 2
    },
    {
      "item": {
        "tag": "forge:ingots/gold"
      },
      "count": 13
    },
    {
      "item": {
        "tag": "forge:ingots/iron"
      },
      "count": 23
    },
    {
      "item": {
        "tag": "forge:dusts/redstone"
      },
      "count": 12
    },
    {
      "item": {
        "tag": "forge:gems/amethyst"
      },
      "count": 3
    }
  ],
  "result": {
    "type": "gun",
    "id": "cib:ar2"
  },
  "type": "tacz:gun_smith_table_crafting"
}