{
  "materials": [
    {
      "item": {
        "tag": "forge:gems/diamond"
      },
      "count": 25
    },
    {
      "item": {
        "tag": "forge:ingots/gold"
      },
      "count": 80
    },
    {
      "item": {
        "tag": "forge:ingots/netherite"
      },
      "count": 5
    },
    {
      "item": {
        "tag": "forge:ingots/iron"
      },
      "count": 450
    },
    {
      "item": {
        "tag": "forge:rods/blaze"
      },
      "count": 6
    }
  ],
  "result": {
    "type": "gun",
    "id": "cib:m99"
  },
  "type": "tacz:gun_smith_table_crafting"
}