{
  "materials": [
    {
      "item": {
        "tag": "forge:ingots/iron"
      },
      "count": 107
    },
    {
      "item": {
        "tag": "forge:ingots/gold"
      },
      "count": 15
    },
    {
      "item": {
        "tag": "forge:gems/quartz"
      },
      "count": 15
    },
    {
      "item": {
        "tag": "forge:gems/diamond"
      },
      "count": 5
    },
    {
      "item": {
        "tag": "forge:ingots/netherite"
      },
      "count": 1
    },
    {
      "item": {
        "tag": "forge:rods/blaze"
      },
      "count": 4
    }
  ],
  "result": {
    "type": "gun",
    "id": "cib:mg3"
  },
  "type": "tacz:gun_smith_table_crafting"
}