{
  "materials": [
    {
      "item": {
        "type": "forge:partial_nbt",
        "item": "tacz:modern_kinetic_gun",
        "nbt": {
          "GunId": "cib:origin12"
        }
      },
      "count": 1
    },
    {
      "item": {
        "type": "forge:partial_nbt",
        "item": "tacz:attachment",
        "nbt": {
          "AttachmentId": "cib:change"
        }
      },
      "count": 1
    },
    {
      "item": {
        "item": "minecraft:netherite_ingot"
      },
      "count": 23
    },
    {
      "item": {
        "item": "minecraft:nether_star"
      },
      "count": 1
    }
  ],
  "result": {
    "type": "gun",
    "id": "cib:origin12db"
  },
  "type": "tacz:gun_smith_table_crafting"
}