{
  "materials": [
    {
      "item": {
        "tag": "forge:ingots/iron"
      },
      "count": 150
    },
    {
      "item": {
        "tag": "forge:ingots/gold"
      },
      "count": 25
    },
    {
      "item": {
        "tag": "forge:gems/quartz"
      },
      "count": 25
    },
    {
      "item": {
        "tag": "forge:gems/diamond"
      },
      "count": 5
    },
    {
      "item": {
        "tag": "forge:ingots/netherite"
      },
      "count": 2
    },
    {
      "item": {
        "tag": "forge:rods/blaze"
      },
      "count": 5
    }
  ],
  "result": {
    "type": "gun",
    "id": "cib:pkp"
  },
  "type": "tacz:gun_smith_table_crafting"
}