{
  "ammo": "tacz:12g",
  "rpm": 390,
  "bullet": {
    "life": 0.5,
    "bullet_amount": 10,
    "damage": 28,
    "tracer_count_interval": 0,
    "extra_damage": {
      "armor_ignore": 0.45,
      "head_shot_multiplier": 2,
      "damage_adjust": [
        {"distance": 1.5, "damage": 30},
        {"distance": 15, "damage": 27},
        {"distance": 24, "damage": 24},
        {"distance": "infinite", "damage": 15}
      ]
    },
    "speed": 150,
    "gravity": 0.098,
    "knockback": 0.35,
    "friction": 0.05,
    "ignite": false,
    "pierce": 1
  },
  "ammo_amount": 2,
  "bolt": "open_bolt",
  "reload": {
    "type": "magazine",
    "feed": {
      "empty": 1.5,
      "tactical": 1.5
    },
    "cooldown": {
      "empty": 2.75,
      "tactical": 2.75
    }
  },
  "draw_time": 0.27,
  "put_away_time": 0.23,
  "aim_time": 0.12,
  "sprint_time": 0.15,
  "weight": 3.2,
  "movement_speed": {
    // 默认修正
    "base": 0.0,
    // 瞄准时
    "aim": -0.2,
    // 换弹时
    "reload": -0.2
  },
  "fire_mode": [
    "semi"
  ],
  "recoil": {
    "pitch": [
      {"time": 0, "value": [3.25, 3.25]},
      {"time": 0.125, "value": [3.25, 3.25]},
      {"time": 0.4, "value": [-0.25, -0.25]},
      {"time": 0.55, "value": [0, 0]}
    ],
    "yaw": [
      {"time": 0, "value": [-1.5, -1.5]},
      {"time": 0.1, "value": [-1.5, -1.5]},
      {"time": 0.2, "value": [0.15, 0.15]},
      {"time": 0.4, "value": [0, 0]}
    ]
  },
  "inaccuracy": {
    "stand": 3.5,
    "move": 4,
    "sneak": 3.5,
    "lie": 2.5,
    "aim": 2.5
  },
  "allow_attachment_types": [
    "scope",
    "extended_mag",
    "grip",
    "laser"
  ],
  "melee": {
    "distance": 1,
    "cooldown": 0.4,
    "default": {
      "animation_type": "melee_stock",
      "distance": 0,
      "range_angle": 30,
      "damage": 2,
      "knockback": 0.45,
      "prep": 0.1
    }
  }
}