{
    "ammo": "tacz:9mm",
    "rpm": 700,
    "bullet": {
        "life": 0.65,
        "bullet_amount": 1,
        "damage": 6,
        "tracer_count_interval": 0,
        "extra_damage": {
            "armor_ignore": 0.18,
            "head_shot_multiplier": 1.29,
            "damage_adjust": [
                { "distance": 24, "damage": 8.1 },
                { "distance": 40, "damage": 7.2 },
                { "distance": 60, "damage": 6 },
                { "distance": "infinite", "damage": 5 }
            ]
        },
        "speed": 180,
        "gravity": 0.15,
        "knockback": 0,
        "friction": 0.025,
        "ignite": false,
        "pierce": 1
    },
    "ammo_amount": 50,
    "extended_mag_ammo_amount": [53, 60, 64],
    "bolt": "closed_bolt",
    "reload": {
        "type": "magazine",
        "feed": {
            "empty": 1.97,
            "tactical": 1.47
        },
        "cooldown": {
            "empty": 2.3,
            "tactical": 1.83
        }
    },
    "draw_time": 0.5,
    "put_away_time": 0.43,
    "aim_time": 0.12,
    "sprint_time": 0.15,
    "weight": 2,
    "movement_speed": {
        "base": 0.0,
        "aim": -0.15,
        "reload": 0
    },
    "crawl_recoil_multiplier": 0.75,
    "fire_mode": ["auto", "semi"],
    "allow_attachment_types": [
        "scope",
        "laser",
        "muzzle",
        "stock",
        "extended_mag"
    ],
    "recoil": {
        "pitch": [
            { "time": 0, "value": [1.7, 1.7] },
            { "time": 0.25, "value": [1.7, 1.7] },
            { "time": 0.45, "value": [-0.175, -0.175] },
            { "time": 0.6, "value": [0, 0] }
        ],
        "yaw": [
            { "time": 0, "value": [-0.35, 0.25] },
            { "time": 0.45, "value": [0, 0] }
        ]
    },
    "inaccuracy": {
        "stand": 3.5,
        "move": 4,
        "sneak": 2,
        "lie": 1,
        "aim": 0.22
    },
    // 近战相关
    "melee": {
        // 枪械距离参数，用来延升近战攻击范围
        // 会与刺刀等配件的距离做加和
        "distance": 1,
        // 使用时的冷却时间
        // 会与刺刀等配件的冷却时间做加和
        "cooldown": 0.6,
        // 默认近战数据，会被配件的数据替换掉
        "default": {
            // 动画类型：没有枪托的为 melee_push，有枪托的为 melee_stock
            "animation_type": "melee_push",
            // 刺刀距离参数，枪械里还有个刺刀攻击距离参数，两者做加和
            "distance": 1,
            // 刺刀范围角度
            "range_angle": 40,
            // 刺刀冷却时间，枪械里还有个刺刀冷却时间参数，两者做加和
            "cooldown": 0.2,
            // 伤害值
            "damage": 1,
            // 击退效果
            "knockback": 0.4,
            // 前摇时长，单位：秒
            "prep": 0.1
        }
    }
}
