{
  "materials": [
    {
      "item": {
        "tag": "forge:ingots/gold"
      },
      "count": 16
    },
    {
      "item": {
        "tag": "forge:ingots/iron"
      },
      "count": 64
    },
    {
      "item": {
        "tag": "forge:obsidian"
      },
      "count": 8
    },
    {
      "item": {
        "tag": "forge:gems/diamond"
      },
      "count": 2
    },
    {
      "item": {
        "item":"minecraft:ghast_tear"
      },
      "count": 2
    }
  ],
  "result": {
    "type": "gun",
    "id": "ccrp:hk416a8"
  },
  "type": "tacz:gun_smith_table_crafting"
}