{
  "materials": [
    {
      "item": {
        "tag": "forge:ingots/iron"
      },
      "count": 60
    },
    {
      "item": {
        "tag": "forge:gems/lapis"
      },
      "count": 8
    },
    {
      "item": {
        "tag": "forge:ingots/gold"
      },
      "count": 12
    },
    {
      "item": {
        "tag": "forge:gems/diamond"
      },
      "count": 10
    }
  ],
  "result": {
    "type": "gun",
    "id": "ccrp:vector9"
  },
  "type": "tacz:gun_smith_table_crafting"
}