{
	"credit": "Made with Blockbench",
	"texture_size": [64, 64],
	"textures": {
		"0": "weapons/gun_panzerfaust",
		"particle": "weapons/gun_panzerfaust"
	},
	"elements": [
		{
			"from": [6.5, 6.5, -4],
			"to": [9.5, 9.5, 1],
			"faces": {
				"north": {"uv": [7.5, 4, 9, 5.5], "texture": "#0"},
				"east": {"uv": [2, 2, 4.5, 3.5], "texture": "#0"},
				"south": {"uv": [7.5, 5.5, 9, 7], "texture": "#0"},
				"west": {"uv": [2, 3.5, 4.5, 5], "texture": "#0"},
				"up": {"uv": [6, 4.5, 4.5, 2], "texture": "#0"},
				"down": {"uv": [6, 4.5, 4.5, 7], "texture": "#0"}
			}
		},
		{
			"from": [6.25, 6.25, -3],
			"to": [9.75, 9.75, 0],
			"faces": {
				"north": {"uv": [2, 5, 3.75, 6.75], "texture": "#0"},
				"east": {"uv": [6, 4, 7.5, 5.75], "texture": "#0"},
				"south": {"uv": [6, 2, 7.75, 3.75], "texture": "#0"},
				"west": {"uv": [6, 6, 7.5, 7.75], "texture": "#0"},
				"up": {"uv": [3.75, 8.5, 2, 7], "texture": "#0"},
				"down": {"uv": [5.75, 7, 4, 8.5], "texture": "#0"}
			}
		},
		{
			"from": [6.75, 6.75, 1],
			"to": [9.25, 9.25, 2],
			"faces": {
				"north": {"uv": [8, 2, 9.25, 3.25], "texture": "#0"},
				"east": {"uv": [4, 5, 4.5, 6.25], "texture": "#0"},
				"south": {"uv": [2, 8.5, 3.25, 9.75], "texture": "#0"},
				"west": {"uv": [7, 8, 7.5, 9.25], "texture": "#0"},
				"up": {"uv": [10.25, 7, 9, 6.5], "texture": "#0"},
				"down": {"uv": [10.75, 3, 9.5, 3.5], "texture": "#0"}
			}
		},
		{
			"from": [7.25, 7.25, 2],
			"to": [8.75, 8.75, 6.5],
			"rotation": {"angle": 0, "axis": "y", "origin": [0, 0, 3]},
			"faces": {
				"north": {"uv": [8, 2, 9.25, 3.25], "texture": "#0"},
				"east": {"uv": [4, 5, 4.5, 6.25], "texture": "#0"},
				"south": {"uv": [2, 8.5, 3.25, 9.75], "texture": "#0"},
				"west": {"uv": [7, 8, 7.5, 9.25], "texture": "#0"},
				"up": {"uv": [10.25, 7, 9, 6.5], "texture": "#0"},
				"down": {"uv": [10.75, 3, 9.5, 3.5], "texture": "#0"}
			}
		},
		{
			"from": [6.75, 6.75, -5],
			"to": [9.25, 9.25, -4],
			"faces": {
				"north": {"uv": [3.5, 8.5, 4.75, 9.75], "texture": "#0"},
				"east": {"uv": [8, 9.5, 8.5, 10.75], "texture": "#0"},
				"south": {"uv": [8.5, 7, 9.75, 8.25], "texture": "#0"},
				"west": {"uv": [2, 10, 2.5, 11.25], "texture": "#0"},
				"up": {"uv": [3.75, 10.5, 2.5, 10], "texture": "#0"},
				"down": {"uv": [11.25, 3.5, 10, 4], "texture": "#0"}
			}
		}
	],
	"display": {
		"thirdperson_righthand": {
			"translation": [0, 0.75, 0],
			"scale": [0, 0, 0]
		},
		"thirdperson_lefthand": {
			"translation": [0, 0.75, 0],
			"scale": [0, 0, 0]
		},
		"firstperson_righthand": {
			"rotation": [90.56, 0.44, 64],
			"translation": [0, -4.5, -1],
			"scale": [1, 1, 1.01]
		},
		"firstperson_lefthand": {
			"translation": [-6.75, 5, 5.5],
			"scale": [1, 1, 0.6]
		},
		"ground": {
			"rotation": [90.59, -3.39, -177.13],
			"translation": [0, -2.25, -1.25],
			"scale": [2, 2, 2]
		},
		"gui": {
			"rotation": [0, -90, 0],
			"translation": [2, -0.25, 0],
			"scale": [0.52, 0.52, 0.52]
		},
		"head": {
			"translation": [0, -1.25, 0],
			"scale": [1.8, 1.8, 1.8]
		}
	}
}