{
	"credit": "Made with Blockbench",
	"texture_size": [64, 64],
	"textures": {
		"0": "weapons/gun_panzerfaust",
		"particle": "weapons/gun_panzerfaust"
	},
	"elements": [
		{
			"from": [7, 7, 2],
			"to": [9, 9, 28],
			"faces": {
				"north": {"uv": [9, 3.5, 10, 4.5], "texture": "#0"},
				"east": {"uv": [0, 0, 13, 1], "texture": "#0"},
				"south": {"uv": [9, 4.5, 10, 5.5], "texture": "#0"},
				"west": {"uv": [0, 1, 13, 2], "texture": "#0"},
				"up": {"uv": [1, 15, 0, 2], "texture": "#0"},
				"down": {"uv": [2, 2, 1, 15], "texture": "#0"}
			}
		},
		{
			"from": [7.25, 9, 5.5],
			"to": [8.75, 11.5, 6],
			"faces": {
				"north": {"uv": [7, 9.5, 7.75, 10.75], "texture": "#0"},
				"east": {"uv": [10, 7, 10.25, 8.25], "texture": "#0"},
				"south": {"uv": [9.5, 8.5, 10.25, 9.75], "texture": "#0"},
				"west": {"uv": [8.5, 10, 8.75, 11.25], "texture": "#0"},
				"up": {"uv": [10.75, 6.25, 10, 6], "texture": "#0"},
				"down": {"uv": [9.75, 10, 9, 10.25], "texture": "#0"}
			}
		},
		{
			"from": [7.25, 9, 6],
			"to": [8.75, 9.5, 9],
			"faces": {
				"north": {"uv": [10, 10, 10.75, 10.25], "texture": "#0"},
				"east": {"uv": [10, 5, 11.5, 5.25], "texture": "#0"},
				"south": {"uv": [10.5, 2, 11.25, 2.25], "texture": "#0"},
				"west": {"uv": [10, 5.5, 11.5, 5.75], "texture": "#0"},
				"up": {"uv": [5.75, 10, 5, 8.5], "texture": "#0"},
				"down": {"uv": [9.25, 8.5, 8.5, 10], "texture": "#0"}
			}
		},
		{
			"from": [7.25, 9, 12],
			"to": [8.75, 9.5, 17],
			"rotation": {"angle": -22.5, "axis": "x", "origin": [8, 9, 12]},
			"faces": {
				"north": {"uv": [2.5, 10.5, 3.25, 10.75], "texture": "#0"},
				"east": {"uv": [10, 4, 12.5, 4.25], "texture": "#0"},
				"south": {"uv": [10.5, 2.5, 11.25, 2.75], "texture": "#0"},
				"west": {"uv": [10, 4.5, 12.5, 4.75], "texture": "#0"},
				"up": {"uv": [8.25, 9.5, 7.5, 7], "texture": "#0"},
				"down": {"uv": [6.75, 8, 6, 10.5], "texture": "#0"}
			}
		},
		{
			"from": [6.5, 6.5, -4],
			"to": [9.5, 9.5, 1],
			"faces": {
				"north": {"uv": [7.5, 4, 9, 5.5], "texture": "#0"},
				"east": {"uv": [2, 2, 4.5, 3.5], "texture": "#0"},
				"south": {"uv": [7.5, 5.5, 9, 7], "texture": "#0"},
				"west": {"uv": [2, 3.5, 4.5, 5], "texture": "#0"},
				"up": {"uv": [6, 4.5, 4.5, 2], "texture": "#0"},
				"down": {"uv": [6, 4.5, 4.5, 7], "texture": "#0"}
			}
		},
		{
			"from": [6.25, 6.25, -3],
			"to": [9.75, 9.75, 0],
			"faces": {
				"north": {"uv": [2, 5, 3.75, 6.75], "texture": "#0"},
				"east": {"uv": [6, 4, 7.5, 5.75], "texture": "#0"},
				"south": {"uv": [6, 2, 7.75, 3.75], "texture": "#0"},
				"west": {"uv": [6, 6, 7.5, 7.75], "texture": "#0"},
				"up": {"uv": [3.75, 8.5, 2, 7], "texture": "#0"},
				"down": {"uv": [5.75, 7, 4, 8.5], "texture": "#0"}
			}
		},
		{
			"from": [6.75, 6.75, 1],
			"to": [9.25, 9.25, 2],
			"faces": {
				"north": {"uv": [8, 2, 9.25, 3.25], "texture": "#0"},
				"east": {"uv": [4, 5, 4.5, 6.25], "texture": "#0"},
				"south": {"uv": [2, 8.5, 3.25, 9.75], "texture": "#0"},
				"west": {"uv": [7, 8, 7.5, 9.25], "texture": "#0"},
				"up": {"uv": [10.25, 7, 9, 6.5], "texture": "#0"},
				"down": {"uv": [10.75, 3, 9.5, 3.5], "texture": "#0"}
			}
		},
		{
			"from": [6.75, 6.75, -5],
			"to": [9.25, 9.25, -4],
			"faces": {
				"north": {"uv": [3.5, 8.5, 4.75, 9.75], "texture": "#0"},
				"east": {"uv": [8, 9.5, 8.5, 10.75], "texture": "#0"},
				"south": {"uv": [8.5, 7, 9.75, 8.25], "texture": "#0"},
				"west": {"uv": [2, 10, 2.5, 11.25], "texture": "#0"},
				"up": {"uv": [3.75, 10.5, 2.5, 10], "texture": "#0"},
				"down": {"uv": [11.25, 3.5, 10, 4], "texture": "#0"}
			}
		},
		{
			"from": [6.9, 6.9, 28],
			"to": [9.1, 9.1, 29],
			"faces": {
				"north": {"uv": [9, 5.5, 10, 6.5], "texture": "#0"},
				"east": {"uv": [4, 10, 4.5, 11], "texture": "#0"},
				"south": {"uv": [9.5, 2, 10.5, 3], "texture": "#0"},
				"west": {"uv": [4.5, 10, 5, 11], "texture": "#0"},
				"up": {"uv": [9, 4, 8, 3.5], "texture": "#0"},
				"down": {"uv": [6, 10, 5, 10.5], "texture": "#0"}
			}
		}
	],
	"display": {
		"thirdperson_righthand": {
			"translation": [0, 0.75, 0],
			"scale": [0.8, 0.8, 0.8]
		},
		"thirdperson_lefthand": {
			"translation": [0, 0.75, 0],
			"scale": [0, 0, 0]
		},
		"firstperson_righthand": {
			"translation": [-7.25, 6, 4.75],
			"scale": [1, 1, 0.62]
		},
		"firstperson_lefthand": {
			"translation": [-6.75, 5, 5.5],
			"scale": [1, 1, 0.6]
		},
		"ground": {
			"translation": [0, -2.25, -1.25],
			"scale": [0.6, 0.6, 0.6]
		},
		"gui": {
			"rotation": [0, -90, 0],
			"translation": [2, -0.25, 0],
			"scale": [0.52, 0.52, 0.52]
		}
	}
}