{
	"credit": "Made by tjwhangLeime",
	"texture_size": [64, 64],
	"textures": {
		"1": "weapons/gun_ptrs"
	},
	"elements": [
		{
			"name": "main",
			"from": [9.754, 1.476, 1.604],
			"to": [10.246, 1.968, 9.968],
			"rotation": {"angle": 0, "axis": "y", "origin": [10, 0, 8]},
			"faces": {
				"north": {"uv": [11.75, 0, 12.25, 0.5], "texture": "#1"},
				"east": {"uv": [0, 0, 8.5, 0.5], "texture": "#1"},
				"south": {"uv": [11.75, 0.5, 12.25, 1], "texture": "#1"},
				"west": {"uv": [0, 0.5, 8.5, 1], "texture": "#1"},
				"up": {"uv": [0.5, 9.5, 0, 1], "texture": "#1"},
				"down": {"uv": [1, 1, 0.5, 9.5], "texture": "#1"}
			}
		},
		{
			"name": "main",
			"from": [9.6925, 1.4145, 7.2497],
			"to": [10.3075, 2.0295, 7.7417],
			"rotation": {"angle": 0, "axis": "y", "origin": [10, 0, 8]},
			"faces": {
				"north": {"uv": [6.5, 11, 7.125, 11.625], "texture": "#1"},
				"east": {"uv": [9.25, 11.5, 9.75, 12.125], "texture": "#1"},
				"south": {"uv": [11, 7, 11.625, 7.625], "texture": "#1"},
				"west": {"uv": [9.75, 11.5, 10.25, 12.125], "texture": "#1"},
				"up": {"uv": [12.125, 11.75, 11.5, 11.25], "texture": "#1"},
				"down": {"uv": [0.625, 11.75, 0, 12.25], "texture": "#1"}
			}
		},
		{
			"name": "main",
			"from": [9.6925, 1.4145, 10.706],
			"to": [10.3075, 2.0295, 13.412],
			"rotation": {"angle": 0, "axis": "y", "origin": [10, 0, 8]},
			"faces": {
				"north": {"uv": [5.25, 10.75, 5.875, 11.375], "texture": "#1"},
				"east": {"uv": [2.5, 2.5, 5.25, 3.125], "texture": "#1"},
				"south": {"uv": [0, 11, 0.625, 11.625], "texture": "#1"},
				"west": {"uv": [2.5, 3.25, 5.25, 3.875], "texture": "#1"},
				"up": {"uv": [3.125, 6.75, 2.5, 4], "texture": "#1"},
				"down": {"uv": [3.875, 4, 3.25, 6.75], "texture": "#1"}
			}
		},
		{
			"name": "main",
			"from": [9.6925, 1.4145, 15.134],
			"to": [10.3075, 2.0295, 17.348],
			"rotation": {"angle": 0, "axis": "y", "origin": [10, 0, 8]},
			"faces": {
				"north": {"uv": [11, 4, 11.625, 4.625], "texture": "#1"},
				"east": {"uv": [5.5, 5.5, 7.75, 6.125], "texture": "#1"},
				"south": {"uv": [11, 4.75, 11.625, 5.375], "texture": "#1"},
				"west": {"uv": [5.5, 6.25, 7.75, 6.875], "texture": "#1"},
				"up": {"uv": [3.125, 9, 2.5, 6.75], "texture": "#1"},
				"down": {"uv": [3.875, 6.75, 3.25, 9], "texture": "#1"}
			}
		},
		{
			"name": "main",
			"from": [9.6925, 1.4145, 13.412],
			"to": [10.3075, 1.722, 15.134],
			"rotation": {"angle": 0, "axis": "y", "origin": [10, 0, 8]},
			"faces": {
				"north": {"uv": [7.75, 11.75, 8.375, 12.125], "texture": "#1"},
				"east": {"uv": [9.25, 0, 11, 0.375], "texture": "#1"},
				"south": {"uv": [11.75, 8.25, 12.375, 8.625], "texture": "#1"},
				"west": {"uv": [9.25, 0.5, 11, 0.875], "texture": "#1"},
				"up": {"uv": [8.375, 6.75, 7.75, 5], "texture": "#1"},
				"down": {"uv": [8.375, 6.75, 7.75, 8.5], "texture": "#1"}
			}
		},
		{
			"name": "main",
			"from": [9.6925, 2.0295, 12.182],
			"to": [10.3075, 2.214, 12.428],
			"rotation": {"angle": 0, "axis": "y", "origin": [10, 0, 8]},
			"faces": {
				"north": {"uv": [12.25, 3.5, 12.875, 3.75], "texture": "#1"},
				"east": {"uv": [12.75, 6.75, 13, 7], "texture": "#1"},
				"south": {"uv": [12.25, 3.75, 12.875, 4], "texture": "#1"},
				"west": {"uv": [7, 12.75, 7.25, 13], "texture": "#1"},
				"up": {"uv": [12.875, 4.25, 12.25, 4], "texture": "#1"},
				"down": {"uv": [12.875, 4.25, 12.25, 4.5], "texture": "#1"}
			}
		},
		{
			"name": "main",
			"from": [9.6925, 2.0295, 11.444],
			"to": [10.3075, 2.2755, 11.69],
			"rotation": {"angle": 0, "axis": "y", "origin": [10, 0, 8]},
			"faces": {
				"north": {"uv": [12.25, 4.5, 12.875, 4.75], "texture": "#1"},
				"east": {"uv": [12.75, 7, 13, 7.25], "texture": "#1"},
				"south": {"uv": [12.25, 4.75, 12.875, 5], "texture": "#1"},
				"west": {"uv": [7.25, 12.75, 7.5, 13], "texture": "#1"},
				"up": {"uv": [12.875, 5.25, 12.25, 5], "texture": "#1"},
				"down": {"uv": [12.875, 5.25, 12.25, 5.5], "texture": "#1"}
			}
		},
		{
			"name": "main",
			"from": [9.78475, 2.1525, 11.69],
			"to": [10.21525, 2.2755, 12.92],
			"rotation": {"angle": 0, "axis": "y", "origin": [10, 0, 8]},
			"faces": {
				"north": {"uv": [12.75, 7.25, 13.25, 7.375], "texture": "#1"},
				"east": {"uv": [12.25, 5.5, 13.5, 5.625], "texture": "#1"},
				"south": {"uv": [12.75, 7.5, 13.25, 7.625], "texture": "#1"},
				"west": {"uv": [12.25, 5.75, 13.5, 5.875], "texture": "#1"},
				"up": {"uv": [7.5, 11, 7, 9.75], "texture": "#1"},
				"down": {"uv": [10.25, 7, 9.75, 8.25], "texture": "#1"}
			}
		},
		{
			"name": "main",
			"from": [9.78475, 2.1525, 12.92],
			"to": [10.21525, 2.3985, 13.043],
			"rotation": {"angle": 0, "axis": "y", "origin": [10, 0, 8]},
			"faces": {
				"north": {"uv": [8.25, 12.5, 8.75, 12.75], "texture": "#1"},
				"east": {"uv": [13, 0.5, 13.125, 0.75], "texture": "#1"},
				"south": {"uv": [12.5, 8.25, 13, 8.5], "texture": "#1"},
				"west": {"uv": [13, 0.75, 13.125, 1], "texture": "#1"},
				"up": {"uv": [13.25, 7.875, 12.75, 7.75], "texture": "#1"},
				"down": {"uv": [13.25, 8, 12.75, 8.125], "texture": "#1"}
			}
		},
		{
			"name": "main",
			"from": [9.877, 0.5535, 15.38],
			"to": [10.123, 1.4145, 15.8105],
			"rotation": {"angle": 0, "axis": "y", "origin": [10, 0, 8]},
			"faces": {
				"north": {"uv": [9, 11.75, 9.25, 12.625], "texture": "#1"},
				"east": {"uv": [10, 10.5, 10.5, 11.375], "texture": "#1"},
				"south": {"uv": [5.25, 12, 5.5, 12.875], "texture": "#1"},
				"west": {"uv": [10.5, 10.25, 11, 11.125], "texture": "#1"},
				"up": {"uv": [8, 4, 7.75, 3.5], "texture": "#1"},
				"down": {"uv": [7.25, 9.25, 7, 9.75], "texture": "#1"}
			}
		},
		{
			"name": "main",
			"from": [9.877, 0.5535, 15.8105],
			"to": [10.123, 0.861, 16.733],
			"rotation": {"angle": 0, "axis": "y", "origin": [10, 0, 8]},
			"faces": {
				"north": {"uv": [11.75, 12.5, 12, 12.875], "texture": "#1"},
				"east": {"uv": [10.75, 1.25, 11.75, 1.625], "texture": "#1"},
				"south": {"uv": [12.5, 11.75, 12.75, 12.125], "texture": "#1"},
				"west": {"uv": [11, 10.25, 12, 10.625], "texture": "#1"},
				"up": {"uv": [12, 7.75, 11.75, 6.75], "texture": "#1"},
				"down": {"uv": [7.75, 11.75, 7.5, 12.75], "texture": "#1"}
			}
		},
		{
			"name": "main",
			"from": [9.9385, 1.03184, 16.06535],
			"to": [10.0615, 1.46234, 16.74185],
			"rotation": {"angle": -45, "axis": "x", "origin": [10, 1.24709, 16.5266]},
			"faces": {
				"north": {"uv": [7.5, 12.75, 7.625, 13.25], "texture": "#1"},
				"east": {"uv": [9.25, 11, 10, 11.5], "texture": "#1"},
				"south": {"uv": [8.25, 12.75, 8.375, 13.25], "texture": "#1"},
				"west": {"uv": [11, 10.75, 11.75, 11.25], "texture": "#1"},
				"up": {"uv": [12.125, 13.25, 12, 12.5], "texture": "#1"},
				"down": {"uv": [12.625, 12.25, 12.5, 13], "texture": "#1"}
			}
		},
		{
			"name": "main",
			"from": [9.87675, 0.67625, 16.60975],
			"to": [10.12325, 1.41475, 17.34825],
			"rotation": {"angle": 0, "axis": "y", "origin": [10, 0, 8]},
			"faces": {
				"north": {"uv": [5.5, 12, 5.75, 12.75], "texture": "#1"},
				"east": {"uv": [10, 1, 10.75, 1.75], "texture": "#1"},
				"south": {"uv": [5.75, 12, 6, 12.75], "texture": "#1"},
				"west": {"uv": [0, 10.25, 0.75, 11], "texture": "#1"},
				"up": {"uv": [6.75, 12.75, 6.5, 12], "texture": "#1"},
				"down": {"uv": [7, 12, 6.75, 12.75], "texture": "#1"}
			}
		},
		{
			"name": "main",
			"from": [9.69275, 1.26834, 17.21992],
			"to": [10.30725, 1.75985, 18.20343],
			"rotation": {"angle": 22.5, "axis": "x", "origin": [10, 1.32959, 17.83467]},
			"faces": {
				"north": {"uv": [4, 11.25, 4.625, 11.75], "texture": "#1"},
				"east": {"uv": [6.75, 5, 7.75, 5.5], "texture": "#1"},
				"south": {"uv": [11.25, 7.75, 11.875, 8.25], "texture": "#1"},
				"west": {"uv": [10.25, 7.75, 11.25, 8.25], "texture": "#1"},
				"up": {"uv": [10.125, 4.5, 9.5, 3.5], "texture": "#1"},
				"down": {"uv": [4.625, 9.5, 4, 10.5], "texture": "#1"}
			}
		},
		{
			"name": "main",
			"from": [9.75425, 1.26834, 18.20392],
			"to": [10.24575, 1.75985, 19.92543],
			"rotation": {"angle": 22.5, "axis": "x", "origin": [10, 1.32959, 17.83467]},
			"faces": {
				"north": {"uv": [11.75, 1.25, 12.25, 1.75], "texture": "#1"},
				"east": {"uv": [8.25, 1, 10, 1.5], "texture": "#1"},
				"south": {"uv": [11.75, 1.75, 12.25, 2.25], "texture": "#1"},
				"west": {"uv": [8.25, 1.5, 10, 2], "texture": "#1"},
				"up": {"uv": [7.75, 9.75, 7.25, 8], "texture": "#1"},
				"down": {"uv": [5.25, 8.25, 4.75, 10], "texture": "#1"}
			}
		},
		{
			"name": "main",
			"from": [9.75437, -0.02554, 19.77339],
			"to": [10.24588, 1.20397, 20.5109],
			"rotation": {"angle": 0, "axis": "y", "origin": [10, 0, 8]},
			"faces": {
				"north": {"uv": [5.25, 9.5, 5.75, 10.75], "texture": "#1"},
				"east": {"uv": [6.5, 8, 7.25, 9.25], "texture": "#1"},
				"south": {"uv": [5.75, 9.5, 6.25, 10.75], "texture": "#1"},
				"west": {"uv": [4, 8.25, 4.75, 9.5], "texture": "#1"},
				"up": {"uv": [8.25, 11.75, 7.75, 11], "texture": "#1"},
				"down": {"uv": [8.75, 11, 8.25, 11.75], "texture": "#1"}
			}
		},
		{
			"name": "main",
			"from": [9.69287, -0.02554, 20.51139],
			"to": [10.30738, 1.20397, 21.0029],
			"rotation": {"angle": 0, "axis": "y", "origin": [10, 0, 8]},
			"faces": {
				"north": {"uv": [7.75, 8.5, 8.375, 9.75], "texture": "#1"},
				"east": {"uv": [9.75, 4.5, 10.25, 5.75], "texture": "#1"},
				"south": {"uv": [8.5, 8.5, 9.125, 9.75], "texture": "#1"},
				"west": {"uv": [9.75, 5.75, 10.25, 7], "texture": "#1"},
				"up": {"uv": [5.875, 12, 5.25, 11.5], "texture": "#1"},
				"down": {"uv": [12.125, 9, 11.5, 9.5], "texture": "#1"}
			}
		},
		{
			"name": "main",
			"from": [9.75486, 0.41638, 18.77065],
			"to": [10.24489, 0.96791, 20.18318],
			"rotation": {"angle": 45, "axis": "x", "origin": [9.99988, 0.6614, 19.47692]},
			"faces": {
				"north": {"uv": [10.5, 11.25, 11, 11.875], "texture": "#1"},
				"east": {"uv": [8, 3.5, 9.5, 4.125], "texture": "#1"},
				"south": {"uv": [11, 11.25, 11.5, 11.875], "texture": "#1"},
				"west": {"uv": [8, 4.25, 9.5, 4.875], "texture": "#1"},
				"up": {"uv": [7, 10.75, 6.5, 9.25], "texture": "#1"},
				"down": {"uv": [9.75, 7.5, 9.25, 9], "texture": "#1"}
			}
		},
		{
			"name": "main",
			"from": [9.87651, -0.11983, 16.81645],
			"to": [10.12349, 0.86515, 17.55543],
			"rotation": {"angle": -22.5, "axis": "x", "origin": [10, 0.24966, 17.18594]},
			"faces": {
				"north": {"uv": [6, 10.75, 6.25, 11.75], "texture": "#1"},
				"east": {"uv": [8.5, 0, 9.25, 1], "texture": "#1"},
				"south": {"uv": [10.25, 11.5, 10.5, 12.5], "texture": "#1"},
				"west": {"uv": [9, 2.5, 9.75, 3.5], "texture": "#1"},
				"up": {"uv": [12.25, 7.5, 12, 6.75], "texture": "#1"},
				"down": {"uv": [7.25, 12, 7, 12.75], "texture": "#1"}
			}
		},
		{
			"name": "main",
			"from": [10.1845, 1.1685, 11.075],
			"to": [10.3075, 1.4145, 11.567],
			"rotation": {"angle": 0, "axis": "y", "origin": [10, 0, 8]},
			"faces": {
				"north": {"uv": [12.75, 10.75, 12.875, 11], "texture": "#1"},
				"east": {"uv": [6.5, 10.75, 7, 11], "texture": "#1"},
				"south": {"uv": [12.75, 11, 12.875, 11.25], "texture": "#1"},
				"west": {"uv": [12.5, 1.75, 13, 2], "texture": "#1"},
				"up": {"uv": [2.125, 13.25, 2, 12.75], "texture": "#1"},
				"down": {"uv": [2.375, 12.75, 2.25, 13.25], "texture": "#1"}
			}
		},
		{
			"name": "main",
			"from": [9.6925, 1.1685, 11.075],
			"to": [9.8155, 1.4145, 11.567],
			"rotation": {"angle": 0, "axis": "y", "origin": [10, 0, 8]},
			"faces": {
				"north": {"uv": [11.25, 12.75, 11.375, 13], "texture": "#1"},
				"east": {"uv": [2, 12.5, 2.5, 12.75], "texture": "#1"},
				"south": {"uv": [12.75, 11.25, 12.875, 11.5], "texture": "#1"},
				"west": {"uv": [2.5, 12.5, 3, 12.75], "texture": "#1"},
				"up": {"uv": [2.625, 13.25, 2.5, 12.75], "texture": "#1"},
				"down": {"uv": [2.875, 12.75, 2.75, 13.25], "texture": "#1"}
			}
		},
		{
			"name": "main",
			"from": [9.877, 0.7995, 11.936],
			"to": [10.123, 1.4145, 12.92],
			"rotation": {"angle": 0, "axis": "y", "origin": [10, 0, 8]},
			"faces": {
				"north": {"uv": [12.25, 0.25, 12.5, 0.875], "texture": "#1"},
				"east": {"uv": [9.25, 9, 10.25, 9.625], "texture": "#1"},
				"south": {"uv": [12.25, 1.25, 12.5, 1.875], "texture": "#1"},
				"west": {"uv": [0, 9.5, 1, 10.125], "texture": "#1"},
				"up": {"uv": [5.5, 9.25, 5.25, 8.25], "texture": "#1"},
				"down": {"uv": [9.25, 7.5, 9, 8.5], "texture": "#1"}
			}
		},
		{
			"name": "main",
			"from": [9.754, 0.7995, 12.92],
			"to": [10.246, 1.4145, 15.38],
			"rotation": {"angle": 0, "axis": "y", "origin": [10, 0, 8]},
			"faces": {
				"north": {"uv": [11.25, 1.75, 11.75, 2.375], "texture": "#1"},
				"east": {"uv": [5.25, 2.5, 7.75, 3.125], "texture": "#1"},
				"south": {"uv": [11.25, 2.5, 11.75, 3.125], "texture": "#1"},
				"west": {"uv": [5.25, 3.25, 7.75, 3.875], "texture": "#1"},
				"up": {"uv": [6, 9.5, 5.5, 7], "texture": "#1"},
				"down": {"uv": [6.5, 7, 6, 9.5], "texture": "#1"}
			}
		},
		{
			"name": "main",
			"from": [9.631, 1.353, 9.968],
			"to": [10.369, 2.091, 10.706],
			"rotation": {"angle": 0, "axis": "y", "origin": [10, 0, 8]},
			"faces": {
				"north": {"uv": [9.75, 2.5, 10.5, 3.25], "texture": "#1"},
				"east": {"uv": [7.5, 9.75, 8.25, 10.5], "texture": "#1"},
				"south": {"uv": [8.25, 9.75, 9, 10.5], "texture": "#1"},
				"west": {"uv": [9.75, 8.25, 10.5, 9], "texture": "#1"},
				"up": {"uv": [9.75, 10.5, 9, 9.75], "texture": "#1"},
				"down": {"uv": [10.5, 9.75, 9.75, 10.5], "texture": "#1"}
			}
		},
		{
			"name": "main",
			"from": [9.754, 2.091, 9.968],
			"to": [10.246, 2.337, 10.706],
			"rotation": {"angle": 0, "axis": "y", "origin": [10, 0, 8]},
			"faces": {
				"north": {"uv": [9.75, 3.25, 10.25, 3.5], "texture": "#1"},
				"east": {"uv": [11, 0.75, 11.75, 1], "texture": "#1"},
				"south": {"uv": [10, 1.75, 10.5, 2], "texture": "#1"},
				"west": {"uv": [11.75, 9.75, 12.5, 10], "texture": "#1"},
				"up": {"uv": [4, 11.75, 3.5, 11], "texture": "#1"},
				"down": {"uv": [7.75, 11, 7.25, 11.75], "texture": "#1"}
			}
		},
		{
			"name": "main",
			"from": [9.877, 2.0295, 1.604],
			"to": [10.123, 2.2755, 9.968],
			"rotation": {"angle": 0, "axis": "y", "origin": [10, 0, 8]},
			"faces": {
				"north": {"uv": [5.25, 9.25, 5.5, 9.5], "texture": "#1"},
				"east": {"uv": [2, 2, 10.5, 2.25], "texture": "#1"},
				"south": {"uv": [3, 12.75, 3.25, 13], "texture": "#1"},
				"west": {"uv": [2, 2.25, 10.5, 2.5], "texture": "#1"},
				"up": {"uv": [2.25, 11, 2, 2.5], "texture": "#1"},
				"down": {"uv": [2.5, 2.5, 2.25, 11], "texture": "#1"}
			}
		},
		{
			"name": "main",
			"from": [9.631, 1.353, 0.866],
			"to": [10.369, 2.091, 1.604],
			"rotation": {"angle": 0, "axis": "y", "origin": [10, 0, 8]},
			"faces": {
				"north": {"uv": [2.5, 10.25, 3.25, 11], "texture": "#1"},
				"east": {"uv": [3.25, 10.25, 4, 11], "texture": "#1"},
				"south": {"uv": [10.25, 3.25, 11, 4], "texture": "#1"},
				"west": {"uv": [10.25, 4, 11, 4.75], "texture": "#1"},
				"up": {"uv": [11, 5.5, 10.25, 4.75], "texture": "#1"},
				"down": {"uv": [11, 5.5, 10.25, 6.25], "texture": "#1"}
			}
		},
		{
			"name": "main",
			"from": [9.754, 2.091, 0.866],
			"to": [10.246, 2.337, 1.604],
			"rotation": {"angle": 0, "axis": "y", "origin": [10, 0, 8]},
			"faces": {
				"north": {"uv": [3, 12.5, 3.5, 12.75], "texture": "#1"},
				"east": {"uv": [11.75, 10, 12.5, 10.25], "texture": "#1"},
				"south": {"uv": [3.5, 12.5, 4, 12.75], "texture": "#1"},
				"west": {"uv": [11.75, 10.75, 12.5, 11], "texture": "#1"},
				"up": {"uv": [9.25, 11.75, 8.75, 11], "texture": "#1"},
				"down": {"uv": [11.5, 9, 11, 9.75], "texture": "#1"}
			}
		},
		{
			"name": "main",
			"from": [9.8155, 1.5375, -5.038],
			"to": [10.1845, 1.9065, 0.866],
			"rotation": {"angle": 0, "axis": "y", "origin": [10, 0, 8]},
			"faces": {
				"north": {"uv": [12.25, 9, 12.625, 9.375], "texture": "#1"},
				"east": {"uv": [1, 1, 7, 1.375], "texture": "#1"},
				"south": {"uv": [12.5, 0.25, 12.875, 0.625], "texture": "#1"},
				"west": {"uv": [1, 1.5, 7, 1.875], "texture": "#1"},
				"up": {"uv": [1.375, 8, 1, 2], "texture": "#1"},
				"down": {"uv": [1.875, 2, 1.5, 8], "texture": "#1"}
			}
		},
		{
			"name": "main",
			"from": [9.754, 1.476, -5.53],
			"to": [10.246, 1.968, -5.038],
			"rotation": {"angle": 0, "axis": "y", "origin": [10, 0, 8]},
			"faces": {
				"north": {"uv": [2, 11.75, 2.5, 12.25], "texture": "#1"},
				"east": {"uv": [11.75, 2.25, 12.25, 2.75], "texture": "#1"},
				"south": {"uv": [2.5, 11.75, 3, 12.25], "texture": "#1"},
				"west": {"uv": [11.75, 2.75, 12.25, 3.25], "texture": "#1"},
				"up": {"uv": [3.5, 12.25, 3, 11.75], "texture": "#1"},
				"down": {"uv": [12.25, 3.25, 11.75, 3.75], "texture": "#1"}
			}
		},
		{
			"name": "main",
			"from": [9.8155, 1.5375, -6.022],
			"to": [10.1845, 1.9065, -5.53],
			"rotation": {"angle": 0, "axis": "y", "origin": [10, 0, 8]},
			"faces": {
				"north": {"uv": [12.5, 0.75, 12.875, 1.125], "texture": "#1"},
				"east": {"uv": [12, 7.5, 12.5, 7.875], "texture": "#1"},
				"south": {"uv": [12.5, 1.25, 12.875, 1.625], "texture": "#1"},
				"west": {"uv": [12, 10.25, 12.5, 10.625], "texture": "#1"},
				"up": {"uv": [10.875, 12.5, 10.5, 12], "texture": "#1"},
				"down": {"uv": [11.375, 12, 11, 12.5], "texture": "#1"}
			}
		},
		{
			"name": "main",
			"from": [9.6925, 1.4145, -6.268],
			"to": [10.3075, 2.0295, -6.022],
			"rotation": {"angle": 0, "axis": "y", "origin": [10, 0, 8]},
			"faces": {
				"north": {"uv": [11, 5.5, 11.625, 6.125], "texture": "#1"},
				"east": {"uv": [12.25, 6, 12.5, 6.625], "texture": "#1"},
				"south": {"uv": [11, 6.25, 11.625, 6.875], "texture": "#1"},
				"west": {"uv": [12.25, 6.75, 12.5, 7.375], "texture": "#1"},
				"up": {"uv": [8.375, 12.5, 7.75, 12.25], "texture": "#1"},
				"down": {"uv": [12.875, 8.75, 12.25, 9], "texture": "#1"}
			}
		},
		{
			"name": "main",
			"from": [9.385, 1.23, -6.391],
			"to": [10.615, 2.214, -6.268],
			"rotation": {"angle": 0, "axis": "y", "origin": [10, 0, 8]},
			"faces": {
				"north": {"uv": [6.75, 4, 8, 5], "texture": "#1"},
				"east": {"uv": [12.5, 6, 12.625, 7], "texture": "#1"},
				"south": {"uv": [7, 1, 8.25, 2], "texture": "#1"},
				"west": {"uv": [12.5, 7, 12.625, 8], "texture": "#1"},
				"up": {"uv": [3.25, 12.375, 2, 12.25], "texture": "#1"},
				"down": {"uv": [13.5, 2, 12.25, 2.125], "texture": "#1"}
			}
		},
		{
			"name": "main",
			"from": [9.385, 1.23, -6.883],
			"to": [10.615, 2.214, -6.76],
			"rotation": {"angle": 0, "axis": "y", "origin": [10, 0, 8]},
			"faces": {
				"north": {"uv": [6.5, 7, 7.75, 8], "texture": "#1"},
				"east": {"uv": [7.75, 12.5, 7.875, 13.5], "texture": "#1"},
				"south": {"uv": [7.75, 2.5, 9, 3.5], "texture": "#1"},
				"west": {"uv": [8, 12.5, 8.125, 13.5], "texture": "#1"},
				"up": {"uv": [13.5, 2.375, 12.25, 2.25], "texture": "#1"},
				"down": {"uv": [13.5, 2.5, 12.25, 2.625], "texture": "#1"}
			}
		},
		{
			"name": "main",
			"from": [9.631, 1.353, -7.129],
			"to": [10.369, 2.091, -6.883],
			"rotation": {"angle": 0, "axis": "y", "origin": [10, 0, 8]},
			"faces": {
				"north": {"uv": [10.25, 6.25, 11, 7], "texture": "#1"},
				"east": {"uv": [7.25, 12, 7.5, 12.75], "texture": "#1"},
				"south": {"uv": [10.25, 7, 11, 7.75], "texture": "#1"},
				"west": {"uv": [12, 11.75, 12.25, 12.5], "texture": "#1"},
				"up": {"uv": [12.5, 11.25, 11.75, 11], "texture": "#1"},
				"down": {"uv": [12.75, 8, 12, 8.25], "texture": "#1"}
			}
		},
		{
			"name": "main",
			"from": [9.877, 1.599, -7.375],
			"to": [10.123, 1.845, -7.129],
			"rotation": {"angle": 0, "axis": "y", "origin": [10, 0, 8]},
			"faces": {
				"north": {"uv": [3.25, 12.75, 3.5, 13], "texture": "#1"},
				"east": {"uv": [3.5, 12.75, 3.75, 13], "texture": "#1"},
				"south": {"uv": [3.75, 12.75, 4, 13], "texture": "#1"},
				"west": {"uv": [4.5, 12.75, 4.75, 13], "texture": "#1"},
				"up": {"uv": [5.75, 13, 5.5, 12.75], "texture": "#1"},
				"down": {"uv": [6, 12.75, 5.75, 13], "texture": "#1"}
			}
		},
		{
			"name": "main",
			"from": [9.385, 2.091, -6.76],
			"to": [10.615, 2.214, -6.391],
			"rotation": {"angle": 0, "axis": "y", "origin": [10, 0, 8]},
			"faces": {
				"north": {"uv": [12.25, 2.75, 13.5, 2.875], "texture": "#1"},
				"east": {"uv": [12.75, 9, 13.125, 9.125], "texture": "#1"},
				"south": {"uv": [12.25, 3, 13.5, 3.125], "texture": "#1"},
				"west": {"uv": [12.75, 9.25, 13.125, 9.375], "texture": "#1"},
				"up": {"uv": [8.75, 10.875, 7.5, 10.5], "texture": "#1"},
				"down": {"uv": [11.75, 8.25, 10.5, 8.625], "texture": "#1"}
			}
		},
		{
			"name": "main",
			"from": [9.385, 1.23, -6.76],
			"to": [10.615, 1.353, -6.391],
			"rotation": {"angle": 0, "axis": "y", "origin": [10, 0, 8]},
			"faces": {
				"north": {"uv": [3.25, 12.25, 4.5, 12.375], "texture": "#1"},
				"east": {"uv": [10.25, 12.75, 10.625, 12.875], "texture": "#1"},
				"south": {"uv": [12.25, 3.25, 13.5, 3.375], "texture": "#1"},
				"west": {"uv": [10.75, 12.75, 11.125, 12.875], "texture": "#1"},
				"up": {"uv": [10, 10.875, 8.75, 10.5], "texture": "#1"},
				"down": {"uv": [11.75, 9.75, 10.5, 10.125], "texture": "#1"}
			}
		},
		{
			"name": "main",
			"from": [9.877, 1.968, -5.53],
			"to": [10.123, 2.46, -5.038],
			"rotation": {"angle": 0, "axis": "y", "origin": [10, 0, 8]},
			"faces": {
				"north": {"uv": [9.5, 4.5, 9.75, 5], "texture": "#1"},
				"east": {"uv": [3.5, 11.75, 4, 12.25], "texture": "#1"},
				"south": {"uv": [0.5, 12.5, 0.75, 13], "texture": "#1"},
				"west": {"uv": [11.75, 3.75, 12.25, 4.25], "texture": "#1"},
				"up": {"uv": [4.25, 13, 4, 12.5], "texture": "#1"},
				"down": {"uv": [4.5, 12.5, 4.25, 13], "texture": "#1"}
			}
		},
		{
			"name": "main",
			"from": [9.754, 2.46, -5.53],
			"to": [10.246, 2.952, -5.038],
			"rotation": {"angle": 0, "axis": "y", "origin": [10, 0, 8]},
			"faces": {
				"north": {"uv": [4, 11.75, 4.5, 12.25], "texture": "#1"},
				"east": {"uv": [11.75, 4.25, 12.25, 4.75], "texture": "#1"},
				"south": {"uv": [11.75, 4.75, 12.25, 5.25], "texture": "#1"},
				"west": {"uv": [11.75, 5.25, 12.25, 5.75], "texture": "#1"},
				"up": {"uv": [12.25, 6.25, 11.75, 5.75], "texture": "#1"},
				"down": {"uv": [12.25, 6.25, 11.75, 6.75], "texture": "#1"}
			}
		},
		{
			"name": "muzzleflash",
			"from": [9.99754, 1.7466, -7.4119],
			"to": [9.99754, 1.7466, -7.4119],
			"rotation": {"angle": 0, "axis": "y", "origin": [10, 0, 8]},
			"faces": {
				"north": {"uv": [7.25, 5, 7.5625, 5.3125], "texture": "#1"},
				"east": {"uv": [6.75, 7, 7.125, 7.3125], "texture": "#1"},
				"south": {"uv": [7.25, 5.5, 7.5625, 5.8125], "texture": "#1"},
				"west": {"uv": [7.25, 0, 7.625, 0.3125], "texture": "#1"},
				"up": {"uv": [7.5625, 2.625, 7.25, 2.25], "texture": "#1"},
				"down": {"uv": [3.3125, 7.25, 3, 7.625], "texture": "#1"}
			}
		},
		{
			"name": "bone",
			"from": [9.754, 1.353, 7.1882],
			"to": [9.877, 1.599, 7.8032],
			"rotation": {"angle": 0, "axis": "x", "origin": [9.8155, 1.476, 7.4957]},
			"faces": {
				"north": {"uv": [13.125, 1.25, 13, 1.5], "rotation": 180, "texture": "#1"},
				"east": {"uv": [9.25, 12.25, 9.5, 12.875], "rotation": 270, "texture": "#1"},
				"south": {"uv": [13.125, 1.25, 13, 1], "texture": "#1"},
				"west": {"uv": [9.5, 12.25, 9.75, 12.875], "rotation": 90, "texture": "#1"},
				"up": {"uv": [1, 12.75, 1.125, 13.375], "rotation": 180, "texture": "#1"},
				"down": {"uv": [1.25, 12.75, 1.375, 13.375], "texture": "#1"}
			}
		},
		{
			"name": "bone",
			"from": [9.65259, 1.06419, 6.92511],
			"to": [9.89859, 1.43319, 7.54011],
			"rotation": {"angle": 0, "axis": "x", "origin": [9.78641, 1.24869, 7.4957]},
			"faces": {
				"north": {"uv": [12.75, 10.75, 12.5, 11.125], "rotation": 180, "texture": "#1"},
				"east": {"uv": [8.5, 11.75, 8.875, 12.375], "rotation": 270, "texture": "#1"},
				"south": {"uv": [9, 12.875, 8.75, 12.5], "texture": "#1"},
				"west": {"uv": [11.5, 11.75, 11.875, 12.375], "rotation": 90, "texture": "#1"},
				"up": {"uv": [9.75, 12.25, 10, 12.875], "rotation": 180, "texture": "#1"},
				"down": {"uv": [10, 12.25, 10.25, 12.875], "texture": "#1"}
			}
		},
		{
			"name": "bone",
			"from": [9.71409, 1.12569, 3.23511],
			"to": [9.83709, 1.37169, 7.04811],
			"rotation": {"angle": 0, "axis": "x", "origin": [9.78641, 1.24869, 7.4957]},
			"faces": {
				"north": {"uv": [13.125, 1.75, 13, 2], "rotation": 180, "texture": "#1"},
				"east": {"uv": [1, 8, 1.25, 11.875], "rotation": 270, "texture": "#1"},
				"south": {"uv": [13.125, 1.75, 13, 1.5], "texture": "#1"},
				"west": {"uv": [1.25, 8, 1.5, 11.875], "rotation": 90, "texture": "#1"},
				"up": {"uv": [6.25, 9.5, 6.375, 13.375], "rotation": 180, "texture": "#1"},
				"down": {"uv": [4.75, 10, 4.875, 13.875], "texture": "#1"}
			}
		},
		{
			"name": "bone",
			"from": [9.46809, 0.63369, 3.23511],
			"to": [10.08309, 1.86369, 3.23511],
			"rotation": {"angle": 0, "axis": "x", "origin": [9.78641, 1.24869, 7.4957]},
			"faces": {
				"north": {"uv": [3.875, 9, 3.25, 10.25], "rotation": 180, "texture": "#1"},
				"east": {"uv": [0, 0, 1.25, 0], "rotation": 270, "texture": "#1"},
				"south": {"uv": [3.125, 10.25, 2.5, 9], "texture": "#1"},
				"west": {"uv": [0, 0, 1.25, 0], "rotation": 90, "texture": "#1"},
				"up": {"uv": [0, 0, 0.625, 0], "rotation": 180, "texture": "#1"},
				"down": {"uv": [0, 0, 0.625, 0], "texture": "#1"}
			}
		},
		{
			"name": "bone2",
			"from": [10.123, 1.353, 7.1882],
			"to": [10.246, 1.599, 7.8032],
			"rotation": {"angle": 0, "axis": "x", "origin": [10.1845, 1.476, 7.4957]},
			"faces": {
				"north": {"uv": [3.375, 13, 3.25, 13.25], "rotation": 180, "texture": "#1"},
				"east": {"uv": [12.25, 11.25, 12.5, 11.875], "rotation": 270, "texture": "#1"},
				"south": {"uv": [3.125, 13.25, 3, 13], "texture": "#1"},
				"west": {"uv": [12.25, 12, 12.5, 12.625], "rotation": 90, "texture": "#1"},
				"up": {"uv": [1.5, 12.75, 1.625, 13.375], "rotation": 180, "texture": "#1"},
				"down": {"uv": [1.75, 12.75, 1.875, 13.375], "texture": "#1"}
			}
		},
		{
			"name": "bone2",
			"from": [10.10141, 1.06419, 6.92511],
			"to": [10.34741, 1.43319, 7.54011],
			"rotation": {"angle": 0, "axis": "x", "origin": [10.21359, 1.24869, 7.4957]},
			"faces": {
				"north": {"uv": [11.75, 12.5, 11.5, 12.875], "rotation": 180, "texture": "#1"},
				"east": {"uv": [1, 12, 1.375, 12.625], "rotation": 270, "texture": "#1"},
				"south": {"uv": [12.75, 11.625, 12.5, 11.25], "texture": "#1"},
				"west": {"uv": [1.5, 12, 1.875, 12.625], "rotation": 90, "texture": "#1"},
				"up": {"uv": [0, 12.5, 0.25, 13.125], "rotation": 180, "texture": "#1"},
				"down": {"uv": [0.25, 12.5, 0.5, 13.125], "texture": "#1"}
			}
		},
		{
			"name": "bone2",
			"from": [10.16291, 1.12569, 3.23511],
			"to": [10.28591, 1.37169, 7.04811],
			"rotation": {"angle": 0, "axis": "x", "origin": [10.21359, 1.24869, 7.4957]},
			"faces": {
				"north": {"uv": [13.125, 3.5, 13, 3.75], "rotation": 180, "texture": "#1"},
				"east": {"uv": [1.5, 8, 1.75, 11.875], "rotation": 270, "texture": "#1"},
				"south": {"uv": [3.625, 13.25, 3.5, 13], "texture": "#1"},
				"west": {"uv": [1.75, 8, 2, 11.875], "rotation": 90, "texture": "#1"},
				"up": {"uv": [5, 10, 5.125, 13.875], "rotation": 180, "texture": "#1"},
				"down": {"uv": [0.75, 10.25, 0.875, 14.125], "texture": "#1"}
			}
		},
		{
			"name": "bone2",
			"from": [9.91691, 0.63369, 3.23511],
			"to": [10.53191, 1.86369, 3.23511],
			"rotation": {"angle": 0, "axis": "x", "origin": [10.21359, 1.24869, 7.4957]},
			"faces": {
				"north": {"uv": [9.625, 6.25, 9, 7.5], "rotation": 180, "texture": "#1"},
				"east": {"uv": [0, 0, 1.25, 0], "rotation": 270, "texture": "#1"},
				"south": {"uv": [9.625, 6.25, 9, 5], "texture": "#1"},
				"west": {"uv": [0, 0, 1.25, 0], "rotation": 90, "texture": "#1"},
				"up": {"uv": [0, 0, 0.625, 0], "rotation": 180, "texture": "#1"},
				"down": {"uv": [0, 0, 0.625, 0], "texture": "#1"}
			}
		},
		{
			"name": "handle_wobble",
			"from": [9.016, 2.3739, 10.583],
			"to": [9.262, 2.6199, 11.567],
			"rotation": {"angle": -45, "axis": "z", "origin": [9.508, 2.214, 10.337]},
			"faces": {
				"north": {"uv": [12.75, 6.25, 13, 6.5], "texture": "#1"},
				"east": {"uv": [11.5, 9.5, 12.5, 9.75], "texture": "#1"},
				"south": {"uv": [6.5, 12.75, 6.75, 13], "texture": "#1"},
				"west": {"uv": [6.5, 11.75, 7.5, 12], "texture": "#1"},
				"up": {"uv": [4.75, 12.75, 4.5, 11.75], "texture": "#1"},
				"down": {"uv": [6.25, 11.75, 6, 12.75], "texture": "#1"}
			}
		},
		{
			"name": "handle_wobble",
			"from": [9.016, 2.46, 10.214],
			"to": [9.754, 2.5215, 10.46],
			"rotation": {"angle": -45, "axis": "z", "origin": [9.508, 2.214, 10.337]},
			"faces": {
				"north": {"uv": [12.5, 10.5, 13.25, 10.625], "texture": "#1"},
				"east": {"uv": [12.75, 11.5, 13, 11.625], "texture": "#1"},
				"south": {"uv": [10.75, 12.5, 11.5, 12.625], "texture": "#1"},
				"west": {"uv": [12.75, 11.75, 13, 11.875], "texture": "#1"},
				"up": {"uv": [0.75, 12.5, 0, 12.25], "texture": "#1"},
				"down": {"uv": [13, 0, 12.25, 0.25], "texture": "#1"}
			}
		},
		{
			"name": "handle_wobble",
			"from": [9.016, 2.3739, 10.46],
			"to": [9.262, 2.6199, 10.583],
			"rotation": {"angle": -45, "axis": "z", "origin": [9.508, 2.214, 10.337]},
			"faces": {
				"north": {"uv": [6, 12.75, 6.25, 13], "texture": "#1"},
				"east": {"uv": [12.75, 12, 12.875, 12.25], "texture": "#1"},
				"south": {"uv": [12.75, 6, 13, 6.25], "texture": "#1"},
				"west": {"uv": [12.25, 12.75, 12.375, 13], "texture": "#1"},
				"up": {"uv": [13, 12.375, 12.75, 12.25], "texture": "#1"},
				"down": {"uv": [13, 12.5, 12.75, 12.625], "texture": "#1"}
			}
		},
		{
			"name": "handle_wobble",
			"from": [9.016, 2.3739, 11.567],
			"to": [9.262, 2.6199, 11.69],
			"rotation": {"angle": -45, "axis": "z", "origin": [9.508, 2.214, 10.337]},
			"faces": {
				"north": {"uv": [12.75, 6.5, 13, 6.75], "texture": "#1"},
				"east": {"uv": [12.75, 12.75, 12.875, 13], "texture": "#1"},
				"south": {"uv": [6.75, 12.75, 7, 13], "texture": "#1"},
				"west": {"uv": [13, 0, 13.125, 0.25], "texture": "#1"},
				"up": {"uv": [13.25, 0.375, 13, 0.25], "texture": "#1"},
				"down": {"uv": [0.75, 13, 0.5, 13.125], "texture": "#1"}
			}
		},
		{
			"name": "slide",
			"from": [10.246, 1.845, 13.412],
			"to": [10.492, 1.968, 13.535],
			"rotation": {"angle": 0, "axis": "y", "origin": [10, 0, 8]},
			"faces": {
				"north": {"uv": [3.75, 13, 4, 13.125], "texture": "#1"},
				"east": {"uv": [4.25, 13, 4.375, 13.125], "texture": "#1"},
				"south": {"uv": [13, 3.75, 13.25, 3.875], "texture": "#1"},
				"west": {"uv": [13, 4.25, 13.125, 4.375], "texture": "#1"},
				"up": {"uv": [4.25, 13.125, 4, 13], "texture": "#1"},
				"down": {"uv": [13.25, 4, 13, 4.125], "texture": "#1"}
			}
		},
		{
			"name": "slide",
			"from": [10.492, 1.7958, 13.3628],
			"to": [10.984, 2.0172, 13.5842],
			"rotation": {"angle": 0, "axis": "y", "origin": [10, 0, 8]},
			"faces": {
				"north": {"uv": [12.5, 9.75, 13, 10], "texture": "#1"},
				"east": {"uv": [8.5, 12.75, 8.75, 13], "texture": "#1"},
				"south": {"uv": [12.5, 10, 13, 10.25], "texture": "#1"},
				"west": {"uv": [9, 12.75, 9.25, 13], "texture": "#1"},
				"up": {"uv": [10.75, 12.75, 10.25, 12.5], "texture": "#1"},
				"down": {"uv": [13, 10.25, 12.5, 10.5], "texture": "#1"}
			}
		},
		{
			"name": "slide",
			"from": [9.754, 1.722, 13.412],
			"to": [10.246, 1.968, 15.134],
			"rotation": {"angle": 0, "axis": "y", "origin": [10, 0, 8]},
			"faces": {
				"north": {"uv": [12.5, 8.5, 13, 8.75], "texture": "#1"},
				"east": {"uv": [10.5, 8.75, 12.25, 9], "texture": "#1"},
				"south": {"uv": [12.5, 9.5, 13, 9.75], "texture": "#1"},
				"west": {"uv": [10.75, 1, 12.5, 1.25], "texture": "#1"},
				"up": {"uv": [9, 6.75, 8.5, 5], "texture": "#1"},
				"down": {"uv": [9, 6.75, 8.5, 8.5], "texture": "#1"}
			}
		},
		{
			"name": "underfeed",
			"from": [9.6925, 0.1845, 12.92],
			"to": [10.3075, 0.7995, 15.626],
			"rotation": {"angle": 0, "axis": "y", "origin": [10, 0, 8]},
			"faces": {
				"north": {"uv": [11, 0, 11.625, 0.625], "texture": "#1"},
				"east": {"uv": [4, 4, 6.75, 4.625], "texture": "#1"},
				"south": {"uv": [2, 11, 2.625, 11.625], "texture": "#1"},
				"west": {"uv": [4, 4.75, 6.75, 5.375], "texture": "#1"},
				"up": {"uv": [4.625, 8.25, 4, 5.5], "texture": "#1"},
				"down": {"uv": [5.375, 5.5, 4.75, 8.25], "texture": "#1"}
			}
		},
		{
			"name": "underfeed",
			"from": [9.69275, 0.33551, 12.69399],
			"to": [10.30725, 0.95002, 13.4315],
			"rotation": {"angle": 45, "axis": "x", "origin": [10, 0.64277, 13.06275]},
			"faces": {
				"north": {"uv": [2.75, 11, 3.375, 11.625], "texture": "#1"},
				"east": {"uv": [10.25, 9, 11, 9.625], "texture": "#1"},
				"south": {"uv": [11, 3.25, 11.625, 3.875], "texture": "#1"},
				"west": {"uv": [10.5, 1.75, 11.25, 2.375], "texture": "#1"},
				"up": {"uv": [11.125, 3.25, 10.5, 2.5], "texture": "#1"},
				"down": {"uv": [4.625, 10.5, 4, 11.25], "texture": "#1"}
			}
		},
		{
			"name": "eject",
			"from": [10.24354, 1.968, 13.7072],
			"to": [10.24354, 1.968, 13.7072],
			"rotation": {"angle": 0, "axis": "y", "origin": [10, 0, 8]},
			"faces": {
				"north": {"uv": [7.25, 5, 7.5625, 5.3125], "texture": "#1"},
				"east": {"uv": [6.75, 7, 7.125, 7.3125], "texture": "#1"},
				"south": {"uv": [7.25, 5.5, 7.5625, 5.8125], "texture": "#1"},
				"west": {"uv": [7.25, 0, 7.625, 0.3125], "texture": "#1"},
				"up": {"uv": [7.5625, 2.625, 7.25, 2.25], "texture": "#1"},
				"down": {"uv": [3.3125, 7.25, 3, 7.625], "texture": "#1"}
			}
		}
	],
	"display": {
		"thirdperson_righthand": {
			"rotation": [68.9, 6.07, 16.01],
			"translation": [-5.75, 4.25, 5],
			"scale": [1.5, 1.5, 1.5]
		},
		"firstperson_righthand": {
			"translation": [-13, 19, -0.75],
			"scale": [2, 2, 1.2]
		}
	}
}