{
	"format_version": "1.12.0",
	"minecraft:geometry": [
		{
			"description": {
				"identifier": "geometry.unknown",
				"texture_width": 32,
				"texture_height": 32,
				"visible_bounds_width": 3,
				"visible_bounds_height": 1.5,
				"visible_bounds_offset": [0, 0.25, 0]
			},
			"bones": [
				{
					"name": "bone4",
					"pivot": [0, -8.49109, -5.00302]
				},
				{
					"name": "bone2",
					"parent": "bone4",
					"pivot": [1.32002, -1.27952, 8.00233],
					"cubes": [
						{
							"origin": [0.75043, -1.28736, 8.00233],
							"size": [0.42003, 1.43083, 1.12253],
							"pivot": [1.17046, 0.14347, 9.12486],
							"rotation": [0, 0, -6],
							"uv": {
								"north": {"uv": [20, 16], "uv_size": [0.5, 1.5]},
								"west": {"uv": [15, 8], "uv_size": [1, 1.5]}
							}
						},
						{
							"origin": [0.75043, -0.50402, 8.90351],
							"size": [0.42003, 0.64749, 0.22135],
							"pivot": [1.17046, 0.14347, 9.12486],
							"rotation": [17.77132, 0, -6],
							"uv": {
								"south": {"uv": [0, 24], "uv_size": [0.5, 0.5]},
								"west": {"uv": [24, 0], "uv_size": [0.5, 0.5]}
							}
						},
						{
							"origin": [-1.20209, -0.50402, 8.90351],
							"size": [0.42004, 0.64749, 0.22135],
							"pivot": [-1.20209, 0.14347, 9.12486],
							"rotation": [17.77132, 0, 6],
							"uv": {
								"east": {"uv": [1, 24], "uv_size": [0.5, 0.5]},
								"south": {"uv": [24, 1], "uv_size": [0.5, 0.5]}
							}
						},
						{
							"origin": [-0.38907, 0.10897, 8.00233],
							"size": [0.74652, 1.00341, 0.86166],
							"pivot": [0.35745, 1.11238, 8.86399],
							"rotation": [15.069, 0, 0],
							"uv": {
								"south": {"uv": [4, 23], "uv_size": [0.5, 1]}
							}
						},
						{
							"origin": [-0.38907, -0.17906, 8.00233],
							"size": [0.74652, 1.29144, 0.86166],
							"pivot": [0.35745, 1.11238, 8.86399],
							"rotation": [11.81542, 9.41988, -38.03907],
							"uv": {
								"south": {"uv": [18, 20], "uv_size": [0.5, 1.5]}
							}
						},
						{
							"origin": [-1.20209, 0.14347, 8.86399],
							"size": [0.74653, 0.05161, 0.25022],
							"pivot": [-1.20209, 0.14347, 8.86399],
							"rotation": [0, 0, 40],
							"uv": {
								"east": {"uv": [24, 2], "uv_size": [0.5, 0.5]}
							}
						},
						{
							"origin": [-0.50929, 0.19711, 8.67521],
							"size": [0.74653, 1.23875, 0.25549],
							"pivot": [-0.90291, 1.11238, 8.86399],
							"rotation": [11.65384, 0, 40],
							"uv": {
								"east": {"uv": [5, 23], "uv_size": [0.5, 1]}
							}
						},
						{
							"origin": [-0.278, -0.49258, 8.00233],
							"size": [0.74652, 1.29144, 0.86166],
							"pivot": [0.10895, 1.11238, 8.86399],
							"rotation": [11.81542, -9.41988, 38.03907],
							"uv": {
								"south": {"uv": [20, 18], "uv_size": [0.5, 1.5]}
							}
						},
						{
							"origin": [-1.35165, -1.27952, 8.00233],
							"size": [0.42004, 1.43083, 1.12253],
							"pivot": [-1.35165, -1.27952, 9.32249],
							"rotation": [0, 0, 6],
							"uv": {
								"north": {"uv": [20, 20], "uv_size": [0.5, 1.5]},
								"east": {"uv": [15, 13], "uv_size": [1, 1.5]}
							}
						},
						{
							"origin": [0.81488, -1.28398, 8.86399],
							"size": [0.42003, 0.81423, 0.4585],
							"pivot": [1.23491, -0.46975, 9.32249],
							"rotation": [0, 0, -6],
							"uv": {
								"south": {"uv": [23, 5], "uv_size": [0.5, 1]},
								"west": {"uv": [6, 23], "uv_size": [0.5, 1]}
							}
						},
						{
							"origin": [-1.26654, -1.28398, 8.86399],
							"size": [2.50145, 0.81423, 0.4585],
							"uv": {
								"south": {"uv": [3, 12], "uv_size": [2.5, 1]}
							}
						},
						{
							"origin": [-1.20209, -0.50081, 8.66636],
							"size": [2.37255, 0.64428, 0.4585],
							"pivot": [1.17046, 0.14347, 9.12486],
							"rotation": [17.863, 0, 0],
							"uv": {
								"south": {"uv": [16, 0], "uv_size": [2.5, 0.5]}
							}
						},
						{
							"origin": [-1.35165, -1.27952, 8.86399],
							"size": [0.42004, 0.81423, 0.4585],
							"pivot": [-1.35165, -1.27952, 9.32249],
							"rotation": [0, 0, 6],
							"uv": {
								"east": {"uv": [23, 6], "uv_size": [0.5, 1]},
								"south": {"uv": [7, 23], "uv_size": [0.5, 1]}
							}
						},
						{
							"origin": [0.53472, -2.74455, 8.84027],
							"size": [0.42003, 1.50988, 0.48222],
							"inflate": 0.0001,
							"pivot": [0.95475, -2.74455, 9.32249],
							"rotation": [0, 0, 14],
							"uv": {
								"south": {"uv": [21, 0], "uv_size": [0.5, 1.5]},
								"west": {"uv": [2, 21], "uv_size": [0.5, 1.5]}
							}
						},
						{
							"origin": [0.53472, -5.124, 8.84027],
							"size": [0.42003, 2.37945, 0.48222],
							"pivot": [0.95475, -2.74455, 9.32249],
							"rotation": [-11.65067, 0, 14],
							"uv": {
								"west": {"uv": [0, 16], "uv_size": [0.5, 2.5]}
							}
						},
						{
							"origin": [-1.00493, -5.27196, 8.87078],
							"size": [0.42004, 2.37944, 0.48222],
							"pivot": [-1.61088, -2.74455, 9.32249],
							"rotation": [-11.65067, 0, -14],
							"uv": {
								"east": {"uv": [16, 5], "uv_size": [0.5, 2.5]}
							}
						},
						{
							"origin": [-0.98638, -2.74455, 8.84027],
							"size": [1.94113, 1.50988, 0.48222],
							"inflate": 0.0002,
							"uv": {
								"north": {"uv": [11, 0], "uv_size": [2, 1.5]},
								"south": {"uv": [11, 2], "uv_size": [2, 1.5]}
							}
						},
						{
							"origin": [-0.4093, -5.01787, 8.35706],
							"size": [0.79488, 2.32411, 0.48222],
							"inflate": 0.0001,
							"pivot": [0.38558, -5.01787, 8.83928],
							"rotation": [-12, 0, 0],
							"uv": {
								"south": {"uv": [1, 12], "uv_size": [1, 2.5]}
							}
						},
						{
							"origin": [-0.58321, -3.45265, 8.35706],
							"size": [1.12689, 0.75889, 0.48222],
							"inflate": 0.0002,
							"pivot": [0.38558, -5.01787, 8.83928],
							"rotation": [-12, 0, 0],
							"uv": {
								"south": {"uv": [13, 18], "uv_size": [1, 1]}
							}
						},
						{
							"origin": [0.55171, -5.04146, 8.84049],
							"size": [0.39172, 2.29793, 0.48221],
							"inflate": 0.0001,
							"pivot": [0.55171, -2.74353, 9.3227],
							"rotation": [-11.66514, 2.83476, 13.47115],
							"uv": {
								"south": {"uv": [16, 8], "uv_size": [0.5, 2.5]}
							}
						},
						{
							"origin": [-0.97505, -5.04146, 8.84049],
							"size": [0.39171, 2.29793, 0.48221],
							"inflate": 0.0001,
							"pivot": [-0.58334, -2.74353, 9.3227],
							"rotation": [-11.66514, -2.83476, -13.47115],
							"uv": {
								"south": {"uv": [16, 11], "uv_size": [0.5, 2.5]}
							}
						},
						{
							"origin": [-0.96608, -2.83573, 8.84049],
							"size": [1.8985, 0.0922, 0.48221],
							"inflate": 0.0001,
							"pivot": [0.55171, -2.74353, 9.3227],
							"rotation": [-11.99996, 0.0307, 0.14444],
							"uv": {
								"south": {"uv": [14, 18], "uv_size": [2, 0.5]}
							}
						},
						{
							"origin": [-1.35165, -2.7894, 8.84027],
							"size": [0.42004, 1.50988, 0.48222],
							"inflate": 0.0001,
							"pivot": [-1.35165, -1.27952, 9.32249],
							"rotation": [0, 0, -14],
							"uv": {
								"east": {"uv": [21, 2], "uv_size": [0.5, 1.5]},
								"south": {"uv": [3, 21], "uv_size": [0.5, 1.5]}
							}
						},
						{
							"origin": [-0.39352, -5.12235, 8.00233],
							"size": [0.42003, 3.96048, 0.83794],
							"pivot": [-0.39352, -5.12235, 9.32249],
							"rotation": [0, 0, -14],
							"uv": {
								"east": {"uv": [9, 6], "uv_size": [1, 4]},
								"south": {"uv": [14, 14], "uv_size": [0.5, 4]},
								"west": {"uv": [10, 0], "uv_size": [1, 4]}
							}
						},
						{
							"origin": [-1.20209, 0.14347, 8.00233],
							"size": [0.42004, 1.26483, 0.86166],
							"pivot": [-1.20209, 0.14347, 9.32249],
							"rotation": [0, 0, 40],
							"uv": {
								"north": {"uv": [19, 20], "uv_size": [0.5, 1.5]},
								"east": {"uv": [15, 11], "uv_size": [1, 1.5]}
							}
						},
						{
							"origin": [0.75043, 0.14347, 8.00233],
							"size": [0.42003, 1.26483, 0.86166],
							"pivot": [1.17046, 0.14347, 9.32249],
							"rotation": [0, 0, -40],
							"uv": {
								"north": {"uv": [17, 20], "uv_size": [0.5, 1.5]},
								"west": {"uv": [11, 15], "uv_size": [1, 1.5]}
							}
						},
						{
							"origin": [0.42394, 0.14347, 8.86399],
							"size": [0.74652, 1.23875, 0.25549],
							"pivot": [1.17046, 0.14347, 8.86399],
							"rotation": [11.65384, 0, -40],
							"uv": {
								"west": {"uv": [23, 4], "uv_size": [0.5, 1]}
							}
						},
						{
							"origin": [0.89999, -5.23999, 8.00233],
							"size": [0.42003, 3.96047, 0.83794],
							"pivot": [1.32002, -1.27952, 8.00233],
							"rotation": [0, 0, 14],
							"uv": {
								"south": {"uv": [14, 1], "uv_size": [0.5, 4]},
								"west": {"uv": [8, 0], "uv_size": [1, 4]}
							}
						}
					]
				},
				{
					"name": "octagon10",
					"parent": "bone4",
					"pivot": [-0.01581, -1.18119, -9.37901],
					"cubes": [
						{
							"origin": [-0.45508, -1.33856, -0.48123],
							"size": [0.87853, 1.45781, 2.05908],
							"uv": {
								"north": {"uv": [12, 4], "uv_size": [1, 1]},
								"east": {"uv": [13, 11], "uv_size": [2, 1]},
								"west": {"uv": [13, 12], "uv_size": [2, 1]}
							}
						},
						{
							"origin": [-0.45508, -1.33856, -0.48123],
							"size": [0.87853, 0.56917, 1.18952],
							"pivot": [0.42345, -1.33856, -0.48123],
							"rotation": [-4, 0, 0],
							"uv": {
								"east": {"uv": [14, 22], "uv_size": [1, 0.5]},
								"west": {"uv": [22, 14], "uv_size": [1, 0.5]},
								"down": {"uv": [12, 17], "uv_size": [1, -1]}
							}
						},
						{
							"origin": [-0.45508, -1.42153, 0.34966],
							"size": [0.87853, 0.56917, 0.78635],
							"pivot": [0.42345, -1.42153, 0.70539],
							"rotation": [-37, 0, 0],
							"uv": {
								"east": {"uv": [22, 15], "uv_size": [1, 0.5]},
								"west": {"uv": [22, 16], "uv_size": [1, 0.5]},
								"down": {"uv": [11, 19], "uv_size": [1, -1]}
							}
						},
						{
							"origin": [-0.45508, -2.27818, 0.11716],
							"size": [0.87853, 0.56917, 1.12627],
							"pivot": [0.42345, -2.27818, 1.24343],
							"rotation": [-72, 0, 0],
							"uv": {
								"east": {"uv": [17, 22], "uv_size": [1, 0.5]},
								"west": {"uv": [22, 17], "uv_size": [1, 0.5]},
								"down": {"uv": [12, 19], "uv_size": [1, -1]}
							}
						},
						{
							"origin": [-0.45508, -2.27818, 1.24343],
							"size": [0.87853, 1.04347, 2.60079],
							"uv": {
								"east": {"uv": [3, 11], "uv_size": [2.5, 1]},
								"west": {"uv": [11, 6], "uv_size": [2.5, 1]},
								"down": {"uv": [11, 9.5], "uv_size": [1, -2.5]}
							}
						},
						{
							"origin": [-0.36812, -2.49162, 1.0379],
							"size": [0.70462, 0.21344, 2.80632],
							"uv": {
								"north": {"uv": [23, 19], "uv_size": [0.5, 0.5]},
								"east": {"uv": [15, 2], "uv_size": [3, 0.5]},
								"west": {"uv": [15, 3], "uv_size": [3, 0.5]},
								"down": {"uv": [1, 18], "uv_size": [0.5, -3]}
							}
						},
						{
							"origin": [-0.39352, -5.29004, 6.4213],
							"size": [0.75542, 0.3337, 2.41897],
							"uv": {
								"east": {"uv": [15, 4], "uv_size": [2.5, 0.5]},
								"south": {"uv": [18, 22], "uv_size": [1, 0.5]},
								"west": {"uv": [15, 15], "uv_size": [2.5, 0.5]},
								"down": {"uv": [11, 12.5], "uv_size": [1, -2.5]}
							}
						},
						{
							"origin": [-0.41724, -3.24093, 5.05371],
							"size": [0.81076, 1.3834, 1.36759],
							"uv": {
								"east": {"uv": [12, 7], "uv_size": [1.5, 1.5]},
								"west": {"uv": [12, 9], "uv_size": [1.5, 1.5]},
								"up": {"uv": [15, 6], "uv_size": [1, 1.5]}
							}
						},
						{
							"origin": [-0.41724, -3.2093, 3.23553],
							"size": [0.81076, 0.98814, 3.43083],
							"pivot": [-0.41724, -3.2093, 5.05371],
							"rotation": [-47, 0, 0],
							"uv": {
								"east": {"uv": [8, 4], "uv_size": [3.5, 1]},
								"west": {"uv": [2, 10], "uv_size": [3.5, 1]},
								"up": {"uv": [10, 6], "uv_size": [1, 3.5]}
							}
						},
						{
							"origin": [-0.41724, -3.2093, 6.66111],
							"size": [0.81076, 0.98814, 2.01581],
							"pivot": [-0.41724, -3.2093, 7.17495],
							"rotation": [47, 0, 0],
							"uv": {
								"east": {"uv": [13, 13], "uv_size": [2, 1]},
								"west": {"uv": [14, 0], "uv_size": [2, 1]},
								"up": {"uv": [11, 13], "uv_size": [1, 2]}
							}
						},
						{
							"origin": [-0.41724, -4.81405, 6.4213],
							"size": [0.81076, 2.95652, 1.32016],
							"uv": {
								"east": {"uv": [2, 7], "uv_size": [1.5, 3]},
								"west": {"uv": [4, 7], "uv_size": [1.5, 3]},
								"up": {"uv": [7, 15], "uv_size": [1, 1.5]}
							}
						},
						{
							"origin": [-0.41724, -1.85753, 7.14067],
							"size": [0.81076, 0.3004, 0.9249],
							"uv": {
								"north": {"uv": [22, 18], "uv_size": [1, 0.5]},
								"east": {"uv": [19, 22], "uv_size": [1, 0.5]},
								"west": {"uv": [22, 19], "uv_size": [1, 0.5]}
							}
						},
						{
							"origin": [-0.41724, -1.85753, 4.31063],
							"size": [0.81076, 0.3004, 0.79051],
							"uv": {
								"east": {"uv": [20, 22], "uv_size": [1, 0.5]},
								"south": {"uv": [22, 20], "uv_size": [1, 0.5]},
								"west": {"uv": [21, 22], "uv_size": [1, 0.5]}
							}
						},
						{
							"origin": [-0.39352, -6.69547, 3.02831],
							"size": [0.75542, 4.79842, 0.81422],
							"pivot": [0.19421, -1.89705, 3.0283],
							"rotation": [45, 0, 0],
							"uv": {
								"north": {"uv": [7, 0], "uv_size": [1, 5]},
								"west": {"uv": [1, 7], "uv_size": [1, 5]}
							}
						},
						{
							"origin": [-0.07918, -5.20696, 7.22704],
							"size": [0.42003, 3.96047, 0.83795],
							"pivot": [0.34085, -5.20696, 8.06499],
							"rotation": [-11.05936, -0.48375, 13.99181],
							"uv": {
								"north": {"uv": [14, 6], "uv_size": [0.5, 4]},
								"east": {"uv": [8, 6], "uv_size": [1, 4]},
								"west": {"uv": [9, 0], "uv_size": [1, 4]}
							}
						},
						{
							"origin": [-0.07918, -5.20696, 7.2426],
							"size": [0.42003, 0.16074, 0.82239],
							"pivot": [0.34085, -5.20696, 8.06499],
							"rotation": [0, -0.48375, 13.99181],
							"uv": {
								"west": {"uv": [22, 21], "uv_size": [1, 0.5]}
							}
						},
						{
							"origin": [0.05285, -5.20011, 6.32563],
							"size": [0.42004, 0.50066, 1.09881],
							"pivot": [0.47289, -4.69945, 7.42444],
							"rotation": [0, -0.48375, 13.99181],
							"uv": {
								"west": {"uv": [22, 22], "uv_size": [1, 0.5]}
							}
						},
						{
							"origin": [-0.12897, -5.20011, 6.32563],
							"size": [0.60186, 0.50066, 1.09881],
							"pivot": [0.47289, -4.69945, 7.42444],
							"rotation": [-0.4453, -0.18901, 80.99254],
							"uv": {
								"up": {"uv": [23, 0], "uv_size": [0.5, 1]}
							}
						},
						{
							"origin": [-0.50451, -5.20011, 6.32563],
							"size": [0.60186, 0.50066, 1.09881],
							"pivot": [-0.50451, -4.69945, 7.42444],
							"rotation": [-0.4453, 0.18901, -80.99254],
							"uv": {
								"up": {"uv": [23, 1], "uv_size": [0.5, 1]}
							}
						},
						{
							"origin": [0.05783, -4.70095, 6.11324],
							"size": [0.42004, 0.57971, 0.69565],
							"pivot": [0.47787, -4.70095, 6.80889],
							"rotation": [46, -0.48375, 13.99181],
							"uv": {
								"north": {"uv": [20, 23], "uv_size": [0.5, 0.5]},
								"west": {"uv": [23, 20], "uv_size": [0.5, 0.5]}
							}
						},
						{
							"origin": [0.43118, -4.61234, 5.93697],
							"size": [0.37094, 0.54447, 0.69566],
							"pivot": [0.43118, -4.06787, 6.63263],
							"rotation": [62.06828, 35.49577, 62.0937],
							"uv": {
								"south": {"uv": [21, 23], "uv_size": [0.5, 0.5]}
							}
						},
						{
							"origin": [0.43118, -4.11432, 5.93697],
							"size": [0.37094, 0.04645, 0.69566],
							"pivot": [0.43118, -4.06787, 6.63263],
							"rotation": [60.02356, 40.24594, 58.76635],
							"uv": {
								"south": {"uv": [23, 21], "uv_size": [0.5, 0.5]}
							}
						},
						{
							"origin": [0.15862, -4.31105, 5.69625],
							"size": [0.42003, 4.5639, 0.69565],
							"pivot": [0.57865, -4.31105, 6.3919],
							"rotation": [45.62082, 6.69551, 7.01575],
							"uv": {
								"north": {"uv": [12, 11], "uv_size": [0.5, 4.5]},
								"west": {"uv": [13, 0], "uv_size": [0.5, 4.5]}
							}
						},
						{
							"origin": [0.20605, -4.31105, 5.69625],
							"size": [0.3726, 4.5639, 0.69565],
							"pivot": [0.57865, -4.31105, 6.3919],
							"rotation": [68.43552, 40.24593, 58.76636],
							"uv": {
								"south": {"uv": [3, 13], "uv_size": [0.5, 4.5]}
							}
						},
						{
							"origin": [-0.61027, -4.31105, 5.69625],
							"size": [0.42003, 4.5639, 0.69565],
							"pivot": [-0.61027, -4.31105, 6.3919],
							"rotation": [45.62082, -6.69551, -7.01575],
							"uv": {
								"north": {"uv": [4, 13], "uv_size": [0.5, 4.5]},
								"east": {"uv": [5, 13], "uv_size": [0.5, 4.5]}
							}
						},
						{
							"origin": [-0.61027, -4.31105, 5.69625],
							"size": [0.3726, 4.5639, 0.69565],
							"pivot": [-0.61027, -4.31105, 6.3919],
							"rotation": [68.43552, -40.24593, -58.76636],
							"uv": {
								"south": {"uv": [6, 13], "uv_size": [0.5, 4.5]}
							}
						},
						{
							"origin": [-0.83374, -4.61234, 5.93697],
							"size": [0.37094, 0.54447, 0.69566],
							"pivot": [-0.4628, -4.06787, 6.63263],
							"rotation": [62.06828, -35.49577, -62.0937],
							"uv": {
								"south": {"uv": [22, 23], "uv_size": [0.5, 0.5]}
							}
						},
						{
							"origin": [-0.50949, -4.70095, 6.11324],
							"size": [0.42004, 0.57971, 0.69565],
							"pivot": [-0.50949, -4.70095, 6.80889],
							"rotation": [46, 0.48375, -13.99181],
							"uv": {
								"north": {"uv": [23, 22], "uv_size": [0.5, 0.5]},
								"east": {"uv": [23, 23], "uv_size": [0.5, 0.5]}
							}
						},
						{
							"origin": [-0.39246, -5.1875, 6.32567],
							"size": [0.42004, 0.50066, 1.09881],
							"pivot": [-0.39246, -5.1875, 6.32567],
							"rotation": [0, 0.48375, -13.99181],
							"uv": {
								"east": {"uv": [2, 23], "uv_size": [1, 0.5]}
							}
						},
						{
							"origin": [-0.37248, -5.20696, 7.2426],
							"size": [0.42004, 0.16074, 0.82239],
							"pivot": [-0.37248, -5.20696, 8.06499],
							"rotation": [0, 0.48375, -13.99181],
							"uv": {
								"east": {"uv": [23, 2], "uv_size": [1, 0.5]}
							}
						},
						{
							"origin": [-1.35165, -4.98308, 7.9685],
							"size": [0.42004, 3.96047, 0.83795],
							"pivot": [-1.35165, -1.32669, 6.65137],
							"rotation": [-11.05936, 0.48375, -13.99181],
							"uv": {
								"north": {"uv": [13, 14], "uv_size": [0.5, 4]},
								"east": {"uv": [6, 9], "uv_size": [1, 4]}
							}
						},
						{
							"origin": [-0.38907, 0.28235, 8.00233],
							"size": [0.74652, 0.83003, 0.86166],
							"uv": {
								"north": {"uv": [3, 23], "uv_size": [0.5, 1]},
								"up": {"uv": [23, 3], "uv_size": [0.5, 1]}
							}
						},
						{
							"origin": [0.42394, 0.14347, 8.86399],
							"size": [0.74652, 0.05161, 0.25022],
							"pivot": [1.17046, 0.14347, 8.86399],
							"rotation": [0, 0, -40],
							"uv": {
								"west": {"uv": [2, 24], "uv_size": [0.5, 0.5]}
							}
						}
					]
				},
				{
					"name": "octagon12",
					"parent": "bone4",
					"pivot": [-0.01581, -1.35713, -7.68432],
					"cubes": [
						{
							"origin": [0.03621, -0.15315, -0.48823],
							"size": [0.95736, 0.27048, 8.58691],
							"pivot": [0.99357, 0.11733, -0.48823],
							"rotation": [0, 0, 45],
							"uv": {
								"north": {"uv": [9, 23], "uv_size": [1, 0.5]},
								"up": {"uv": [6, 0], "uv_size": [1, 8.5]}
							}
						},
						{
							"origin": [0.31621, 0.00685, -0.48823],
							"size": [0.35736, 0.41548, 1.58691],
							"uv": {
								"north": {"uv": [9, 23], "uv_size": [1, 0.5]}
							}
						},
						{
							"origin": [0.99357, -0.40477, 1.32205],
							"size": [1.36051, 0.5221, 6.77663],
							"pivot": [0.99357, 0.11733, -0.48823],
							"rotation": [0, 0, 79],
							"uv": {
								"up": {"uv": [2, 0], "uv_size": [1.5, 7]}
							}
						},
						{
							"origin": [0.85856, -0.70855, -0.48823],
							"size": [0.16684, 0.6621, 1.81028],
							"pivot": [1.0254, -0.04645, -0.48823],
							"rotation": [0, 0, 79],
							"uv": {
								"north": {"uv": [3, 24], "uv_size": [0.5, 0.5]},
								"up": {"uv": [2, 19], "uv_size": [0.5, 2]}
							}
						},
						{
							"origin": [0.82694, -1.07447, -0.48823],
							"size": [0.19846, 1.02802, 2.16841],
							"pivot": [1.0254, -0.04645, -0.48823],
							"rotation": [0, 33.4004, 79],
							"uv": {
								"west": {"uv": [14, 10], "uv_size": [2, 1]},
								"up": {"uv": [3, 19], "uv_size": [0.5, 2]}
							}
						},
						{
							"origin": [0.18663, -0.56855, 0.81612],
							"size": [0.8783, 0.5221, 0.86406],
							"pivot": [1.0254, -0.04645, -0.48823],
							"rotation": [0, 27.4004, 79],
							"uv": {
								"up": {"uv": [19, 0], "uv_size": [1, 1]}
							}
						},
						{
							"origin": [0.71311, -0.71496, -0.20048],
							"size": [0.34075, 0.5221, 1.20159],
							"pivot": [1.05386, -0.19286, -0.20048],
							"rotation": [0, 24.4004, 79],
							"uv": {
								"up": {"uv": [10, 23], "uv_size": [0.5, 1]}
							}
						},
						{
							"origin": [0.85065, -0.56422, 0.28585],
							"size": [0.17391, 0.5221, 0.82213],
							"pivot": [1.02456, -0.04212, 0.28585],
							"rotation": [0, 24.4004, 79],
							"uv": {
								"up": {"uv": [11, 23], "uv_size": [0.5, 1]}
							}
						},
						{
							"origin": [0.85065, -0.56422, 0.28585],
							"size": [0.17391, 0.5221, 0.82213],
							"pivot": [1.02456, -0.04212, 0.28585],
							"rotation": [0, 11.4004, 79],
							"uv": {
								"up": {"uv": [12, 23], "uv_size": [0.5, 1]}
							}
						},
						{
							"origin": [-1.0254, -0.94009, -0.4849],
							"size": [0.19342, 0.92469, 2.16508],
							"pivot": [-1.0254, -0.04645, -0.48823],
							"rotation": [0, -33.4004, -79],
							"uv": {
								"east": {"uv": [15, 1], "uv_size": [2, 1]},
								"up": {"uv": [4, 19], "uv_size": [0.5, 2]}
							}
						},
						{
							"origin": [-1.0254, -0.70855, -0.48823],
							"size": [0.1608, 0.69315, 1.81028],
							"pivot": [-1.0254, -0.04645, -0.48823],
							"rotation": [0, 0, -79],
							"uv": {
								"north": {"uv": [24, 3], "uv_size": [0.5, 0.5]},
								"east": {"uv": [5, 19], "uv_size": [2, 0.5]},
								"up": {"uv": [11, 19], "uv_size": [0.5, 2]}
							}
						},
						{
							"origin": [-1.05386, -0.71496, -0.19798],
							"size": [0.33525, 0.55314, 1.19909],
							"pivot": [-1.05386, -0.19286, -0.20048],
							"rotation": [0, -24.4004, -79],
							"uv": {
								"up": {"uv": [13, 23], "uv_size": [0.5, 1]}
							}
						},
						{
							"origin": [-1.02456, -0.56422, 0.28834],
							"size": [0.16842, 0.55314, 0.81964],
							"pivot": [-1.02456, -0.04212, 0.28585],
							"rotation": [0, -24.4004, -79],
							"uv": {
								"up": {"uv": [23, 13], "uv_size": [0.5, 1]}
							}
						},
						{
							"origin": [-1.02456, -0.56422, 0.28704],
							"size": [0.168, 0.55314, 0.82094],
							"pivot": [-1.02456, -0.04212, 0.28585],
							"rotation": [0, -11.4004, -79],
							"uv": {
								"up": {"uv": [14, 23], "uv_size": [0.5, 1]}
							}
						},
						{
							"origin": [-1.07283, -0.56855, 0.8189],
							"size": [0.88085, 0.55315, 0.86128],
							"pivot": [-1.0254, -0.04645, -0.48823],
							"rotation": [0, -27.4004, -79],
							"uv": {
								"up": {"uv": [12, 19], "uv_size": [1, 1]}
							}
						},
						{
							"origin": [1.25317, -1.74029, 1.32205],
							"size": [0.30913, 0.5221, 6.77663],
							"pivot": [1.25317, -1.21819, -0.48823],
							"rotation": [0, 0, 114],
							"uv": {
								"north": {"uv": [4, 24], "uv_size": [0.5, 0.5]},
								"up": {"uv": [8, 10], "uv_size": [0.5, 7]}
							}
						},
						{
							"origin": [1.12743, -2.0227, 1.32205],
							"size": [0.2617, 0.5221, 6.77663],
							"pivot": [1.12743, -1.5006, -0.48823],
							"rotation": [0, 0, 148],
							"uv": {
								"north": {"uv": [24, 4], "uv_size": [0.5, 0.5]},
								"up": {"uv": [9, 10], "uv_size": [0.5, 7]}
							}
						},
						{
							"origin": [-1.02519, -0.17477, -0.48823],
							"size": [0.95735, 0.2921, 8.58691],
							"pivot": [-1.02519, 0.11733, -0.48823],
							"rotation": [0, 0, -45],
							"uv": {
								"north": {"uv": [23, 14], "uv_size": [1, 0.5]},
								"up": {"uv": [0, 7], "uv_size": [1, 8.5]}
							}
						},
						{
							"origin": [-2.38571, -0.40477, 1.32205],
							"size": [1.36052, 0.5221, 6.77663],
							"pivot": [-1.02519, 0.11733, -0.48823],
							"rotation": [0, 0, -79],
							"uv": {
								"up": {"uv": [4, 0], "uv_size": [1.5, 7]}
							}
						},
						{
							"origin": [-1.59393, -1.74029, 1.32205],
							"size": [0.30914, 0.5221, 6.77663],
							"pivot": [-1.28479, -1.21819, -0.48823],
							"rotation": [0, 0, -114],
							"uv": {
								"north": {"uv": [5, 24], "uv_size": [0.5, 0.5]},
								"up": {"uv": [10, 10], "uv_size": [0.5, 7]}
							}
						},
						{
							"origin": [-1.42076, -2.0227, 1.32205],
							"size": [0.2617, 0.5221, 6.77663],
							"pivot": [-1.15906, -1.5006, -0.48823],
							"rotation": [0, 0, -148],
							"uv": {
								"north": {"uv": [24, 5], "uv_size": [0.5, 0.5]},
								"up": {"uv": [2, 11], "uv_size": [0.5, 7]}
							}
						},
						{
							"origin": [-2.77974, -2.16138, 1.32205],
							"size": [1.84262, 0.5221, 6.77663],
							"pivot": [-0.93712, -1.63928, 1.32205],
							"rotation": [0, 0.00001, -180],
							"uv": {
								"north": {"uv": [13, 19], "uv_size": [2, 0.5]},
								"up": {"uv": [0, 0], "uv_size": [2, 7]}
							}
						},
						{
							"origin": [-0.34824, -0.81083, -0.48823],
							"size": [0.66486, 1.60511, 8.58692],
							"uv": {
								"north": {"uv": [4, 21], "uv_size": [0.5, 1.5]},
								"up": {"uv": [7, 6], "uv_size": [0.5, 8.5]}
							}
						},
						{
							"origin": [-0.68379, 0.00685, -0.48823],
							"size": [0.35736, 0.41548, 1.58691],
							"uv": {
								"north": {"uv": [9, 23], "uv_size": [1, 0.5]}
							}
						}
					]
				},
				{
					"name": "bone5",
					"parent": "bone4",
					"pivot": [-0.01581, -2.07812, 2.44369],
					"cubes": [
						{
							"origin": [-0.32331, -2.62935, 2.31632],
							"size": [0.615, 1.37123, 0.25474],
							"uv": {
								"north": {"uv": [8, 21], "uv_size": [0.5, 1.5]},
								"east": {"uv": [9, 21], "uv_size": [0.5, 1.5]},
								"south": {"uv": [11, 21], "uv_size": [0.5, 1.5]},
								"west": {"uv": [12, 21], "uv_size": [0.5, 1.5]},
								"down": {"uv": [6, 24.5], "uv_size": [0.5, -0.5]}
							}
						},
						{
							"origin": [9.04214, -2.62935, -1.55054],
							"size": [0.615, 1.37123, 0.25474],
							"pivot": [-0.0008, -0.62807, -10.79484],
							"rotation": [0, -45, 0],
							"uv": {
								"north": {"uv": [13, 21], "uv_size": [0.5, 1.5]},
								"east": {"uv": [21, 14], "uv_size": [0.5, 1.5]},
								"south": {"uv": [15, 21], "uv_size": [0.5, 1.5]},
								"west": {"uv": [16, 21], "uv_size": [0.5, 1.5]},
								"up": {"uv": [24, 6], "uv_size": [0.5, 0.5]},
								"down": {"uv": [7, 24.5], "uv_size": [0.5, -0.5]}
							}
						},
						{
							"origin": [-0.14318, -2.62935, 2.13619],
							"size": [0.25474, 1.37123, 0.615],
							"uv": {
								"north": {"uv": [21, 16], "uv_size": [0.5, 1.5]},
								"east": {"uv": [21, 18], "uv_size": [0.5, 1.5]},
								"south": {"uv": [21, 20], "uv_size": [0.5, 1.5]},
								"west": {"uv": [0, 22], "uv_size": [0.5, 1.5]},
								"down": {"uv": [24, 7.5], "uv_size": [0.5, -0.5]}
							}
						},
						{
							"origin": [9.22227, -2.62935, -1.73067],
							"size": [0.25474, 1.37123, 0.615],
							"pivot": [-0.0008, -0.62807, -10.79484],
							"rotation": [0, -45, 0],
							"uv": {
								"north": {"uv": [22, 0], "uv_size": [0.5, 1.5]},
								"east": {"uv": [1, 22], "uv_size": [0.5, 1.5]},
								"south": {"uv": [22, 2], "uv_size": [0.5, 1.5]},
								"up": {"uv": [8, 24], "uv_size": [0.5, 0.5]},
								"down": {"uv": [24, 8.5], "uv_size": [0.5, -0.5]}
							}
						}
					]
				},
				{
					"name": "bone6",
					"parent": "bone4",
					"pivot": [0, -8.49109, -5.00302],
					"cubes": [
						{
							"origin": [-0.90514, 0.90812, 7.35666],
							"size": [1.77866, 0.26878, 0.27668],
							"uv": {
								"north": {"uv": [19, 14], "uv_size": [2, 0.5]},
								"east": {"uv": [9, 24], "uv_size": [0.5, 0.5]},
								"south": {"uv": [15, 19], "uv_size": [2, 0.5]},
								"west": {"uv": [24, 9], "uv_size": [0.5, 0.5]},
								"up": {"uv": [19, 15], "uv_size": [2, 0.5]},
								"down": {"uv": [17, 19.5], "uv_size": [2, -0.5]}
							}
						},
						{
							"origin": [1.48549, -0.67753, 7.35666],
							"size": [0.29249, 2.06324, 0.27668],
							"pivot": [1.77798, -0.67753, 7.35666],
							"rotation": [0, 0, -26],
							"uv": {
								"north": {"uv": [19, 18], "uv_size": [0.5, 2]},
								"east": {"uv": [0, 20], "uv_size": [0.5, 2]},
								"south": {"uv": [20, 0], "uv_size": [0.5, 2]},
								"west": {"uv": [1, 20], "uv_size": [0.5, 2]},
								"up": {"uv": [10, 24], "uv_size": [0.5, 0.5]},
								"down": {"uv": [24, 10.5], "uv_size": [0.5, -0.5]}
							}
						},
						{
							"origin": [1.48549, -0.9384, 7.35666],
							"size": [0.29249, 0.26087, 0.27668],
							"pivot": [1.77798, -0.67753, 7.35666],
							"rotation": [0, 0, 6],
							"uv": {
								"north": {"uv": [11, 24], "uv_size": [0.5, 0.5]},
								"east": {"uv": [24, 11], "uv_size": [0.5, 0.5]},
								"south": {"uv": [12, 24], "uv_size": [0.5, 0.5]},
								"west": {"uv": [24, 12], "uv_size": [0.5, 0.5]},
								"up": {"uv": [13, 24], "uv_size": [0.5, 0.5]},
								"down": {"uv": [24, 13.5], "uv_size": [0.5, -0.5]}
							}
						},
						{
							"origin": [1.45822, -1.81444, 7.35666],
							"size": [0.29249, 0.87747, 0.27668],
							"pivot": [1.75071, -0.93697, 7.35666],
							"rotation": [0, 0, 49],
							"uv": {
								"north": {"uv": [15, 23], "uv_size": [0.5, 1]},
								"east": {"uv": [23, 15], "uv_size": [0.5, 1]},
								"south": {"uv": [16, 23], "uv_size": [0.5, 1]},
								"west": {"uv": [23, 16], "uv_size": [0.5, 1]},
								"up": {"uv": [14, 24], "uv_size": [0.5, 0.5]},
								"down": {"uv": [24, 14.5], "uv_size": [0.5, -0.5]}
							}
						},
						{
							"origin": [-1.98752, -1.74579, 7.35666],
							"size": [0.29249, 0.87747, 0.27668],
							"pivot": [-1.8096, -0.67753, 7.35666],
							"rotation": [0, 0, -49],
							"uv": {
								"north": {"uv": [17, 23], "uv_size": [0.5, 1]},
								"east": {"uv": [23, 17], "uv_size": [0.5, 1]},
								"south": {"uv": [18, 23], "uv_size": [0.5, 1]},
								"west": {"uv": [23, 18], "uv_size": [0.5, 1]},
								"up": {"uv": [15, 24], "uv_size": [0.5, 0.5]},
								"down": {"uv": [24, 15.5], "uv_size": [0.5, -0.5]}
							}
						},
						{
							"origin": [-1.8096, -0.9384, 7.35666],
							"size": [0.29249, 0.26087, 0.27668],
							"pivot": [-1.8096, -0.67753, 7.35666],
							"rotation": [0, 0, -6],
							"uv": {
								"north": {"uv": [16, 24], "uv_size": [0.5, 0.5]},
								"east": {"uv": [24, 16], "uv_size": [0.5, 0.5]},
								"south": {"uv": [17, 24], "uv_size": [0.5, 0.5]},
								"west": {"uv": [24, 17], "uv_size": [0.5, 0.5]},
								"up": {"uv": [18, 24], "uv_size": [0.5, 0.5]},
								"down": {"uv": [24, 18.5], "uv_size": [0.5, -0.5]}
							}
						},
						{
							"origin": [-0.90514, -0.88634, 7.35666],
							"size": [0.29249, 2.06324, 0.27668],
							"pivot": [-0.90514, 1.1769, 7.35666],
							"rotation": [0, 0, 26],
							"uv": {
								"north": {"uv": [5, 20], "uv_size": [0.5, 2]},
								"east": {"uv": [20, 5], "uv_size": [0.5, 2]},
								"south": {"uv": [6, 20], "uv_size": [0.5, 2]},
								"west": {"uv": [7, 20], "uv_size": [0.5, 2]},
								"up": {"uv": [19, 24], "uv_size": [0.5, 0.5]},
								"down": {"uv": [24, 19.5], "uv_size": [0.5, -0.5]}
							}
						}
					]
				},
				{
					"name": "bone8",
					"parent": "bone4",
					"pivot": [-0.01581, 1.0286, 7.77966],
					"rotation": [0, 0, 90],
					"cubes": [
						{
							"origin": [0.10359, 0.94378, 7.65228],
							"size": [0.1881, 0.16964, 0.25474],
							"uv": {
								"north": {"uv": [20, 24], "uv_size": [0.5, 0.5]},
								"east": {"uv": [24, 20], "uv_size": [0.5, 0.5]},
								"south": {"uv": [21, 24], "uv_size": [0.5, 0.5]},
								"west": {"uv": [24, 21], "uv_size": [0.5, 0.5]},
								"up": {"uv": [22, 24], "uv_size": [0.5, 0.5]},
								"down": {"uv": [24, 22.5], "uv_size": [0.5, -0.5]}
							}
						},
						{
							"origin": [-0.32331, 0.94378, 7.65228],
							"size": [0.1881, 0.16964, 0.25474],
							"uv": {
								"north": {"uv": [23, 24], "uv_size": [0.5, 0.5]},
								"east": {"uv": [24, 23], "uv_size": [0.5, 0.5]},
								"south": {"uv": [24, 24], "uv_size": [0.5, 0.5]},
								"west": {"uv": [0, 25], "uv_size": [0.5, 0.5]},
								"up": {"uv": [25, 0], "uv_size": [0.5, 0.5]},
								"down": {"uv": [1, 25.5], "uv_size": [0.5, -0.5]}
							}
						},
						{
							"origin": [9.17875, 0.94378, 3.45561],
							"size": [0.1881, 0.16964, 0.25474],
							"pivot": [-0.33061, 2.47865, -5.78868],
							"rotation": [0, -45, 0],
							"uv": {
								"north": {"uv": [25, 1], "uv_size": [0.5, 0.5]},
								"east": {"uv": [2, 25], "uv_size": [0.5, 0.5]},
								"south": {"uv": [25, 2], "uv_size": [0.5, 0.5]},
								"west": {"uv": [3, 25], "uv_size": [0.5, 0.5]},
								"up": {"uv": [25, 3], "uv_size": [0.5, 0.5]},
								"down": {"uv": [4, 25.5], "uv_size": [0.5, -0.5]}
							}
						},
						{
							"origin": [9.46904, 0.94378, 3.78542],
							"size": [0.1881, 0.16964, 0.25475],
							"pivot": [-0.0008, 2.47865, -5.45887],
							"rotation": [0, -45, 0],
							"uv": {
								"north": {"uv": [25, 4], "uv_size": [0.5, 0.5]},
								"east": {"uv": [5, 25], "uv_size": [0.5, 0.5]},
								"south": {"uv": [25, 5], "uv_size": [0.5, 0.5]},
								"west": {"uv": [6, 25], "uv_size": [0.5, 0.5]},
								"up": {"uv": [25, 6], "uv_size": [0.5, 0.5]},
								"down": {"uv": [7, 25.5], "uv_size": [0.5, -0.5]}
							}
						},
						{
							"origin": [-0.14318, 0.94378, 7.89905],
							"size": [0.25474, 0.16964, 0.1881],
							"uv": {
								"north": {"uv": [25, 7], "uv_size": [0.5, 0.5]},
								"east": {"uv": [8, 25], "uv_size": [0.5, 0.5]},
								"south": {"uv": [25, 8], "uv_size": [0.5, 0.5]},
								"west": {"uv": [9, 25], "uv_size": [0.5, 0.5]},
								"up": {"uv": [25, 9], "uv_size": [0.5, 0.5]},
								"down": {"uv": [10, 25.5], "uv_size": [0.5, -0.5]}
							}
						},
						{
							"origin": [-0.14318, 0.94378, 7.47216],
							"size": [0.25474, 0.16964, 0.18815],
							"uv": {
								"north": {"uv": [25, 10], "uv_size": [0.5, 0.5]},
								"east": {"uv": [11, 25], "uv_size": [0.5, 0.5]},
								"south": {"uv": [25, 11], "uv_size": [0.5, 0.5]},
								"west": {"uv": [12, 25], "uv_size": [0.5, 0.5]},
								"up": {"uv": [25, 12], "uv_size": [0.5, 0.5]},
								"down": {"uv": [13, 25.5], "uv_size": [0.5, -0.5]}
							}
						},
						{
							"origin": [9.22227, 0.94378, 3.6053],
							"size": [0.25474, 0.16964, 0.1881],
							"pivot": [-0.0008, 2.47865, -5.45887],
							"rotation": [0, -45, 0],
							"uv": {
								"north": {"uv": [25, 13], "uv_size": [0.5, 0.5]},
								"east": {"uv": [14, 25], "uv_size": [0.5, 0.5]},
								"south": {"uv": [25, 14], "uv_size": [0.5, 0.5]},
								"west": {"uv": [15, 25], "uv_size": [0.5, 0.5]},
								"up": {"uv": [25, 15], "uv_size": [0.5, 0.5]},
								"down": {"uv": [16, 25.5], "uv_size": [0.5, -0.5]}
							}
						},
						{
							"origin": [9.27256, 0.94378, 4.05303],
							"size": [0.25474, 0.16964, 0.1881],
							"pivot": [0.0495, 2.47865, -5.50916],
							"rotation": [0, -45, 0],
							"uv": {
								"north": {"uv": [25, 16], "uv_size": [0.5, 0.5]},
								"east": {"uv": [17, 25], "uv_size": [0.5, 0.5]},
								"south": {"uv": [25, 17], "uv_size": [0.5, 0.5]},
								"west": {"uv": [18, 25], "uv_size": [0.5, 0.5]},
								"up": {"uv": [25, 18], "uv_size": [0.5, 0.5]},
								"down": {"uv": [19, 25.5], "uv_size": [0.5, -0.5]}
							}
						}
					]
				},
				{
					"name": "bone",
					"parent": "bone4",
					"pivot": [0, -4.00272, 8.37096],
					"cubes": [
						{
							"origin": [-1.2375, -0.14294, 8.56333],
							"size": [2.445, 0.25, 0.25],
							"inflate": 0.01,
							"pivot": [0, -0.01794, 8.68833],
							"rotation": [45, 0, 0],
							"uv": {
								"north": {"uv": [16, 14], "uv_size": [2.5, 0.5]},
								"east": {"uv": [25, 19], "uv_size": [0.5, 0.5]},
								"south": {"uv": [15, 16], "uv_size": [2.5, 0.5]},
								"west": {"uv": [20, 25], "uv_size": [0.5, 0.5]},
								"up": {"uv": [17, 1], "uv_size": [2.5, 0.5]},
								"down": {"uv": [17, 5.5], "uv_size": [2.5, -0.5]}
							}
						},
						{
							"origin": [-1.2775, -0.64104, 8.55101],
							"size": [2.555, 0.25, 0.25],
							"inflate": 0.01,
							"pivot": [0, -0.51604, 8.67601],
							"rotation": [40, 0, 0],
							"uv": {
								"north": {"uv": [17, 6], "uv_size": [2.5, 0.5]},
								"east": {"uv": [25, 20], "uv_size": [0.5, 0.5]},
								"south": {"uv": [7, 17], "uv_size": [2.5, 0.5]},
								"west": {"uv": [21, 25], "uv_size": [0.5, 0.5]},
								"up": {"uv": [17, 7], "uv_size": [2.5, 0.5]},
								"down": {"uv": [17, 8.5], "uv_size": [2.5, -0.5]}
							}
						},
						{
							"origin": [-1.3275, -1.13914, 8.50743],
							"size": [2.655, 0.25, 0.25],
							"inflate": 0.01,
							"pivot": [0, -1.01414, 8.63243],
							"rotation": [40, 0, 0],
							"uv": {
								"north": {"uv": [17, 9], "uv_size": [2.5, 0.5]},
								"east": {"uv": [25, 21], "uv_size": [0.5, 0.5]},
								"south": {"uv": [10, 17], "uv_size": [2.5, 0.5]},
								"west": {"uv": [22, 25], "uv_size": [0.5, 0.5]},
								"up": {"uv": [17, 10], "uv_size": [2.5, 0.5]},
								"down": {"uv": [17, 11.5], "uv_size": [2.5, -0.5]}
							}
						},
						{
							"origin": [-1.2975, -1.63723, 8.46385],
							"size": [2.595, 0.25, 0.25],
							"inflate": 0.01,
							"pivot": [0, -1.51223, 8.58885],
							"rotation": [40, 0, 0],
							"uv": {
								"north": {"uv": [17, 12], "uv_size": [2.5, 0.5]},
								"east": {"uv": [25, 22], "uv_size": [0.5, 0.5]},
								"south": {"uv": [17, 13], "uv_size": [2.5, 0.5]},
								"west": {"uv": [23, 25], "uv_size": [0.5, 0.5]},
								"up": {"uv": [15, 17], "uv_size": [2.5, 0.5]},
								"down": {"uv": [1, 18.5], "uv_size": [2.5, -0.5]}
							}
						},
						{
							"origin": [-1.1875, -2.13533, 8.42027],
							"size": [2.375, 0.25, 0.25],
							"inflate": 0.01,
							"pivot": [0, -2.01033, 8.54527],
							"rotation": [40, 0, 0],
							"uv": {
								"north": {"uv": [18, 2], "uv_size": [2.5, 0.5]},
								"east": {"uv": [25, 23], "uv_size": [0.5, 0.5]},
								"south": {"uv": [18, 3], "uv_size": [2.5, 0.5]},
								"west": {"uv": [24, 25], "uv_size": [0.5, 0.5]},
								"up": {"uv": [4, 18], "uv_size": [2.5, 0.5]},
								"down": {"uv": [18, 4.5], "uv_size": [2.5, -0.5]}
							}
						},
						{
							"origin": [-1.0675, -2.63343, 8.37669],
							"size": [2.135, 0.25, 0.25],
							"inflate": 0.01,
							"pivot": [0, -2.50843, 8.50169],
							"rotation": [40, 0, 0],
							"uv": {
								"north": {"uv": [20, 7], "uv_size": [2, 0.5]},
								"east": {"uv": [25, 24], "uv_size": [0.5, 0.5]},
								"south": {"uv": [8, 20], "uv_size": [2, 0.5]},
								"west": {"uv": [25, 25], "uv_size": [0.5, 0.5]},
								"up": {"uv": [20, 8], "uv_size": [2, 0.5]},
								"down": {"uv": [20, 9.5], "uv_size": [2, -0.5]}
							}
						},
						{
							"origin": [-0.9425, -3.13153, 8.33312],
							"size": [1.885, 0.25, 0.25],
							"inflate": 0.01,
							"pivot": [0, -3.00653, 8.45812],
							"rotation": [40, 0, 0],
							"uv": {
								"north": {"uv": [20, 10], "uv_size": [2, 0.5]},
								"east": {"uv": [0, 26], "uv_size": [0.5, 0.5]},
								"south": {"uv": [20, 11], "uv_size": [2, 0.5]},
								"west": {"uv": [26, 0], "uv_size": [0.5, 0.5]},
								"up": {"uv": [12, 20], "uv_size": [2, 0.5]},
								"down": {"uv": [20, 12.5], "uv_size": [2, -0.5]}
							}
						},
						{
							"origin": [-0.8075, -3.62962, 8.28954],
							"size": [1.615, 0.25, 0.25],
							"inflate": 0.01,
							"pivot": [0, -3.50462, 8.41454],
							"rotation": [40, 0, 0],
							"uv": {
								"north": {"uv": [21, 6], "uv_size": [1.5, 0.5]},
								"east": {"uv": [1, 26], "uv_size": [0.5, 0.5]},
								"south": {"uv": [5, 22], "uv_size": [1.5, 0.5]},
								"west": {"uv": [26, 1], "uv_size": [0.5, 0.5]},
								"up": {"uv": [22, 7], "uv_size": [1.5, 0.5]},
								"down": {"uv": [22, 8.5], "uv_size": [1.5, -0.5]}
							}
						},
						{
							"origin": [-0.6875, -4.12772, 8.24596],
							"size": [1.375, 0.25, 0.25],
							"inflate": 0.01,
							"pivot": [0, -4.00272, 8.37096],
							"rotation": [40, 0, 0],
							"uv": {
								"north": {"uv": [22, 9], "uv_size": [1.5, 0.5]},
								"east": {"uv": [2, 26], "uv_size": [0.5, 0.5]},
								"south": {"uv": [22, 10], "uv_size": [1.5, 0.5]},
								"west": {"uv": [26, 2], "uv_size": [0.5, 0.5]},
								"up": {"uv": [22, 11], "uv_size": [1.5, 0.5]},
								"down": {"uv": [22, 12.5], "uv_size": [1.5, -0.5]}
							}
						}
					]
				}
			]
		}
	]
}