{
	"credit": "Made by tjwhangLeime",
	"texture_size": [32, 32],
	"textures": {
		"0": "weapons/gun_pps43",
		"particle": "weapons/gun_pps43"
	},
	"elements": [
		{
			"name": "main",
			"from": [6.88193, 6.26203, 13.78841],
			"to": [8.31808, 7.59037, 14.32609],
			"rotation": {"angle": -22.5, "axis": "x", "origin": [7.6, 7.05199, 13.78771]},
			"faces": {
				"north": {"uv": [7.5, 10.5, 8.5, 11.5], "texture": "#0"},
				"east": {"uv": [6.5, 12.5, 6.875, 13.5], "texture": "#0"},
				"south": {"uv": [10, 10.5, 11, 11.5], "texture": "#0"},
				"west": {"uv": [12.5, 6.5, 12.875, 7.5], "texture": "#0"},
				"up": {"uv": [8.5, 12.875, 7.5, 12.5], "texture": "#0"},
				"down": {"uv": [11, 12.5, 10, 12.875], "texture": "#0"}
			}
		},
		{
			"name": "main",
			"from": [6.88123, 6.31878, 3.97901],
			"to": [8.31878, 7.75634, 14.07946],
			"rotation": {"angle": 0, "axis": "y", "origin": [2, 0, 5]},
			"faces": {
				"north": {"uv": [1, 11, 2, 12], "texture": "#0"},
				"east": {"uv": [0, 0, 7.25, 1], "texture": "#0"},
				"south": {"uv": [3, 11, 4, 12], "texture": "#0"},
				"west": {"uv": [0, 1, 7.25, 2], "texture": "#0"},
				"up": {"uv": [1, 9.25, 0, 2], "texture": "#0"},
				"down": {"uv": [2, 2, 1, 9.25], "texture": "#0"}
			}
		},
		{
			"name": "main",
			"from": [6.95123, 6.38878, 4.04901],
			"to": [8.24878, 7.68634, 14.00946],
			"rotation": {"angle": 0, "axis": "y", "origin": [2, 0, 5]},
			"faces": {
				"north": {"uv": [15, 7.25, 15.125, 7.375], "texture": "#0"},
				"east": {"uv": [15, 7.25, 15.125, 7.375], "texture": "#0"},
				"south": {"uv": [15, 7.25, 15.125, 7.375], "texture": "#0"},
				"west": {"uv": [15, 7.25, 15.125, 7.375], "texture": "#0"},
				"up": {"uv": [15, 7.25, 15.125, 7.375], "texture": "#0"},
				"down": {"uv": [15, 7.25, 15.125, 7.375], "texture": "#0"}
			}
		},
		{
			"name": "main",
			"from": [6.70152, 6.13908, 2.54145],
			"to": [8.49847, 7.93603, 3.97901],
			"rotation": {"angle": 0, "axis": "y", "origin": [2, 0, 5]},
			"faces": {
				"north": {"uv": [6, 9.5, 7.25, 10.75], "texture": "#0"},
				"east": {"uv": [1, 9.5, 2, 10.75], "texture": "#0"},
				"south": {"uv": [10, 6, 11.25, 7.25], "texture": "#0"},
				"west": {"uv": [5, 10, 6, 11.25], "texture": "#0"},
				"up": {"uv": [8.75, 2, 7.5, 1], "texture": "#0"},
				"down": {"uv": [10.25, 1, 9, 2], "texture": "#0"}
			}
		},
		{
			"name": "main",
			"from": [7.23593, 6.85317, -4.64633],
			"to": [7.96407, 7.58134, 2.54145],
			"rotation": {"angle": 0, "axis": "y", "origin": [2, 0, 5]},
			"faces": {
				"north": {"uv": [8.5, 12.5, 9, 13], "texture": "#0"},
				"east": {"uv": [7.5, 0, 12.625, 0.5], "texture": "#0"},
				"south": {"uv": [2.5, 13, 3, 13.5], "texture": "#0"},
				"west": {"uv": [7.5, 0.5, 12.625, 1], "texture": "#0"},
				"up": {"uv": [2.5, 12.625, 2, 7.5], "texture": "#0"},
				"down": {"uv": [3, 7.5, 2.5, 12.625], "texture": "#0"}
			}
		},
		{
			"name": "main",
			"from": [6.88123, 7.75634, -4.46664],
			"to": [7.24061, 8.47512, -3.38847],
			"rotation": {"angle": 0, "axis": "y", "origin": [2, 0, 5]},
			"faces": {
				"north": {"uv": [0, 13.5, 0.25, 14], "texture": "#0"},
				"east": {"uv": [12.5, 10.5, 13.25, 11], "texture": "#0"},
				"south": {"uv": [0.5, 13.5, 0.75, 14], "texture": "#0"},
				"west": {"uv": [12.5, 11, 13.25, 11.5], "texture": "#0"},
				"up": {"uv": [13.25, 7.25, 13, 6.5], "texture": "#0"},
				"down": {"uv": [7.25, 13, 7, 13.75], "texture": "#0"}
			}
		},
		{
			"name": "main",
			"from": [7.95939, 7.75634, -4.46664],
			"to": [8.31878, 8.47512, -3.38847],
			"rotation": {"angle": 0, "axis": "y", "origin": [2, 0, 5]},
			"faces": {
				"north": {"uv": [1, 13.5, 1.25, 14], "texture": "#0"},
				"east": {"uv": [12.5, 11.5, 13.25, 12], "texture": "#0"},
				"south": {"uv": [1.5, 13.5, 1.75, 14], "texture": "#0"},
				"west": {"uv": [12.5, 12, 13.25, 12.5], "texture": "#0"},
				"up": {"uv": [7.75, 13.75, 7.5, 13], "texture": "#0"},
				"down": {"uv": [13.25, 7.5, 13, 8.25], "texture": "#0"}
			}
		},
		{
			"name": "main",
			"from": [7.24061, 7.75634, -4.28694],
			"to": [7.95939, 8.11572, -3.56816],
			"rotation": {"angle": 0, "axis": "y", "origin": [2, 0, 5]},
			"faces": {
				"north": {"uv": [2, 13.5, 2.5, 13.75], "texture": "#0"},
				"east": {"uv": [2.5, 13.5, 3, 13.75], "texture": "#0"},
				"south": {"uv": [13.5, 2.5, 14, 2.75], "texture": "#0"},
				"west": {"uv": [3, 13.5, 3.5, 13.75], "texture": "#0"},
				"up": {"uv": [13.5, 3, 13, 2.5], "texture": "#0"},
				"down": {"uv": [3.5, 13, 3, 13.5], "texture": "#0"}
			}
		},
		{
			"name": "main",
			"from": [6.95123, 7.75564, -4.64633],
			"to": [8.24878, 7.75564, 2.54145],
			"rotation": {"angle": 0, "axis": "y", "origin": [2, 0, 5]},
			"faces": {
				"north": {"uv": [0, 0, 0.875, 0], "texture": "#0"},
				"east": {"uv": [0, 0, 5.125, 0], "texture": "#0"},
				"south": {"uv": [0, 0, 0.875, 0], "texture": "#0"},
				"west": {"uv": [0, 0, 5.125, 0], "texture": "#0"},
				"up": {"uv": [2.875, 7.125, 2, 2], "texture": "#0"},
				"down": {"uv": [3.875, 2, 3, 7.125], "texture": "#0"}
			}
		},
		{
			"name": "main",
			"from": [6.95123, 6.67747, -4.64633],
			"to": [8.24878, 6.67747, 2.54145],
			"rotation": {"angle": 0, "axis": "y", "origin": [2, 0, 5]},
			"faces": {
				"north": {"uv": [0, 0, 0.875, 0], "texture": "#0"},
				"east": {"uv": [0, 0, 5.125, 0], "texture": "#0"},
				"south": {"uv": [0, 0, 0.875, 0], "texture": "#0"},
				"west": {"uv": [0, 0, 5.125, 0], "texture": "#0"},
				"up": {"uv": [4.875, 7.125, 4, 2], "texture": "#0"},
				"down": {"uv": [5.875, 2, 5, 7.125], "texture": "#0"}
			}
		},
		{
			"name": "main",
			"from": [8.22893, 6.67817, -4.64633],
			"to": [8.22893, 7.75634, 2.54145],
			"rotation": {"angle": 0, "axis": "y", "origin": [2, 0, 5]},
			"faces": {
				"north": {"uv": [0, 0, 0, 0.75], "texture": "#0"},
				"east": {"uv": [6, 2, 11.125, 2.75], "texture": "#0"},
				"south": {"uv": [0, 0, 0, 0.75], "texture": "#0"},
				"west": {"uv": [6, 3, 11.125, 3.75], "texture": "#0"},
				"up": {"uv": [0, 5.125, 0, 0], "texture": "#0"},
				"down": {"uv": [0, 0, 0, 5.125], "texture": "#0"}
			}
		},
		{
			"name": "main",
			"from": [6.97107, 6.67817, -4.64633],
			"to": [6.97107, 7.75634, 2.54145],
			"rotation": {"angle": 0, "axis": "y", "origin": [2, 0, 5]},
			"faces": {
				"north": {"uv": [0, 0, 0, 0.75], "texture": "#0"},
				"east": {"uv": [6, 4, 11.125, 4.75], "texture": "#0"},
				"south": {"uv": [0, 0, 0, 0.75], "texture": "#0"},
				"west": {"uv": [6, 5, 11.125, 5.75], "texture": "#0"},
				"up": {"uv": [0, 5.125, 0, 0], "texture": "#0"},
				"down": {"uv": [0, 0, 0, 5.125], "texture": "#0"}
			}
		},
		{
			"name": "main",
			"from": [6.95123, 7.75634, -6.08389],
			"to": [8.24878, 7.75634, -4.64634],
			"rotation": {"angle": 0, "axis": "y", "origin": [2, 0, 5]},
			"faces": {
				"north": {"uv": [0, 0, 0.875, 0], "texture": "#0"},
				"east": {"uv": [0, 0, 1, 0], "texture": "#0"},
				"south": {"uv": [0, 0, 0.875, 0], "texture": "#0"},
				"west": {"uv": [0, 0, 1, 0], "texture": "#0"},
				"up": {"uv": [5.875, 12.5, 5, 11.5], "texture": "#0"},
				"down": {"uv": [12.375, 5.5, 11.5, 6.5], "texture": "#0"}
			}
		},
		{
			"name": "main",
			"from": [6.95123, 6.67817, -6.08389],
			"to": [8.24878, 7.75634, -6.08389],
			"rotation": {"angle": 0, "axis": "y", "origin": [2, 0, 5]},
			"faces": {
				"north": {"uv": [10, 11.5, 10.875, 12.25], "texture": "#0"},
				"east": {"uv": [0, 0, 0, 0.75], "texture": "#0"},
				"south": {"uv": [1, 12, 1.875, 12.75], "texture": "#0"},
				"west": {"uv": [0, 0, 0, 0.75], "texture": "#0"},
				"up": {"uv": [0.875, 0, 0, 0], "texture": "#0"},
				"down": {"uv": [0.875, 0, 0, 0], "texture": "#0"}
			}
		},
		{
			"name": "main",
			"from": [6.95123, 6.67817, -6.08389],
			"to": [8.24878, 6.67817, -4.64634],
			"rotation": {"angle": 0, "axis": "y", "origin": [2, 0, 5]},
			"faces": {
				"north": {"uv": [0, 0, 0.875, 0], "texture": "#0"},
				"east": {"uv": [0, 0, 1, 0], "texture": "#0"},
				"south": {"uv": [0, 0, 0.875, 0], "texture": "#0"},
				"west": {"uv": [0, 0, 1, 0], "texture": "#0"},
				"up": {"uv": [12.375, 7.5, 11.5, 6.5], "texture": "#0"},
				"down": {"uv": [8.375, 11.5, 7.5, 12.5], "texture": "#0"}
			}
		},
		{
			"name": "main",
			"from": [7.06092, 7.75634, 7.03382],
			"to": [8.13908, 8.11572, 8.83076],
			"rotation": {"angle": 0, "axis": "y", "origin": [2, 0, 5]},
			"faces": {
				"north": {"uv": [8, 13, 8.75, 13.25], "texture": "#0"},
				"east": {"uv": [13, 0.5, 14.25, 0.75], "texture": "#0"},
				"south": {"uv": [13, 8.5, 13.75, 8.75], "texture": "#0"},
				"west": {"uv": [1, 13, 2.25, 13.25], "texture": "#0"},
				"up": {"uv": [4.75, 12.25, 4, 11], "texture": "#0"},
				"down": {"uv": [6.75, 11, 6, 12.25], "texture": "#0"}
			}
		},
		{
			"name": "main",
			"from": [7.95939, 8.11572, 7.5729],
			"to": [8.13908, 8.65481, 8.29168],
			"rotation": {"angle": 0, "axis": "y", "origin": [2, 0, 5]},
			"faces": {
				"north": {"uv": [13.5, 12, 13.625, 12.375], "texture": "#0"},
				"east": {"uv": [9, 13, 9.5, 13.375], "texture": "#0"},
				"south": {"uv": [13.5, 12.5, 13.625, 12.875], "texture": "#0"},
				"west": {"uv": [9.5, 13, 10, 13.375], "texture": "#0"},
				"up": {"uv": [6.625, 14, 6.5, 13.5], "texture": "#0"},
				"down": {"uv": [13.625, 6.5, 13.5, 7], "texture": "#0"}
			}
		},
		{
			"name": "main",
			"from": [7.06092, 8.11572, 7.5729],
			"to": [7.24061, 8.65481, 8.29168],
			"rotation": {"angle": 0, "axis": "y", "origin": [2, 0, 5]},
			"faces": {
				"north": {"uv": [13.5, 13, 13.625, 13.375], "texture": "#0"},
				"east": {"uv": [10, 13, 10.5, 13.375], "texture": "#0"},
				"south": {"uv": [13.5, 13.5, 13.625, 13.875], "texture": "#0"},
				"west": {"uv": [10.5, 13, 11, 13.375], "texture": "#0"},
				"up": {"uv": [13.625, 7.5, 13.5, 7], "texture": "#0"},
				"down": {"uv": [13.625, 7.5, 13.5, 8], "texture": "#0"}
			}
		},
		{
			"name": "main",
			"from": [7.06092, 2.3655, 12.10282],
			"to": [8.13908, 6.67817, 13.36069],
			"rotation": {"angle": -22.5, "axis": "x", "origin": [7.6, 5.6, 12.64191]},
			"faces": {
				"north": {"uv": [3, 7.5, 3.75, 10.625], "texture": "#0"},
				"east": {"uv": [6, 6, 6.875, 9.125], "texture": "#0"},
				"south": {"uv": [4, 7.5, 4.75, 10.625], "texture": "#0"},
				"west": {"uv": [7, 6, 7.875, 9.125], "texture": "#0"},
				"up": {"uv": [12.75, 2.375, 12, 1.5], "texture": "#0"},
				"down": {"uv": [12.75, 2.5, 12, 3.375], "texture": "#0"}
			}
		},
		{
			"name": "main",
			"from": [7.06092, 4.64423, 4.16619],
			"to": [8.13908, 6.44118, 5.42405],
			"rotation": {"angle": 0, "axis": "y", "origin": [2, 0, 5]},
			"faces": {
				"north": {"uv": [11, 7.5, 11.75, 8.75], "texture": "#0"},
				"east": {"uv": [10, 7.5, 10.875, 8.75], "texture": "#0"},
				"south": {"uv": [11, 10.5, 11.75, 11.75], "texture": "#0"},
				"west": {"uv": [9, 10, 9.875, 11.25], "texture": "#0"},
				"up": {"uv": [3.75, 12.875, 3, 12], "texture": "#0"},
				"down": {"uv": [12.75, 3.5, 12, 4.375], "texture": "#0"}
			}
		},
		{
			"name": "main",
			"from": [7.06163, 4.97435, 5.10847],
			"to": [8.13836, 5.69169, 6.3649],
			"rotation": {"angle": -22.5, "axis": "x", "origin": [7.6, 5.60256, 6.09607]},
			"faces": {
				"north": {"uv": [12.5, 12.5, 13.25, 13], "texture": "#0"},
				"east": {"uv": [10.5, 1.5, 11.375, 2], "texture": "#0"},
				"south": {"uv": [13, 0, 13.75, 0.5], "texture": "#0"},
				"west": {"uv": [12, 8.5, 12.875, 9], "texture": "#0"},
				"up": {"uv": [12.75, 5.375, 12, 4.5], "texture": "#0"},
				"down": {"uv": [12.75, 7.5, 12, 8.375], "texture": "#0"}
			}
		},
		{
			"name": "main",
			"from": [7.24061, 5.00362, 5.42405],
			"to": [7.95939, 6.44118, 6.14283],
			"rotation": {"angle": 0, "axis": "y", "origin": [2, 0, 5]},
			"faces": {
				"north": {"uv": [7.5, 9.5, 8, 10.5], "texture": "#0"},
				"east": {"uv": [11.5, 12, 12, 13], "texture": "#0"},
				"south": {"uv": [4, 12.5, 4.5, 13.5], "texture": "#0"},
				"west": {"uv": [4.5, 12.5, 5, 13.5], "texture": "#0"},
				"up": {"uv": [13.5, 3.5, 13, 3], "texture": "#0"},
				"down": {"uv": [4, 13, 3.5, 13.5], "texture": "#0"}
			}
		},
		{
			"name": "main",
			"from": [7.24061, 5.0094, 10.02725],
			"to": [7.95939, 5.1891, 12.72267],
			"rotation": {"angle": 0, "axis": "y", "origin": [2, 0, 5]},
			"faces": {
				"north": {"uv": [8, 13.5, 8.5, 13.625], "texture": "#0"},
				"east": {"uv": [13, 5.5, 14.875, 5.625], "texture": "#0"},
				"south": {"uv": [13.5, 8, 14, 8.125], "texture": "#0"},
				"west": {"uv": [13, 6, 14.875, 6.125], "texture": "#0"},
				"up": {"uv": [12, 3.375, 11.5, 1.5], "texture": "#0"},
				"down": {"uv": [12, 3.5, 11.5, 5.375], "texture": "#0"}
			}
		},
		{
			"name": "main",
			"from": [7.24061, 4.96855, 9.64219],
			"to": [7.95939, 6.94519, 9.82189],
			"rotation": {"angle": -22.5, "axis": "x", "origin": [7.6, 5.95687, 9.73204]},
			"faces": {
				"north": {"uv": [9, 11.5, 9.5, 12.875], "texture": "#0"},
				"east": {"uv": [12.5, 13, 12.625, 14.375], "texture": "#0"},
				"south": {"uv": [9.5, 11.5, 10, 12.875], "texture": "#0"},
				"west": {"uv": [13, 13, 13.125, 14.375], "texture": "#0"},
				"up": {"uv": [9, 13.625, 8.5, 13.5], "texture": "#0"},
				"down": {"uv": [9.5, 13.5, 9, 13.625], "texture": "#0"}
			}
		},
		{
			"name": "main",
			"from": [7.42031, 5.69154, 10.93594],
			"to": [7.7797, 6.76971, 11.11563],
			"rotation": {"angle": -22.5, "axis": "x", "origin": [7.6, 6.59001, 11.02578]},
			"faces": {
				"north": {"uv": [11.5, 13, 11.75, 13.75], "texture": "#0"},
				"east": {"uv": [13.5, 3, 13.625, 3.75], "texture": "#0"},
				"south": {"uv": [12, 13, 12.25, 13.75], "texture": "#0"},
				"west": {"uv": [3.5, 13.5, 3.625, 14.25], "texture": "#0"},
				"up": {"uv": [0.75, 14.125, 0.5, 14], "texture": "#0"},
				"down": {"uv": [1.25, 14, 1, 14.125], "texture": "#0"}
			}
		},
		{
			"name": "main",
			"from": [7.42031, 5.33065, 11.07347],
			"to": [7.7797, 5.86973, 11.25316],
			"rotation": {"angle": 22.5, "axis": "x", "origin": [7.6, 5.33065, 11.16332]},
			"faces": {
				"north": {"uv": [4, 13.5, 4.25, 13.875], "texture": "#0"},
				"east": {"uv": [0, 14, 0.125, 14.375], "texture": "#0"},
				"south": {"uv": [13.5, 4, 13.75, 4.375], "texture": "#0"},
				"west": {"uv": [14, 0, 14.125, 0.375], "texture": "#0"},
				"up": {"uv": [1.75, 14.125, 1.5, 14], "texture": "#0"},
				"down": {"uv": [14.25, 1.5, 14, 1.625], "texture": "#0"}
			}
		},
		{
			"name": "main",
			"from": [8.31948, 6.66878, 13.47855],
			"to": [8.49448, 7.36878, 14.17855],
			"rotation": {"angle": 0, "axis": "y", "origin": [2, 0, 5]},
			"faces": {
				"north": {"uv": [9.5, 13.5, 9.625, 14], "texture": "#0"},
				"east": {"uv": [13, 3.5, 13.5, 4], "texture": "#0"},
				"south": {"uv": [10, 13.5, 10.125, 14], "texture": "#0"},
				"west": {"uv": [13, 4, 13.5, 4.5], "texture": "#0"},
				"up": {"uv": [10.625, 14, 10.5, 13.5], "texture": "#0"},
				"down": {"uv": [13.625, 10.5, 13.5, 11], "texture": "#0"}
			}
		},
		{
			"name": "main",
			"from": [6.70552, 6.66878, 13.47855],
			"to": [6.88052, 7.36878, 14.17855],
			"rotation": {"angle": 0, "axis": "y", "origin": [2, 0, 5]},
			"faces": {
				"north": {"uv": [9.625, 13.5, 9.5, 14], "texture": "#0"},
				"east": {"uv": [13.5, 4, 13, 4.5], "texture": "#0"},
				"south": {"uv": [10.125, 13.5, 10, 14], "texture": "#0"},
				"west": {"uv": [13.5, 3.5, 13, 4], "texture": "#0"},
				"up": {"uv": [10.5, 14, 10.625, 13.5], "texture": "#0"},
				"down": {"uv": [13.5, 10.5, 13.625, 11], "texture": "#0"}
			}
		},
		{
			"name": "eject",
			"from": [8.118, 7.77, 5.315],
			"to": [8.118, 7.77, 5.315],
			"rotation": {"angle": 0, "axis": "y", "origin": [2, 0, 5]},
			"faces": {
				"north": {"uv": [14.5, 10, 15.125, 10.625], "texture": "#0"},
				"east": {"uv": [13.5, 14, 14.25, 14.625], "texture": "#0"},
				"south": {"uv": [14.5, 11, 15.125, 11.625], "texture": "#0"},
				"west": {"uv": [14.5, 0, 15.25, 0.625], "texture": "#0"},
				"up": {"uv": [15.125, 5.25, 14.5, 4.5], "texture": "#0"},
				"down": {"uv": [6.625, 14.5, 6, 15.25], "texture": "#0"}
			}
		},
		{
			"name": "mag",
			"from": [7.24131, 2.35439, 4.3118],
			"to": [7.95869, 5.04841, 5.56826],
			"rotation": {"angle": 0, "axis": "x", "origin": [7.6, 2.52533, 4.70609]},
			"faces": {
				"north": {"uv": [8.5, 10.5, 9, 12.375], "texture": "#0"},
				"east": {"uv": [8, 8.5, 8.875, 10.375], "texture": "#0"},
				"south": {"uv": [7, 11, 7.5, 12.875], "texture": "#0"},
				"west": {"uv": [9, 6, 9.875, 7.875], "texture": "#0"},
				"up": {"uv": [5.5, 13.375, 5, 12.5], "texture": "#0"},
				"down": {"uv": [6, 12.5, 5.5, 13.375], "texture": "#0"}
			}
		},
		{
			"name": "mag",
			"from": [7.24061, 0.00155, 4.31109],
			"to": [7.95939, 2.69697, 5.56896],
			"rotation": {"angle": 22.5, "axis": "x", "origin": [7.6, 2.52533, 4.70609]},
			"faces": {
				"north": {"uv": [0, 11.5, 0.5, 13.375], "rotation": 180, "texture": "#0"},
				"east": {"uv": [9, 8, 9.875, 9.875], "rotation": 90, "texture": "#0"},
				"south": {"uv": [0.5, 11.5, 1, 13.375], "texture": "#0"},
				"west": {"uv": [0, 9.5, 0.875, 11.375], "rotation": 270, "texture": "#0"},
				"up": {"uv": [13, 6.375, 12.5, 5.5], "texture": "#0"},
				"down": {"uv": [6.5, 12.5, 6, 13.375], "rotation": 180, "texture": "#0"}
			}
		},
		{
			"name": "muzzleflash",
			"from": [7.593, 7.175, -6.375],
			"to": [7.593, 7.175, -6.375],
			"rotation": {"angle": 0, "axis": "y", "origin": [2, 0, 5]},
			"faces": {
				"north": {"uv": [14.5, 10, 15.125, 10.625], "texture": "#0"},
				"east": {"uv": [13.5, 14, 14.25, 14.625], "texture": "#0"},
				"south": {"uv": [14.5, 11, 15.125, 11.625], "texture": "#0"},
				"west": {"uv": [14.5, 0, 15.25, 0.625], "texture": "#0"},
				"up": {"uv": [15.125, 5.25, 14.5, 4.5], "texture": "#0"},
				"down": {"uv": [6.625, 14.5, 6, 15.25], "texture": "#0"}
			}
		},
		{
			"name": "slide_internal",
			"from": [6.91623, 6.35378, 4.51401],
			"to": [8.28378, 7.72134, 12.29446],
			"rotation": {"angle": 0, "axis": "y", "origin": [2, 0, 5.5]},
			"faces": {
				"north": {"uv": [14.875, 7.25, 15, 8.25], "texture": "#0"},
				"east": {"uv": [14.875, 7.25, 15, 8.25], "texture": "#0"},
				"south": {"uv": [14.875, 7.25, 15, 8.25], "texture": "#0"},
				"west": {"uv": [14.875, 7.25, 15, 8.25], "texture": "#0"},
				"up": {"uv": [15.875, 7.25, 14.875, 0], "texture": "#0"},
				"down": {"uv": [15.875, 7.25, 14.875, 0], "texture": "#0"}
			}
		},
		{
			"name": "slide",
			"from": [8.29733, 6.86128, 7.10401],
			"to": [9.20989, 7.03628, 7.57946],
			"rotation": {"angle": 0, "axis": "y", "origin": [2, 0, 5.5]},
			"faces": {
				"north": {"uv": [4.5, 13.5, 5.125, 13.625], "texture": "#0"},
				"east": {"uv": [13.5, 11, 13.875, 11.125], "texture": "#0"},
				"south": {"uv": [5.5, 13.5, 6.125, 13.625], "texture": "#0"},
				"west": {"uv": [13.5, 11.5, 13.875, 11.625], "texture": "#0"},
				"up": {"uv": [13.625, 4.875, 13, 4.5], "texture": "#0"},
				"down": {"uv": [13.625, 5, 13, 5.375], "texture": "#0"}
			}
		},
		{
			"name": "stock",
			"from": [6.8811, 5.15299, 13.66053],
			"to": [6.8811, 5.54055, 19.56098],
			"rotation": {"angle": 22.5, "axis": "x", "origin": [12.6, 5.32752, 18.0406]},
			"faces": {
				"north": {"uv": [0, 0, 0, 0.25], "texture": "#0"},
				"east": {"uv": [10, 10, 14.25, 10.25], "texture": "#0"},
				"south": {"uv": [0, 0, 0, 0.25], "texture": "#0"},
				"west": {"uv": [10.5, 1, 14.75, 1.25], "texture": "#0"},
				"up": {"uv": [0, 4.25, 0, 0], "texture": "#0"},
				"down": {"uv": [0, 0, 0, 4.25], "texture": "#0"}
			}
		},
		{
			"name": "stock",
			"from": [8.31878, 5.15299, 13.66053],
			"to": [8.31878, 5.54055, 19.56098],
			"rotation": {"angle": 22.5, "axis": "x", "origin": [12.6, 5.32752, 18.0406]},
			"faces": {
				"north": {"uv": [0, 0, 0, 0.25], "texture": "#0"},
				"east": {"uv": [10, 9, 14.25, 9.25], "texture": "#0"},
				"south": {"uv": [0, 0, 0, 0.25], "texture": "#0"},
				"west": {"uv": [10, 9.5, 14.25, 9.75], "texture": "#0"},
				"up": {"uv": [0, 4.25, 0, 0], "texture": "#0"},
				"down": {"uv": [0, 0, 0, 4.25], "texture": "#0"}
			}
		},
		{
			"name": "stock_back",
			"from": [6.88123, 3.16878, 19.20401],
			"to": [8.31878, 6.35634, 19.50446],
			"rotation": {"angle": 0, "axis": "y", "origin": [7, 0, 5]},
			"faces": {
				"north": {"uv": [5, 7.5, 6, 9.75], "texture": "#0"},
				"east": {"uv": [12, 10.5, 12.25, 12.75], "texture": "#0"},
				"south": {"uv": [8, 6, 9, 8.25], "texture": "#0"},
				"west": {"uv": [11, 12, 11.25, 14.25], "texture": "#0"},
				"up": {"uv": [14, 1.75, 13, 1.5], "texture": "#0"},
				"down": {"uv": [14, 2, 13, 2.25], "texture": "#0"}
			}
		}
	],
	"display": {
		"thirdperson_righthand": {
			"rotation": [1.1, -7.21, 3.35],
			"translation": [0, 1.75, -2.5],
			"scale": [0.8, 0.8, 0.8]
		},
		"firstperson_righthand": {
			"rotation": [21.94, 10.61, 33.42],
			"translation": [-10.25, 5.75, 1],
			"scale": [1, 1.2, 1.2]
		},
		"gui": {
			"rotation": [91.47, 47.97, -91.16],
			"translation": [2.25, 1.5, 0]
		},
		"fixed": {
			"rotation": [92.45, -59.22, 92.13],
			"translation": [-2.25, 1.75, 0]
		}
	},
	"groups": [
		0,
		1,
		2,
		3,
		4,
		5,
		6,
		7,
		8,
		9,
		10,
		11,
		12,
		13,
		14,
		15,
		16,
		17,
		18,
		19,
		20,
		21,
		22,
		23,
		24,
		25,
		26,
		27,
		28,
		29,
		30,
		31,
		{
			"name": "bolt",
			"origin": [2, 0, 5],
			"color": 0,
			"children": [32, 33]
		},
		34,
		35,
		36
	]
}