{
	"credit": "Made by tjwhangLeime",
	"texture_size": [64, 64],
	"textures": {
		"0": "weapons/gun_mg34",
		"particle": "weapons/gun_mg34"
	},
	"elements": [
		{
			"name": "main",
			"from": [7.0712, 6.01856, 26.71072],
			"to": [8.9288, 7.50464, 31.41664],
			"faces": {
				"north": {"uv": [3.5, 5.75, 3.9375, 6.125], "texture": "#0"},
				"east": {"uv": [3, 2, 4.1875, 2.375], "texture": "#0"},
				"south": {"uv": [2.5, 6, 2.9375, 6.375], "texture": "#0"},
				"west": {"uv": [3, 2.5, 4.1875, 2.875], "texture": "#0"},
				"up": {"uv": [2.4375, 3.1875, 2, 2], "texture": "#0"},
				"down": {"uv": [2.9375, 2, 2.5, 3.1875], "texture": "#0"}
			}
		},
		{
			"name": "main",
			"from": [7.0712, 6.01856, 17.03832],
			"to": [8.9288, 7.50464, 26.71072],
			"faces": {
				"north": {"uv": [3, 6, 3.4375, 6.375], "texture": "#0"},
				"east": {"uv": [2, 1, 4.4375, 1.375], "texture": "#0"},
				"south": {"uv": [6, 3.75, 6.4375, 4.125], "texture": "#0"},
				"west": {"uv": [2, 1.5, 4.4375, 1.875], "texture": "#0"},
				"up": {"uv": [1.4375, 3.4375, 1, 1], "texture": "#0"},
				"down": {"uv": [1.9375, 1, 1.5, 3.4375], "texture": "#0"}
			}
		},
		{
			"name": "main",
			"from": [7.0712, 6.01856, 16.61592],
			"to": [8.9288, 7.50464, 17.03832],
			"faces": {
				"north": {"uv": [4, 6, 4.4375, 6.375], "texture": "#0"},
				"east": {"uv": [2, 7.5, 2.125, 7.875], "texture": "#0"},
				"south": {"uv": [6, 4.25, 6.4375, 4.625], "texture": "#0"},
				"west": {"uv": [2.25, 7.5, 2.375, 7.875], "texture": "#0"},
				"up": {"uv": [7.9375, 0.625, 7.5, 0.5], "texture": "#0"},
				"down": {"uv": [7.9375, 0.75, 7.5, 0.875], "texture": "#0"}
			}
		},
		{
			"name": "main",
			"from": [9.15564, 6.17576, 14.44352],
			"to": [10.06674, 7.11184, 16.61592],
			"faces": {
				"north": {"uv": [4.25, 2.75, 4.5, 3], "texture": "#0"},
				"east": {"uv": [6, 5.5, 6.5625, 5.75], "texture": "#0"},
				"south": {"uv": [3.75, 6.25, 4, 6.5], "texture": "#0"},
				"west": {"uv": [6, 5.75, 6.5625, 6], "texture": "#0"},
				"up": {"uv": [6.25, 6.5625, 6, 6], "texture": "#0"},
				"down": {"uv": [1.75, 6.25, 1.5, 6.8125], "texture": "#0"}
			}
		},
		{
			"name": "main",
			"from": [6.8212, 7.50464, 14.44352],
			"to": [7.2323, 7.92704, 15.11592],
			"faces": {
				"north": {"uv": [8, 7, 8.125, 7.125], "texture": "#0"},
				"east": {"uv": [8, 0.75, 8.1875, 0.875], "texture": "#0"},
				"south": {"uv": [7.25, 8, 7.375, 8.125], "texture": "#0"},
				"west": {"uv": [1.25, 8, 1.4375, 8.125], "texture": "#0"},
				"up": {"uv": [1.625, 8.1875, 1.5, 8], "texture": "#0"},
				"down": {"uv": [8.125, 1.5, 8, 1.6875], "texture": "#0"}
			}
		},
		{
			"name": "main",
			"from": [7.2323, 8.42704, 14.56852],
			"to": [7.8934, 8.69944, 14.64092],
			"faces": {
				"north": {"uv": [4.5, 8.25, 4.6875, 8.3125], "texture": "#0"},
				"east": {"uv": [1.5, 8.5, 1.5625, 8.5625], "texture": "#0"},
				"south": {"uv": [8.25, 4.5, 8.4375, 4.5625], "texture": "#0"},
				"west": {"uv": [8.5, 1.5, 8.5625, 1.5625], "texture": "#0"},
				"up": {"uv": [4.9375, 8.3125, 4.75, 8.25], "texture": "#0"},
				"down": {"uv": [8.4375, 4.75, 8.25, 4.8125], "texture": "#0"}
			}
		},
		{
			"name": "main",
			"from": [9.00618, 6.60781, 14.44452],
			"to": [9.96528, 7.34189, 16.61492],
			"rotation": {"angle": -22.5, "axis": "z", "origin": [9.43573, 6.97485, 15.52972]},
			"faces": {
				"north": {"uv": [2.75, 7.5, 3, 7.6875], "texture": "#0"},
				"east": {"uv": [7, 3.25, 7.5625, 3.4375], "texture": "#0"},
				"south": {"uv": [7.5, 2.75, 7.75, 2.9375], "texture": "#0"},
				"west": {"uv": [3.5, 7, 4.0625, 7.1875], "texture": "#0"},
				"up": {"uv": [2, 6.8125, 1.75, 6.25], "texture": "#0"},
				"down": {"uv": [2.25, 6.25, 2, 6.8125], "texture": "#0"}
			}
		},
		{
			"name": "main",
			"from": [9.00238, 5.96485, 14.44452],
			"to": [9.96148, 6.69893, 16.61492],
			"rotation": {"angle": 22.5, "axis": "z", "origin": [9.48193, 6.33189, 15.52972]},
			"faces": {
				"north": {"uv": [3, 7.5, 3.25, 7.6875], "texture": "#0"},
				"east": {"uv": [7, 3.5, 7.5625, 3.6875], "texture": "#0"},
				"south": {"uv": [7.5, 3, 7.75, 3.1875], "texture": "#0"},
				"west": {"uv": [7, 3.75, 7.5625, 3.9375], "texture": "#0"},
				"up": {"uv": [2.5, 6.8125, 2.25, 6.25], "texture": "#0"},
				"down": {"uv": [3.75, 6.25, 3.5, 6.8125], "texture": "#0"}
			}
		},
		{
			"name": "main",
			"from": [6.8212, 5.76856, 14.44352],
			"to": [9.1788, 7.50464, 16.61592],
			"faces": {
				"north": {"uv": [5, 1.75, 5.5625, 2.1875], "texture": "#0"},
				"east": {"uv": [5, 2.25, 5.5625, 2.6875], "texture": "#0"},
				"south": {"uv": [5, 2.75, 5.5625, 3.1875], "texture": "#0"},
				"west": {"uv": [5, 3.25, 5.5625, 3.6875], "texture": "#0"},
				"up": {"uv": [4.8125, 2.5625, 4.25, 2], "texture": "#0"},
				"down": {"uv": [5.0625, 1, 4.5, 1.5625], "texture": "#0"}
			}
		},
		{
			"name": "main",
			"from": [7.15695, 5.79356, 1.27112],
			"to": [8.84305, 7.47964, 2.44352],
			"faces": {
				"north": {"uv": [3.5, 5.25, 3.9375, 5.6875], "texture": "#0"},
				"east": {"uv": [6.5, 2.75, 6.8125, 3.1875], "texture": "#0"},
				"south": {"uv": [2.5, 5.5, 2.9375, 5.9375], "texture": "#0"},
				"west": {"uv": [3, 6.5, 3.3125, 6.9375], "texture": "#0"},
				"up": {"uv": [6.9375, 3.5625, 6.5, 3.25], "texture": "#0"},
				"down": {"uv": [4.1875, 6.5, 3.75, 6.8125], "texture": "#0"}
			}
		},
		{
			"name": "main",
			"from": [7.15695, 5.79356, -4.82888],
			"to": [8.84305, 7.47964, -3.65648],
			"faces": {
				"north": {"uv": [3, 5.5, 3.4375, 5.9375], "texture": "#0"},
				"east": {"uv": [6.5, 3.75, 6.8125, 4.1875], "texture": "#0"},
				"south": {"uv": [5.5, 3.75, 5.9375, 4.1875], "texture": "#0"},
				"west": {"uv": [4.25, 6.5, 4.5625, 6.9375], "texture": "#0"},
				"up": {"uv": [6.9375, 4.5625, 6.5, 4.25], "texture": "#0"},
				"down": {"uv": [5.1875, 6.5, 4.75, 6.8125], "texture": "#0"}
			}
		},
		{
			"name": "main",
			"from": [7.90695, 6.87964, -4.47888],
			"to": [8.09305, 8.56572, -4.00648],
			"faces": {
				"north": {"uv": [7.75, 7.75, 7.8125, 8.1875], "texture": "#0"},
				"east": {"uv": [5.75, 7.25, 5.875, 7.6875], "texture": "#0"},
				"south": {"uv": [0, 8, 0.0625, 8.4375], "texture": "#0"},
				"west": {"uv": [7.5, 1, 7.625, 1.4375], "texture": "#0"},
				"up": {"uv": [8.3125, 7.125, 8.25, 7], "texture": "#0"},
				"down": {"uv": [7.3125, 8.25, 7.25, 8.375], "texture": "#0"}
			}
		},
		{
			"name": "main",
			"from": [7.15695, 5.79356, -7.92368],
			"to": [8.84305, 7.47964, -6.00128],
			"faces": {
				"north": {"uv": [4, 5.5, 4.4375, 5.9375], "texture": "#0"},
				"east": {"uv": [3, 5, 3.5, 5.4375], "texture": "#0"},
				"south": {"uv": [5.5, 4.25, 5.9375, 4.6875], "texture": "#0"},
				"west": {"uv": [5, 3.75, 5.5, 4.1875], "texture": "#0"},
				"up": {"uv": [4.4375, 5.5, 4, 5], "texture": "#0"},
				"down": {"uv": [5.4375, 4.25, 5, 4.75], "texture": "#0"}
			}
		},
		{
			"name": "main",
			"from": [6.85795, 7.44456, 1.37212],
			"to": [8.04205, 8.37864, 2.34252],
			"faces": {
				"north": {"uv": [7, 6.25, 7.3125, 6.5], "texture": "#0"},
				"east": {"uv": [3.25, 7.25, 3.5, 7.5], "texture": "#0"},
				"south": {"uv": [7, 6.5, 7.3125, 6.75], "texture": "#0"},
				"west": {"uv": [3.5, 7.25, 3.75, 7.5], "texture": "#0"},
				"up": {"uv": [7.3125, 7, 7, 6.75], "texture": "#0"},
				"down": {"uv": [7.3125, 7, 7, 7.25], "texture": "#0"}
			}
		},
		{
			"name": "main",
			"from": [6.6451, 6.25224, 1.37112],
			"to": [7.0812, 8.18832, 2.34352],
			"rotation": {"angle": 22.5, "axis": "z", "origin": [6.48815, 7.72028, 1.85732]},
			"faces": {
				"north": {"uv": [3.75, 7.25, 3.875, 7.75], "texture": "#0"},
				"east": {"uv": [5.75, 6.5, 6, 7], "texture": "#0"},
				"south": {"uv": [4, 7.25, 4.125, 7.75], "texture": "#0"},
				"west": {"uv": [6.75, 0, 7, 0.5], "texture": "#0"},
				"up": {"uv": [7.875, 5.75, 7.75, 5.5], "texture": "#0"},
				"down": {"uv": [5.875, 7.75, 5.75, 8], "texture": "#0"}
			}
		},
		{
			"name": "main",
			"from": [8.3212, 7.50464, 16.61592],
			"to": [8.9288, 8.24072, 17.03832],
			"faces": {
				"north": {"uv": [1.75, 8, 1.875, 8.1875], "texture": "#0"},
				"east": {"uv": [8, 1.75, 8.125, 1.9375], "texture": "#0"},
				"south": {"uv": [2, 8, 2.125, 8.1875], "texture": "#0"},
				"west": {"uv": [2.25, 8, 2.375, 8.1875], "texture": "#0"},
				"up": {"uv": [0.875, 8.375, 0.75, 8.25], "texture": "#0"},
				"down": {"uv": [8.375, 0.75, 8.25, 0.875], "texture": "#0"}
			}
		},
		{
			"name": "main",
			"from": [7.0712, 7.50464, 16.61592],
			"to": [7.6788, 8.24072, 17.03832],
			"faces": {
				"north": {"uv": [2.5, 8, 2.625, 8.1875], "texture": "#0"},
				"east": {"uv": [8, 2.5, 8.125, 2.6875], "texture": "#0"},
				"south": {"uv": [8, 2.75, 8.125, 2.9375], "texture": "#0"},
				"west": {"uv": [3, 8, 3.125, 8.1875], "texture": "#0"},
				"up": {"uv": [1.125, 8.375, 1, 8.25], "texture": "#0"},
				"down": {"uv": [8.375, 1, 8.25, 1.125], "texture": "#0"}
			}
		},
		{
			"name": "main",
			"from": [6.5386, 7.42957, 17.03675],
			"to": [7.0712, 7.92957, 17.13675],
			"faces": {
				"north": {"uv": [1.25, 8.25, 1.375, 8.375], "texture": "#0"},
				"east": {"uv": [8.25, 7.25, 8.3125, 7.375], "texture": "#0"},
				"south": {"uv": [8.25, 1.25, 8.375, 1.375], "texture": "#0"},
				"west": {"uv": [7.5, 8.25, 7.5625, 8.375], "texture": "#0"},
				"up": {"uv": [8.375, 7.5625, 8.25, 7.5], "texture": "#0"},
				"down": {"uv": [7.875, 8.25, 7.75, 8.3125], "texture": "#0"}
			}
		},
		{
			"name": "main",
			"from": [6.69272, 7.26023, 17.16175],
			"to": [7.22532, 7.36023, 20.51175],
			"rotation": {"angle": 45, "axis": "z", "origin": [6.85902, 7.41023, 18.88675]},
			"faces": {
				"north": {"uv": [8.25, 7.75, 8.375, 7.8125], "texture": "#0"},
				"east": {"uv": [7.5, 2, 8.3125, 2.0625], "texture": "#0"},
				"south": {"uv": [8, 8.25, 8.125, 8.3125], "texture": "#0"},
				"west": {"uv": [7.5, 2.25, 8.3125, 2.3125], "texture": "#0"},
				"up": {"uv": [7.125, 4.8125, 7, 4], "texture": "#0"},
				"down": {"uv": [4.375, 7, 4.25, 7.8125], "texture": "#0"}
			}
		},
		{
			"name": "main",
			"from": [6.9712, 6.91856, 23.83832],
			"to": [9.0288, 7.60464, 25.46072],
			"faces": {
				"north": {"uv": [4.5, 7, 5, 7.1875], "texture": "#0"},
				"east": {"uv": [7.25, 2.5, 7.625, 2.6875], "texture": "#0"},
				"south": {"uv": [5, 7, 5.5, 7.1875], "texture": "#0"},
				"west": {"uv": [2.75, 7.25, 3.125, 7.4375], "texture": "#0"},
				"up": {"uv": [5.5, 5.875, 5, 5.5], "texture": "#0"},
				"down": {"uv": [6, 5.5, 5.5, 5.875], "texture": "#0"}
			}
		},
		{
			"name": "main",
			"from": [7.0712, 4.53248, 29.4352],
			"to": [8.9288, 6.01856, 31.41664],
			"faces": {
				"north": {"uv": [4.5, 6, 4.9375, 6.375], "texture": "#0"},
				"east": {"uv": [5.75, 1, 6.25, 1.375], "texture": "#0"},
				"south": {"uv": [6, 4.75, 6.4375, 5.125], "texture": "#0"},
				"west": {"uv": [1.5, 5.75, 2, 6.125], "texture": "#0"},
				"up": {"uv": [4.9375, 5.5, 4.5, 5], "texture": "#0"},
				"down": {"uv": [5.4375, 4.75, 5, 5.25], "texture": "#0"}
			}
		},
		{
			"name": "main",
			"from": [7.47755, 5.30029, 19.92272],
			"to": [8.52245, 6.01856, 24.5048],
			"faces": {
				"north": {"uv": [7.5, 5, 7.75, 5.1875], "texture": "#0"},
				"east": {"uv": [5.25, 1.5, 6.375, 1.6875], "texture": "#0"},
				"south": {"uv": [5.25, 7.5, 5.5, 7.6875], "texture": "#0"},
				"west": {"uv": [5, 5.25, 6.125, 5.4375], "texture": "#0"},
				"up": {"uv": [2.75, 5.375, 2.5, 4.25], "texture": "#0"},
				"down": {"uv": [3, 4.25, 2.75, 5.375], "texture": "#0"}
			}
		},
		{
			"name": "main",
			"from": [7.47755, 5.05029, 24.5048],
			"to": [8.52245, 6.01856, 25.33688],
			"faces": {
				"north": {"uv": [7.25, 4, 7.5, 4.25], "texture": "#0"},
				"east": {"uv": [7.5, 5.25, 7.6875, 5.5], "texture": "#0"},
				"south": {"uv": [7.25, 4.25, 7.5, 4.5], "texture": "#0"},
				"west": {"uv": [5.5, 7.5, 5.6875, 7.75], "texture": "#0"},
				"up": {"uv": [7.75, 6.1875, 7.5, 6], "texture": "#0"},
				"down": {"uv": [7.75, 6.25, 7.5, 6.4375], "texture": "#0"}
			}
		},
		{
			"name": "main",
			"from": [7.47755, 5.55029, 25.5048],
			"to": [8.52245, 6.01856, 26.08688],
			"faces": {
				"north": {"uv": [6.5, 7.75, 6.75, 7.875], "texture": "#0"},
				"east": {"uv": [3, 8.25, 3.125, 8.375], "texture": "#0"},
				"south": {"uv": [7.75, 6.5, 8, 6.625], "texture": "#0"},
				"west": {"uv": [8.25, 3, 8.375, 3.125], "texture": "#0"},
				"up": {"uv": [7, 7.875, 6.75, 7.75], "texture": "#0"},
				"down": {"uv": [8, 6.75, 7.75, 6.875], "texture": "#0"}
			}
		},
		{
			"name": "main",
			"from": [7.47804, 3.6661, 20.54242],
			"to": [8.52195, 3.88802, 22.39903],
			"faces": {
				"north": {"uv": [3.25, 8.25, 3.5, 8.3125], "texture": "#0"},
				"east": {"uv": [8, 0.5, 8.4375, 0.5625], "texture": "#0"},
				"south": {"uv": [8.25, 3.25, 8.5, 3.3125], "texture": "#0"},
				"west": {"uv": [0.75, 8, 1.1875, 8.0625], "texture": "#0"},
				"up": {"uv": [2.25, 7.4375, 2, 7], "texture": "#0"},
				"down": {"uv": [2.5, 7, 2.25, 7.4375], "texture": "#0"}
			}
		},
		{
			"name": "main",
			"from": [7.47855, 3.92139, 19.92607],
			"to": [8.52146, 4.14232, 20.79097],
			"rotation": {"angle": 45, "axis": "x", "origin": [8, 4.09378, 20.35852]},
			"faces": {
				"north": {"uv": [3.5, 8.25, 3.75, 8.3125], "texture": "#0"},
				"east": {"uv": [6, 8.25, 6.1875, 8.3125], "texture": "#0"},
				"south": {"uv": [8.25, 3.5, 8.5, 3.5625], "texture": "#0"},
				"west": {"uv": [8.25, 6, 8.4375, 6.0625], "texture": "#0"},
				"up": {"uv": [7.75, 6.6875, 7.5, 6.5], "texture": "#0"},
				"down": {"uv": [7, 7.5, 6.75, 7.6875], "texture": "#0"}
			}
		},
		{
			"name": "main",
			"from": [7.47804, 4.28579, 19.92272],
			"to": [8.52195, 5.30029, 20.14464],
			"faces": {
				"north": {"uv": [4.5, 7.25, 4.75, 7.5], "texture": "#0"},
				"east": {"uv": [3.75, 8.25, 3.8125, 8.5], "texture": "#0"},
				"south": {"uv": [7.25, 4.5, 7.5, 4.75], "texture": "#0"},
				"west": {"uv": [8.25, 3.75, 8.3125, 4], "texture": "#0"},
				"up": {"uv": [4.25, 8.3125, 4, 8.25], "texture": "#0"},
				"down": {"uv": [8.5, 4, 8.25, 4.0625], "texture": "#0"}
			}
		},
		{
			"name": "main",
			"from": [7.72804, 3.78347, 21.21019],
			"to": [8.27195, 5.30029, 22.45711],
			"faces": {
				"north": {"uv": [7.5, 6.75, 7.625, 7.125], "texture": "#0"},
				"east": {"uv": [1, 6.75, 1.3125, 7.125], "texture": "#0"},
				"south": {"uv": [7, 7.5, 7.125, 7.875], "texture": "#0"},
				"west": {"uv": [6.75, 1, 7.0625, 1.375], "texture": "#0"},
				"up": {"uv": [7.875, 2.8125, 7.75, 2.5], "texture": "#0"},
				"down": {"uv": [2.875, 7.75, 2.75, 8.0625], "texture": "#0"}
			}
		},
		{
			"name": "main",
			"from": [7.27804, 2.60344, 22.41974],
			"to": [8.72195, 6.43064, 24.02867],
			"rotation": {"angle": -22.5, "axis": "x", "origin": [8, 3.66704, 22.91228]},
			"faces": {
				"north": {"uv": [3, 4, 3.375, 4.9375], "texture": "#0"},
				"east": {"uv": [4, 3, 4.375, 3.9375], "texture": "#0"},
				"south": {"uv": [4, 4, 4.375, 4.9375], "texture": "#0"},
				"west": {"uv": [2, 4.25, 2.375, 5.1875], "texture": "#0"},
				"up": {"uv": [6.625, 6.625, 6.25, 6.25], "texture": "#0"},
				"down": {"uv": [2.875, 6.5, 2.5, 6.875], "texture": "#0"}
			}
		},
		{
			"name": "main",
			"from": [7.27804, 1.70344, 22.01974],
			"to": [8.72195, 2.58064, 24.02867],
			"rotation": {"angle": -22.5, "axis": "x", "origin": [8, 3.66704, 22.91228]},
			"faces": {
				"north": {"uv": [7, 5, 7.375, 5.25], "texture": "#0"},
				"east": {"uv": [4.5, 1.75, 5, 2], "texture": "#0"},
				"south": {"uv": [7, 5.25, 7.375, 5.5], "texture": "#0"},
				"west": {"uv": [6.5, 1.5, 7, 1.75], "texture": "#0"},
				"up": {"uv": [6.125, 2.25, 5.75, 1.75], "texture": "#0"},
				"down": {"uv": [2.375, 5.75, 2, 6.25], "texture": "#0"}
			}
		},
		{
			"name": "main",
			"from": [7.07169, 4.76821, 28.24859],
			"to": [8.9283, 5.88178, 30.35288],
			"rotation": {"angle": 45, "axis": "x", "origin": [8, 5.75843, 29.61034]},
			"faces": {
				"north": {"uv": [2.5, 7, 2.9375, 7.25], "texture": "#0"},
				"east": {"uv": [6.75, 0.5, 7.25, 0.75], "texture": "#0"},
				"south": {"uv": [7, 2.75, 7.4375, 3], "texture": "#0"},
				"west": {"uv": [6.75, 0.75, 7.25, 1], "texture": "#0"},
				"up": {"uv": [5.6875, 1.5, 5.25, 1], "texture": "#0"},
				"down": {"uv": [2.4375, 5.25, 2, 5.75], "texture": "#0"}
			}
		},
		{
			"name": "main",
			"from": [7.07169, 7.39362, 28.86779],
			"to": [8.9283, 8.75487, 30.35288],
			"rotation": {"angle": 45, "axis": "x", "origin": [8, 5.75843, 29.61034]},
			"faces": {
				"north": {"uv": [6.5, 4.75, 6.9375, 5.0625], "texture": "#0"},
				"east": {"uv": [6.75, 1.75, 7.125, 2.0625], "texture": "#0"},
				"south": {"uv": [5.25, 6.5, 5.6875, 6.8125], "texture": "#0"},
				"west": {"uv": [6.75, 2.25, 7.125, 2.5625], "texture": "#0"},
				"up": {"uv": [5.4375, 6.375, 5, 6], "texture": "#0"},
				"down": {"uv": [5.9375, 6, 5.5, 6.375], "texture": "#0"}
			}
		},
		{
			"name": "main",
			"from": [7.0712, 3.77699, 28.99114],
			"to": [8.9288, 4.76771, 29.61034],
			"rotation": {"angle": 45, "axis": "x", "origin": [8, 5.75843, 29.61034]},
			"faces": {
				"north": {"uv": [3, 7, 3.4375, 7.25], "texture": "#0"},
				"east": {"uv": [7.75, 7, 7.875, 7.25], "texture": "#0"},
				"south": {"uv": [7, 3, 7.4375, 3.25], "texture": "#0"},
				"west": {"uv": [7.25, 7.75, 7.375, 8], "texture": "#0"},
				"up": {"uv": [7.9375, 1.625, 7.5, 1.5], "texture": "#0"},
				"down": {"uv": [7.9375, 1.75, 7.5, 1.875], "texture": "#0"}
			}
		},
		{
			"name": "sticker0",
			"from": [6.78, 5.99005, 14.72561],
			"to": [6.78, 7.29005, 16.02561],
			"faces": {
				"north": {"uv": [0, 0, 0, 0.325], "texture": "#0"},
				"east": {"uv": [0, 0, 0.325, 0.325], "texture": "#0"},
				"south": {"uv": [0, 0, 0, 0.325], "texture": "#0"},
				"west": {"uv": [0, 0, 0.325, 0.325], "texture": "#0"},
				"up": {"uv": [0, 0, 0, 0.325], "texture": "#0"},
				"down": {"uv": [0, 0, 0, 0.325], "texture": "#0"}
			}
		},
		{
			"name": "sticker1",
			"from": [7.05, 6.24005, 20.72561],
			"to": [7.05, 7.54005, 22.02561],
			"faces": {
				"north": {"uv": [0, 0, 0, 0.325], "texture": "#0"},
				"east": {"uv": [0, 0, 0.325, 0.325], "texture": "#0"},
				"south": {"uv": [0, 0, 0, 0.325], "texture": "#0"},
				"west": {"uv": [0, 0, 0.325, 0.325], "texture": "#0"},
				"up": {"uv": [0, 0, 0, 0.325], "texture": "#0"},
				"down": {"uv": [0, 0, 0, 0.325], "texture": "#0"}
			}
		},
		{
			"name": "sticker2",
			"from": [7.05, 6.2242, 22.4945],
			"to": [7.05, 7.3242, 23.5945],
			"faces": {
				"north": {"uv": [0, 0, 0, 0.275], "texture": "#0"},
				"east": {"uv": [0, 0, 0.275, 0.275], "texture": "#0"},
				"south": {"uv": [0, 0, 0, 0.275], "texture": "#0"},
				"west": {"uv": [0, 0, 0.275, 0.275], "texture": "#0"},
				"up": {"uv": [0, 0, 0, 0.275], "texture": "#0"},
				"down": {"uv": [0, 0, 0, 0.275], "texture": "#0"}
			}
		},
		{
			"name": "muzzleflash",
			"from": [7.99, 6.6, -9.8],
			"to": [7.99, 6.6, -9.8],
			"faces": {
				"north": {"uv": [7.25, 5, 7.5625, 5.3125], "texture": "#0"},
				"east": {"uv": [6.75, 7, 7.125, 7.3125], "texture": "#0"},
				"south": {"uv": [7.25, 5.5, 7.5625, 5.8125], "texture": "#0"},
				"west": {"uv": [7.25, 0, 7.625, 0.3125], "texture": "#0"},
				"up": {"uv": [7.5625, 2.625, 7.25, 2.25], "texture": "#0"},
				"down": {"uv": [3.3125, 7.25, 3, 7.625], "texture": "#0"}
			}
		},
		{
			"name": "aimer0",
			"from": [6.8212, 8.10464, 14.56852],
			"to": [7.2323, 10.27704, 14.99092],
			"faces": {
				"north": {"uv": [1.5, 7.25, 1.625, 7.8125], "texture": "#0"},
				"east": {"uv": [1.75, 7.25, 1.875, 7.8125], "texture": "#0"},
				"south": {"uv": [7.25, 1.75, 7.375, 2.3125], "texture": "#0"},
				"west": {"uv": [2.5, 7.25, 2.625, 7.8125], "texture": "#0"},
				"up": {"uv": [8.125, 7.375, 8, 7.25], "texture": "#0"},
				"down": {"uv": [8.125, 7.5, 8, 7.625], "texture": "#0"}
			}
		},
		{
			"name": "aimer0",
			"from": [6.9212, 8.08901, 14.11113],
			"to": [7.1323, 9.06141, 14.53353],
			"rotation": {"angle": 22.5, "axis": "x", "origin": [7.02675, 7.90829, 14.71872]},
			"faces": {
				"north": {"uv": [8, 7.75, 8.0625, 8], "texture": "#0"},
				"east": {"uv": [7.75, 5.25, 7.875, 5.5], "texture": "#0"},
				"south": {"uv": [8, 8, 8.0625, 8.25], "texture": "#0"},
				"west": {"uv": [5.5, 7.75, 5.625, 8], "texture": "#0"},
				"up": {"uv": [6.3125, 8.375, 6.25, 8.25], "texture": "#0"},
				"down": {"uv": [8.3125, 6.25, 8.25, 6.375], "texture": "#0"}
			}
		},
		{
			"name": "aimer0",
			"from": [6.7212, 8.10464, 14.56852],
			"to": [7.3323, 8.42704, 15.09092],
			"faces": {
				"north": {"uv": [6.5, 8.25, 6.625, 8.3125], "texture": "#0"},
				"east": {"uv": [8.25, 6.5, 8.375, 6.5625], "texture": "#0"},
				"south": {"uv": [6.75, 8.25, 6.875, 8.3125], "texture": "#0"},
				"west": {"uv": [8.25, 6.75, 8.375, 6.8125], "texture": "#0"},
				"up": {"uv": [0.375, 8.375, 0.25, 8.25], "texture": "#0"},
				"down": {"uv": [0.625, 8.25, 0.5, 8.375], "texture": "#0"}
			}
		},
		{
			"name": "aimer0",
			"from": [6.9462, 7.92704, 14.69352],
			"to": [7.1073, 8.12444, 14.86592],
			"faces": {
				"north": {"uv": [1.75, 8.5, 1.8125, 8.5625], "texture": "#0"},
				"east": {"uv": [8.5, 1.75, 8.5625, 1.8125], "texture": "#0"},
				"south": {"uv": [2, 8.5, 2.0625, 8.5625], "texture": "#0"},
				"west": {"uv": [8.5, 2, 8.5625, 2.0625], "texture": "#0"},
				"up": {"uv": [2.3125, 8.5625, 2.25, 8.5], "texture": "#0"},
				"down": {"uv": [8.5625, 2.25, 8.5, 2.3125], "texture": "#0"}
			}
		},
		{
			"name": "barrel",
			"from": [7.28195, 5.91856, -9.72888],
			"to": [8.71805, 7.35464, 16.44352],
			"faces": {
				"north": {"uv": [6.25, 1, 6.625, 1.375], "texture": "#0"},
				"east": {"uv": [0, 0, 6.5625, 0.375], "texture": "#0"},
				"south": {"uv": [6.25, 1.75, 6.625, 2.125], "texture": "#0"},
				"west": {"uv": [0, 0.5, 6.5625, 0.875], "texture": "#0"},
				"up": {"uv": [0.375, 7.5625, 0, 1], "texture": "#0"},
				"down": {"uv": [0.875, 1, 0.5, 7.5625], "texture": "#0"}
			}
		},
		{
			"name": "barrel_overheat",
			"from": [7.29695, 5.93356, -9.71388],
			"to": [8.70305, 7.33964, 16.42852],
			"faces": {
				"north": {"uv": [8.75, 0.175, 8.7, 0.125], "texture": "#0"},
				"east": {"uv": [8.75, 0.175, 8.7, 0.125], "texture": "#0"},
				"south": {"uv": [8.75, 0.175, 8.7, 0.125], "texture": "#0"},
				"west": {"uv": [8.75, 0.175, 8.7, 0.125], "texture": "#0"},
				"up": {"uv": [8.75, 0.175, 8.7, 0.125], "texture": "#0"},
				"down": {"uv": [8.75, 0.175, 8.7, 0.125], "texture": "#0"}
			}
		},
		{
			"name": "eject",
			"from": [8.99, 7.75, 18.95],
			"to": [8.99, 7.75, 18.95],
			"faces": {
				"north": {"uv": [7.25, 5, 7.5625, 5.3125], "texture": "#0"},
				"east": {"uv": [6.75, 7, 7.125, 7.3125], "texture": "#0"},
				"south": {"uv": [7.25, 5.5, 7.5625, 5.8125], "texture": "#0"},
				"west": {"uv": [7.25, 0, 7.625, 0.3125], "texture": "#0"},
				"up": {"uv": [7.5625, 2.625, 7.25, 2.25], "texture": "#0"},
				"down": {"uv": [3.3125, 7.25, 3, 7.625], "texture": "#0"}
			}
		},
		{
			"name": "roof",
			"from": [7.0712, 8.17609, 17.03675],
			"to": [8.9288, 8.46217, 20.85915],
			"faces": {
				"north": {"uv": [0.25, 8, 0.6875, 8.0625], "texture": "#0"},
				"east": {"uv": [6.75, 7.25, 7.6875, 7.3125], "texture": "#0"},
				"south": {"uv": [8, 0.25, 8.4375, 0.3125], "texture": "#0"},
				"west": {"uv": [7.5, 0, 8.4375, 0.0625], "texture": "#0"},
				"up": {"uv": [2.9375, 4.1875, 2.5, 3.25], "texture": "#0"},
				"down": {"uv": [1.4375, 3.5, 1, 4.4375], "texture": "#0"}
			}
		},
		{
			"name": "roof",
			"from": [6.5386, 8.46217, 17.03675],
			"to": [7.0712, 8.46217, 20.60915],
			"faces": {
				"north": {"uv": [0, 0, 0.125, 0], "texture": "#0"},
				"east": {"uv": [0, 0, 0.875, 0], "texture": "#0"},
				"south": {"uv": [0, 0, 0.125, 0], "texture": "#0"},
				"west": {"uv": [0, 0, 0.875, 0], "texture": "#0"},
				"up": {"uv": [6.125, 7.625, 6, 6.75], "texture": "#0"},
				"down": {"uv": [6.375, 6.75, 6.25, 7.625], "texture": "#0"}
			}
		},
		{
			"name": "roof",
			"from": [7.0722, 8.72305, 19.99177],
			"to": [8.9278, 9.70713, 21.76217],
			"rotation": {"angle": 22.5, "axis": "x", "origin": [7.9693, 8.01813, 16.82693]},
			"faces": {
				"north": {"uv": [7, 0, 7.4375, 0.25], "texture": "#0"},
				"east": {"uv": [7, 0.25, 7.4375, 0.5], "texture": "#0"},
				"south": {"uv": [1.5, 7, 1.9375, 7.25], "texture": "#0"},
				"west": {"uv": [7, 1.5, 7.4375, 1.75], "texture": "#0"},
				"up": {"uv": [4.9375, 5.9375, 4.5, 5.5], "texture": "#0"},
				"down": {"uv": [5.9375, 4.75, 5.5, 5.1875], "texture": "#0"}
			}
		},
		{
			"name": "roof",
			"from": [7.0712, 7.49001, 17.03675],
			"to": [8.9288, 8.17609, 20.85915],
			"faces": {
				"north": {"uv": [5.5, 7, 5.9375, 7.1875], "texture": "#0"},
				"east": {"uv": [5.75, 2.25, 6.6875, 2.4375], "texture": "#0"},
				"south": {"uv": [7, 6, 7.4375, 6.1875], "texture": "#0"},
				"west": {"uv": [5.75, 2.5, 6.6875, 2.6875], "texture": "#0"},
				"up": {"uv": [3.4375, 3.9375, 3, 3], "texture": "#0"},
				"down": {"uv": [2.4375, 3.25, 2, 4.1875], "texture": "#0"}
			}
		},
		{
			"name": "roof",
			"from": [6.5386, 7.93057, 17.03675],
			"to": [6.5386, 8.46317, 20.60915],
			"faces": {
				"north": {"uv": [0, 0, 0, 0.125], "texture": "#0"},
				"east": {"uv": [6.75, 5.5, 7.625, 5.625], "texture": "#0"},
				"south": {"uv": [0, 0, 0, 0.125], "texture": "#0"},
				"west": {"uv": [6.75, 5.75, 7.625, 5.875], "texture": "#0"},
				"up": {"uv": [0, 0.875, 0, 0], "texture": "#0"},
				"down": {"uv": [0, 0, 0, 0.875], "texture": "#0"}
			}
		},
		{
			"name": "roof",
			"from": [6.5386, 7.92957, 17.03675],
			"to": [7.0712, 7.92957, 20.60915],
			"faces": {
				"north": {"uv": [0, 0, 0.125, 0], "texture": "#0"},
				"east": {"uv": [0, 0, 0.875, 0], "texture": "#0"},
				"south": {"uv": [0, 0, 0.125, 0], "texture": "#0"},
				"west": {"uv": [0, 0, 0.875, 0], "texture": "#0"},
				"up": {"uv": [6.875, 7.125, 6.75, 6.25], "texture": "#0"},
				"down": {"uv": [6.625, 6.75, 6.5, 7.625], "texture": "#0"}
			}
		},
		{
			"name": "roof",
			"from": [6.5386, 7.42957, 20.53675],
			"to": [7.0712, 7.92957, 20.63675],
			"faces": {
				"north": {"uv": [1.5, 8.25, 1.625, 8.375], "texture": "#0"},
				"east": {"uv": [8.25, 8, 8.3125, 8.125], "texture": "#0"},
				"south": {"uv": [8.25, 1.5, 8.375, 1.625], "texture": "#0"},
				"west": {"uv": [8.25, 8.25, 8.3125, 8.375], "texture": "#0"},
				"up": {"uv": [0.125, 8.5625, 0, 8.5], "texture": "#0"},
				"down": {"uv": [8.625, 0, 8.5, 0.0625], "texture": "#0"}
			}
		},
		{
			"name": "roof",
			"from": [7.0212, 7.85464, 16.71592],
			"to": [8.9788, 8.09072, 16.93832],
			"faces": {
				"north": {"uv": [7.75, 5.75, 8.25, 5.8125], "texture": "#0"},
				"east": {"uv": [2.5, 8.5, 2.5625, 8.5625], "texture": "#0"},
				"south": {"uv": [6, 7.75, 6.5, 7.8125], "texture": "#0"},
				"west": {"uv": [8.5, 2.5, 8.5625, 2.5625], "texture": "#0"},
				"up": {"uv": [8.25, 6.0625, 7.75, 6], "texture": "#0"},
				"down": {"uv": [8.25, 6.25, 7.75, 6.3125], "texture": "#0"}
			}
		},
		{
			"name": "slide",
			"from": [9.22755, 6.42529, 21.2298],
			"to": [10.47245, 6.80739, 21.61188],
			"faces": {
				"north": {"uv": [0.5, 7.75, 0.8125, 7.875], "texture": "#0"},
				"east": {"uv": [2.75, 8.25, 2.875, 8.375], "texture": "#0"},
				"south": {"uv": [1, 7.75, 1.3125, 7.875], "texture": "#0"},
				"west": {"uv": [8.25, 2.75, 8.375, 2.875], "texture": "#0"},
				"up": {"uv": [8.0625, 1.125, 7.75, 1], "texture": "#0"},
				"down": {"uv": [8.0625, 1.25, 7.75, 1.375], "texture": "#0"}
			}
		},
		{
			"name": "slide",
			"from": [8.92755, 6.45029, 21.2548],
			"to": [9.22245, 6.78239, 21.58688],
			"faces": {
				"north": {"uv": [2.75, 8.5, 2.8125, 8.5625], "texture": "#0"},
				"east": {"uv": [8.5, 2.75, 8.5625, 2.8125], "texture": "#0"},
				"south": {"uv": [3, 8.5, 3.0625, 8.5625], "texture": "#0"},
				"west": {"uv": [8.5, 3, 8.5625, 3.0625], "texture": "#0"},
				"up": {"uv": [3.3125, 8.5625, 3.25, 8.5], "texture": "#0"},
				"down": {"uv": [8.5625, 3.25, 8.5, 3.3125], "texture": "#0"}
			}
		},
		{
			"name": "buckle_wobble",
			"from": [7.50695, 4.65748, 1.87112],
			"to": [8.49305, 5.89356, 1.87112],
			"faces": {
				"north": {"uv": [7.25, 0.5, 7.5, 0.8125], "texture": "#0"},
				"east": {"uv": [0, 0, 0, 0.3125], "texture": "#0"},
				"south": {"uv": [1, 7.25, 1.25, 7.5625], "texture": "#0"},
				"west": {"uv": [0, 0, 0, 0.3125], "texture": "#0"},
				"up": {"uv": [0.25, 0, 0, 0], "texture": "#0"},
				"down": {"uv": [0.25, 0, 0, 0], "texture": "#0"}
			}
		},
		{
			"name": "bipod_wobble",
			"from": [7.6492, 5.51856, -4.47048],
			"to": [8.3508, 6.02064, -4.03408],
			"faces": {
				"north": {"uv": [8, 5.25, 8.1875, 5.375], "texture": "#0"},
				"east": {"uv": [2.5, 8.25, 2.625, 8.375], "texture": "#0"},
				"south": {"uv": [5.5, 8, 5.6875, 8.125], "texture": "#0"},
				"west": {"uv": [8.25, 2.5, 8.375, 2.625], "texture": "#0"},
				"up": {"uv": [8.1875, 5.625, 8, 5.5], "texture": "#0"},
				"down": {"uv": [5.9375, 8, 5.75, 8.125], "texture": "#0"}
			}
		},
		{
			"name": "bipod_wobble",
			"from": [6.8992, 4.26856, -4.77048],
			"to": [9.1008, 5.52064, -3.73408],
			"faces": {
				"north": {"uv": [5.75, 2.75, 6.3125, 3.0625], "texture": "#0"},
				"east": {"uv": [7.25, 1, 7.5, 1.3125], "texture": "#0"},
				"south": {"uv": [5.75, 3.25, 6.3125, 3.5625], "texture": "#0"},
				"west": {"uv": [1.25, 7.25, 1.5, 7.5625], "texture": "#0"},
				"up": {"uv": [6.8125, 5.5, 6.25, 5.25], "texture": "#0"},
				"down": {"uv": [6.8125, 6, 6.25, 6.25], "texture": "#0"}
			}
		},
		{
			"name": "bipod_wobble",
			"from": [7.88835, -4.72394, -4.62048],
			"to": [8.39043, 4.02766, -3.88408],
			"rotation": {"angle": -22.5, "axis": "z", "origin": [8, 5.98108, -4.25228]},
			"faces": {
				"north": {"uv": [4.5, 2.75, 4.625, 4.9375], "texture": "#0"},
				"east": {"uv": [3.5, 3, 3.6875, 5.1875], "texture": "#0"},
				"south": {"uv": [4.75, 2.75, 4.875, 4.9375], "texture": "#0"},
				"west": {"uv": [3.75, 3, 3.9375, 5.1875], "texture": "#0"},
				"up": {"uv": [8.125, 4.6875, 8, 4.5], "texture": "#0"},
				"down": {"uv": [4.875, 8, 4.75, 8.1875], "texture": "#0"}
			}
		},
		{
			"name": "bipod_wobble",
			"from": [6.61057, 3.27706, -4.61948],
			"to": [7.61065, 4.02666, -3.88508],
			"rotation": {"angle": 22.5, "axis": "z", "origin": [8, 5.98108, -4.25228]},
			"faces": {
				"north": {"uv": [3.25, 7.5, 3.5, 7.6875], "texture": "#0"},
				"east": {"uv": [7.75, 4.5, 7.9375, 4.6875], "texture": "#0"},
				"south": {"uv": [3.5, 7.5, 3.75, 7.6875], "texture": "#0"},
				"west": {"uv": [4.75, 7.75, 4.9375, 7.9375], "texture": "#0"},
				"up": {"uv": [7.75, 4.1875, 7.5, 4], "texture": "#0"},
				"down": {"uv": [7.75, 4.25, 7.5, 4.4375], "texture": "#0"}
			}
		},
		{
			"name": "bipod_wobble",
			"from": [9.56126, 4.01798, -4.67048],
			"to": [9.96334, 4.41958, -4.60908],
			"rotation": {"angle": -45, "axis": "z", "origin": [8, 5.98108, -4.25228]},
			"faces": {
				"north": {"uv": [2, 8.25, 2.125, 8.375], "texture": "#0"},
				"east": {"uv": [0.75, 8.5, 0.8125, 8.625], "texture": "#0"},
				"south": {"uv": [2.25, 8.25, 2.375, 8.375], "texture": "#0"},
				"west": {"uv": [8.5, 0.75, 8.5625, 0.875], "texture": "#0"},
				"up": {"uv": [1.125, 8.5625, 1, 8.5], "texture": "#0"},
				"down": {"uv": [8.625, 1, 8.5, 1.0625], "texture": "#0"}
			}
		},
		{
			"name": "bipod_wobble",
			"from": [8.39035, 3.27806, -4.61848],
			"to": [9.38843, 4.02566, -3.88608],
			"rotation": {"angle": -22.5, "axis": "z", "origin": [8, 5.98108, -4.25228]},
			"faces": {
				"north": {"uv": [4.5, 7.5, 4.75, 7.6875], "texture": "#0"},
				"east": {"uv": [7.75, 4.75, 7.9375, 4.9375], "texture": "#0"},
				"south": {"uv": [7.5, 4.5, 7.75, 4.6875], "texture": "#0"},
				"west": {"uv": [5, 7.75, 5.1875, 7.9375], "texture": "#0"},
				"up": {"uv": [5, 7.6875, 4.75, 7.5], "texture": "#0"},
				"down": {"uv": [5.25, 7.5, 5, 7.6875], "texture": "#0"}
			}
		},
		{
			"name": "bipod_wobble",
			"from": [7.6492, 3.51648, -4.52048],
			"to": [8.3508, 4.26856, -3.98408],
			"faces": {
				"north": {"uv": [3.5, 7.75, 3.6875, 7.9375], "texture": "#0"},
				"east": {"uv": [8, 3, 8.125, 3.1875], "texture": "#0"},
				"south": {"uv": [7.75, 3.5, 7.9375, 3.6875], "texture": "#0"},
				"west": {"uv": [3.25, 8, 3.375, 8.1875], "texture": "#0"},
				"up": {"uv": [8.1875, 3.375, 8, 3.25], "texture": "#0"},
				"down": {"uv": [3.6875, 8, 3.5, 8.125], "texture": "#0"}
			}
		},
		{
			"name": "bipod_wobble",
			"from": [7.60957, -4.72394, -4.62048],
			"to": [8.11165, 4.02766, -3.88408],
			"rotation": {"angle": 22.5, "axis": "z", "origin": [8, 5.98108, -4.25228]},
			"faces": {
				"north": {"uv": [1, 4.5, 1.125, 6.6875], "texture": "#0"},
				"east": {"uv": [1.5, 3.5, 1.6875, 5.6875], "texture": "#0"},
				"south": {"uv": [1.25, 4.5, 1.375, 6.6875], "texture": "#0"},
				"west": {"uv": [1.75, 3.5, 1.9375, 5.6875], "texture": "#0"},
				"up": {"uv": [8.125, 3.9375, 8, 3.75], "texture": "#0"},
				"down": {"uv": [4.125, 8, 4, 8.1875], "texture": "#0"}
			}
		},
		{
			"name": "bipod_wobble",
			"from": [6.85957, -2.22394, -4.62048],
			"to": [7.61165, -1.47234, -4.62048],
			"rotation": {"angle": 22.5, "axis": "z", "origin": [8, 5.98108, -4.25228]},
			"faces": {
				"north": {"uv": [3.75, 7.75, 3.9375, 7.9375], "texture": "#0"},
				"east": {"uv": [0, 0, 0, 0.1875], "texture": "#0"},
				"south": {"uv": [7.75, 3.75, 7.9375, 3.9375], "texture": "#0"},
				"west": {"uv": [0, 0, 0, 0.1875], "texture": "#0"},
				"up": {"uv": [0.1875, 0, 0, 0], "texture": "#0"},
				"down": {"uv": [0.1875, 0, 0, 0], "texture": "#0"}
			}
		},
		{
			"name": "bipod_wobble",
			"from": [8.38835, -2.22394, -4.62048],
			"to": [9.14043, -1.47234, -4.62048],
			"rotation": {"angle": -22.5, "axis": "z", "origin": [8, 5.98108, -4.25228]},
			"faces": {
				"north": {"uv": [4, 7.75, 4.1875, 7.9375], "texture": "#0"},
				"east": {"uv": [0, 0, 0, 0.1875], "texture": "#0"},
				"south": {"uv": [7.75, 4, 7.9375, 4.1875], "texture": "#0"},
				"west": {"uv": [0, 0, 0, 0.1875], "texture": "#0"},
				"up": {"uv": [0.1875, 0, 0, 0], "texture": "#0"},
				"down": {"uv": [0.1875, 0, 0, 0], "texture": "#0"}
			}
		},
		{
			"name": "bipod_wobble",
			"from": [3.51257, -4.05838, -4.62038],
			"to": [4.26397, -3.5565, -3.88418],
			"faces": {
				"north": {"uv": [8, 4.75, 8.1875, 4.875], "texture": "#0"},
				"east": {"uv": [5, 8, 5.1875, 8.125], "texture": "#0"},
				"south": {"uv": [8, 5, 8.1875, 5.125], "texture": "#0"},
				"west": {"uv": [5.25, 8, 5.4375, 8.125], "texture": "#0"},
				"up": {"uv": [7.9375, 5.1875, 7.75, 5], "texture": "#0"},
				"down": {"uv": [5.4375, 7.75, 5.25, 7.9375], "texture": "#0"}
			}
		},
		{
			"name": "bipod_wobble",
			"from": [11.73603, -4.05838, -4.62038],
			"to": [12.48743, -3.5565, -3.88418],
			"faces": {
				"north": {"uv": [8, 4, 8.1875, 4.125], "texture": "#0"},
				"east": {"uv": [4.25, 8, 4.4375, 8.125], "texture": "#0"},
				"south": {"uv": [8, 4.25, 8.1875, 4.375], "texture": "#0"},
				"west": {"uv": [4.5, 8, 4.6875, 8.125], "texture": "#0"},
				"up": {"uv": [7.9375, 4.4375, 7.75, 4.25], "texture": "#0"},
				"down": {"uv": [4.6875, 7.75, 4.5, 7.9375], "texture": "#0"}
			}
		},
		{
			"name": "bipod_wobble",
			"from": [6.7492, 4.56856, -4.57048],
			"to": [6.9008, 5.20496, -3.93408],
			"faces": {
				"north": {"uv": [5.5, 8.25, 5.5625, 8.4375], "texture": "#0"},
				"east": {"uv": [3.25, 7.75, 3.4375, 7.9375], "texture": "#0"},
				"south": {"uv": [8.25, 5.5, 8.3125, 5.6875], "texture": "#0"},
				"west": {"uv": [7.75, 3.25, 7.9375, 3.4375], "texture": "#0"},
				"up": {"uv": [5.8125, 8.4375, 5.75, 8.25], "texture": "#0"},
				"down": {"uv": [8.3125, 5.75, 8.25, 5.9375], "texture": "#0"}
			}
		},
		{
			"name": "bipod_wobble",
			"from": [7.3992, 2.7644, -4.52048],
			"to": [8.6008, 3.51648, -3.98408],
			"faces": {
				"north": {"uv": [5.25, 7.25, 5.5625, 7.4375], "texture": "#0"},
				"east": {"uv": [8, 3.5, 8.125, 3.6875], "texture": "#0"},
				"south": {"uv": [7.5, 0.25, 7.8125, 0.4375], "texture": "#0"},
				"west": {"uv": [3.75, 8, 3.875, 8.1875], "texture": "#0"},
				"up": {"uv": [7.5625, 7.625, 7.25, 7.5], "texture": "#0"},
				"down": {"uv": [0.3125, 7.75, 0, 7.875], "texture": "#0"}
			}
		},
		{
			"name": "bipod_wobble",
			"from": [9.56126, 4.01798, -3.92048],
			"to": [9.96334, 4.41958, -3.80908],
			"rotation": {"angle": -45, "axis": "z", "origin": [8, 5.98108, -4.25228]},
			"faces": {
				"north": {"uv": [1.75, 8.25, 1.875, 8.375], "texture": "#0"},
				"east": {"uv": [0.25, 8.5, 0.3125, 8.625], "texture": "#0"},
				"south": {"uv": [8.25, 1.75, 8.375, 1.875], "texture": "#0"},
				"west": {"uv": [8.5, 0.25, 8.5625, 0.375], "texture": "#0"},
				"up": {"uv": [0.625, 8.5625, 0.5, 8.5], "texture": "#0"},
				"down": {"uv": [8.625, 0.5, 8.5, 0.5625], "texture": "#0"}
			}
		},
		{
			"name": "bipod_wobble",
			"from": [9.0992, 4.56856, -4.57048],
			"to": [9.2508, 5.20496, -3.93408],
			"faces": {
				"north": {"uv": [5, 8.25, 5.0625, 8.4375], "texture": "#0"},
				"east": {"uv": [3, 7.75, 3.1875, 7.9375], "texture": "#0"},
				"south": {"uv": [8.25, 5, 8.3125, 5.1875], "texture": "#0"},
				"west": {"uv": [7.75, 3, 7.9375, 3.1875], "texture": "#0"},
				"up": {"uv": [5.3125, 8.4375, 5.25, 8.25], "texture": "#0"},
				"down": {"uv": [8.3125, 5.25, 8.25, 5.4375], "texture": "#0"}
			}
		},
		{
			"name": "bullet0",
			"from": [6.55339, 7.33389, 18.46175],
			"to": [6.90339, 7.78389, 20.51175],
			"faces": {
				"north": {"uv": [1.25, 8.5, 1.3125, 8.625], "texture": "#0"},
				"east": {"uv": [4.75, 7.25, 5.25, 7.375], "texture": "#0"},
				"south": {"uv": [8.5, 1.25, 8.5625, 1.375], "texture": "#0"},
				"west": {"uv": [7.25, 4.75, 7.75, 4.875], "texture": "#0"},
				"up": {"uv": [7.8125, 7.75, 7.75, 7.25], "texture": "#0"},
				"down": {"uv": [7.5625, 7.75, 7.5, 8.25], "texture": "#0"}
			}
		},
		{
			"name": "bullet0",
			"from": [6.60339, 7.43389, 17.21175],
			"to": [6.85339, 7.68389, 18.46175],
			"faces": {
				"north": {"uv": [3.5, 8.5, 3.5625, 8.5625], "texture": "#0"},
				"east": {"uv": [6, 8, 6.3125, 8.0625], "texture": "#0"},
				"south": {"uv": [8.5, 3.5, 8.5625, 3.5625], "texture": "#0"},
				"west": {"uv": [6.5, 8, 6.8125, 8.0625], "texture": "#0"},
				"up": {"uv": [8.0625, 6.8125, 8, 6.5], "texture": "#0"},
				"down": {"uv": [7.0625, 8, 7, 8.3125], "texture": "#0"}
			}
		},
		{
			"name": "bullet0",
			"from": [6.75339, 7.03389, 19.01175],
			"to": [6.75339, 7.38389, 19.96175],
			"faces": {
				"north": {"uv": [0, 0, 0, 0.0625], "texture": "#0"},
				"east": {"uv": [4.25, 8.25, 4.5, 8.3125], "texture": "#0"},
				"south": {"uv": [0, 0, 0, 0.0625], "texture": "#0"},
				"west": {"uv": [8.25, 4.25, 8.5, 4.3125], "texture": "#0"},
				"up": {"uv": [0, 0.25, 0, 0], "texture": "#0"},
				"down": {"uv": [0, 0, 0, 0.25], "texture": "#0"}
			}
		},
		{
			"name": "bullet1",
			"from": [6.55339, 6.58389, 18.46175],
			"to": [6.90339, 7.03389, 20.51175],
			"faces": {
				"north": {"uv": [1.25, 8.5, 1.3125, 8.625], "texture": "#0"},
				"east": {"uv": [4.75, 7.25, 5.25, 7.375], "texture": "#0"},
				"south": {"uv": [8.5, 1.25, 8.5625, 1.375], "texture": "#0"},
				"west": {"uv": [7.25, 4.75, 7.75, 4.875], "texture": "#0"},
				"up": {"uv": [7.8125, 7.75, 7.75, 7.25], "texture": "#0"},
				"down": {"uv": [7.5625, 7.75, 7.5, 8.25], "texture": "#0"}
			}
		},
		{
			"name": "bullet1",
			"from": [6.60339, 6.68389, 17.21175],
			"to": [6.85339, 6.93389, 18.46175],
			"faces": {
				"north": {"uv": [3.5, 8.5, 3.5625, 8.5625], "texture": "#0"},
				"east": {"uv": [6, 8, 6.3125, 8.0625], "texture": "#0"},
				"south": {"uv": [8.5, 3.5, 8.5625, 3.5625], "texture": "#0"},
				"west": {"uv": [6.5, 8, 6.8125, 8.0625], "texture": "#0"},
				"up": {"uv": [8.0625, 6.8125, 8, 6.5], "texture": "#0"},
				"down": {"uv": [7.0625, 8, 7, 8.3125], "texture": "#0"}
			}
		},
		{
			"name": "bullet1",
			"from": [6.75339, 6.28389, 19.01175],
			"to": [6.75339, 6.63389, 19.96175],
			"faces": {
				"north": {"uv": [0, 0, 0, 0.0625], "texture": "#0"},
				"east": {"uv": [4.25, 8.25, 4.5, 8.3125], "texture": "#0"},
				"south": {"uv": [0, 0, 0, 0.0625], "texture": "#0"},
				"west": {"uv": [8.25, 4.25, 8.5, 4.3125], "texture": "#0"},
				"up": {"uv": [0, 0.25, 0, 0], "texture": "#0"},
				"down": {"uv": [0, 0, 0, 0.25], "texture": "#0"}
			}
		},
		{
			"name": "bullet2",
			"from": [6.55339, 5.83389, 18.46175],
			"to": [6.90339, 6.28389, 20.51175],
			"faces": {
				"north": {"uv": [1.25, 8.5, 1.3125, 8.625], "texture": "#0"},
				"east": {"uv": [4.75, 7.25, 5.25, 7.375], "texture": "#0"},
				"south": {"uv": [8.5, 1.25, 8.5625, 1.375], "texture": "#0"},
				"west": {"uv": [7.25, 4.75, 7.75, 4.875], "texture": "#0"},
				"up": {"uv": [7.8125, 7.75, 7.75, 7.25], "texture": "#0"},
				"down": {"uv": [7.5625, 7.75, 7.5, 8.25], "texture": "#0"}
			}
		},
		{
			"name": "bullet2",
			"from": [6.60339, 5.93389, 17.21175],
			"to": [6.85339, 6.18389, 18.46175],
			"faces": {
				"north": {"uv": [3.5, 8.5, 3.5625, 8.5625], "texture": "#0"},
				"east": {"uv": [6, 8, 6.3125, 8.0625], "texture": "#0"},
				"south": {"uv": [8.5, 3.5, 8.5625, 3.5625], "texture": "#0"},
				"west": {"uv": [6.5, 8, 6.8125, 8.0625], "texture": "#0"},
				"up": {"uv": [8.0625, 6.8125, 8, 6.5], "texture": "#0"},
				"down": {"uv": [7.0625, 8, 7, 8.3125], "texture": "#0"}
			}
		},
		{
			"name": "bullet2",
			"from": [6.75339, 5.53389, 19.01175],
			"to": [6.75339, 5.88389, 19.96175],
			"faces": {
				"north": {"uv": [0, 0, 0, 0.0625], "texture": "#0"},
				"east": {"uv": [4.25, 8.25, 4.5, 8.3125], "texture": "#0"},
				"south": {"uv": [0, 0, 0, 0.0625], "texture": "#0"},
				"west": {"uv": [8.25, 4.25, 8.5, 4.3125], "texture": "#0"},
				"up": {"uv": [0, 0.25, 0, 0], "texture": "#0"},
				"down": {"uv": [0, 0, 0, 0.25], "texture": "#0"}
			}
		},
		{
			"name": "bullet3",
			"from": [6.55339, 5.08389, 18.46175],
			"to": [6.90339, 5.53389, 20.51175],
			"faces": {
				"north": {"uv": [1.25, 8.5, 1.3125, 8.625], "texture": "#0"},
				"east": {"uv": [4.75, 7.25, 5.25, 7.375], "texture": "#0"},
				"south": {"uv": [8.5, 1.25, 8.5625, 1.375], "texture": "#0"},
				"west": {"uv": [7.25, 4.75, 7.75, 4.875], "texture": "#0"},
				"up": {"uv": [7.8125, 7.75, 7.75, 7.25], "texture": "#0"},
				"down": {"uv": [7.5625, 7.75, 7.5, 8.25], "texture": "#0"}
			}
		},
		{
			"name": "bullet3",
			"from": [6.60339, 5.18389, 17.21175],
			"to": [6.85339, 5.43389, 18.46175],
			"faces": {
				"north": {"uv": [3.5, 8.5, 3.5625, 8.5625], "texture": "#0"},
				"east": {"uv": [6, 8, 6.3125, 8.0625], "texture": "#0"},
				"south": {"uv": [8.5, 3.5, 8.5625, 3.5625], "texture": "#0"},
				"west": {"uv": [6.5, 8, 6.8125, 8.0625], "texture": "#0"},
				"up": {"uv": [8.0625, 6.8125, 8, 6.5], "texture": "#0"},
				"down": {"uv": [7.0625, 8, 7, 8.3125], "texture": "#0"}
			}
		},
		{
			"name": "bullet3",
			"from": [6.75339, 4.78389, 19.01175],
			"to": [6.75339, 5.13389, 19.96175],
			"faces": {
				"north": {"uv": [0, 0, 0, 0.0625], "texture": "#0"},
				"east": {"uv": [4.25, 8.25, 4.5, 8.3125], "texture": "#0"},
				"south": {"uv": [0, 0, 0, 0.0625], "texture": "#0"},
				"west": {"uv": [8.25, 4.25, 8.5, 4.3125], "texture": "#0"},
				"up": {"uv": [0, 0.25, 0, 0], "texture": "#0"},
				"down": {"uv": [0, 0, 0, 0.25], "texture": "#0"}
			}
		},
		{
			"name": "bullet4",
			"from": [6.55339, 4.33389, 18.46175],
			"to": [6.90339, 4.78389, 20.51175],
			"faces": {
				"north": {"uv": [1.25, 8.5, 1.3125, 8.625], "texture": "#0"},
				"east": {"uv": [4.75, 7.25, 5.25, 7.375], "texture": "#0"},
				"south": {"uv": [8.5, 1.25, 8.5625, 1.375], "texture": "#0"},
				"west": {"uv": [7.25, 4.75, 7.75, 4.875], "texture": "#0"},
				"up": {"uv": [7.8125, 7.75, 7.75, 7.25], "texture": "#0"},
				"down": {"uv": [7.5625, 7.75, 7.5, 8.25], "texture": "#0"}
			}
		},
		{
			"name": "bullet4",
			"from": [6.60339, 4.43389, 17.21175],
			"to": [6.85339, 4.68389, 18.46175],
			"faces": {
				"north": {"uv": [3.5, 8.5, 3.5625, 8.5625], "texture": "#0"},
				"east": {"uv": [6, 8, 6.3125, 8.0625], "texture": "#0"},
				"south": {"uv": [8.5, 3.5, 8.5625, 3.5625], "texture": "#0"},
				"west": {"uv": [6.5, 8, 6.8125, 8.0625], "texture": "#0"},
				"up": {"uv": [8.0625, 6.8125, 8, 6.5], "texture": "#0"},
				"down": {"uv": [7.0625, 8, 7, 8.3125], "texture": "#0"}
			}
		},
		{
			"name": "bullet4",
			"from": [6.75339, 4.03389, 19.01175],
			"to": [6.75339, 4.38389, 19.96175],
			"faces": {
				"north": {"uv": [0, 0, 0, 0.0625], "texture": "#0"},
				"east": {"uv": [4.25, 8.25, 4.5, 8.3125], "texture": "#0"},
				"south": {"uv": [0, 0, 0, 0.0625], "texture": "#0"},
				"west": {"uv": [8.25, 4.25, 8.5, 4.3125], "texture": "#0"},
				"up": {"uv": [0, 0.25, 0, 0], "texture": "#0"},
				"down": {"uv": [0, 0, 0, 0.25], "texture": "#0"}
			}
		},
		{
			"name": "bullet5",
			"from": [6.55339, 3.58389, 18.46175],
			"to": [6.90339, 4.03389, 20.51175],
			"faces": {
				"north": {"uv": [1.25, 8.5, 1.3125, 8.625], "texture": "#0"},
				"east": {"uv": [4.75, 7.25, 5.25, 7.375], "texture": "#0"},
				"south": {"uv": [8.5, 1.25, 8.5625, 1.375], "texture": "#0"},
				"west": {"uv": [7.25, 4.75, 7.75, 4.875], "texture": "#0"},
				"up": {"uv": [7.8125, 7.75, 7.75, 7.25], "texture": "#0"},
				"down": {"uv": [7.5625, 7.75, 7.5, 8.25], "texture": "#0"}
			}
		},
		{
			"name": "bullet5",
			"from": [6.60339, 3.68389, 17.21175],
			"to": [6.85339, 3.93389, 18.46175],
			"faces": {
				"north": {"uv": [3.5, 8.5, 3.5625, 8.5625], "texture": "#0"},
				"east": {"uv": [6, 8, 6.3125, 8.0625], "texture": "#0"},
				"south": {"uv": [8.5, 3.5, 8.5625, 3.5625], "texture": "#0"},
				"west": {"uv": [6.5, 8, 6.8125, 8.0625], "texture": "#0"},
				"up": {"uv": [8.0625, 6.8125, 8, 6.5], "texture": "#0"},
				"down": {"uv": [7.0625, 8, 7, 8.3125], "texture": "#0"}
			}
		},
		{
			"name": "bullet5",
			"from": [6.75339, 3.28389, 19.01175],
			"to": [6.75339, 3.63389, 19.96175],
			"faces": {
				"north": {"uv": [0, 0, 0, 0.0625], "texture": "#0"},
				"east": {"uv": [4.25, 8.25, 4.5, 8.3125], "texture": "#0"},
				"south": {"uv": [0, 0, 0, 0.0625], "texture": "#0"},
				"west": {"uv": [8.25, 4.25, 8.5, 4.3125], "texture": "#0"},
				"up": {"uv": [0, 0.25, 0, 0], "texture": "#0"},
				"down": {"uv": [0, 0, 0, 0.25], "texture": "#0"}
			}
		},
		{
			"name": "bullet6",
			"from": [6.55339, 2.83389, 18.46175],
			"to": [6.90339, 3.28389, 20.51175],
			"faces": {
				"north": {"uv": [1.25, 8.5, 1.3125, 8.625], "texture": "#0"},
				"east": {"uv": [4.75, 7.25, 5.25, 7.375], "texture": "#0"},
				"south": {"uv": [8.5, 1.25, 8.5625, 1.375], "texture": "#0"},
				"west": {"uv": [7.25, 4.75, 7.75, 4.875], "texture": "#0"},
				"up": {"uv": [7.8125, 7.75, 7.75, 7.25], "texture": "#0"},
				"down": {"uv": [7.5625, 7.75, 7.5, 8.25], "texture": "#0"}
			}
		},
		{
			"name": "bullet6",
			"from": [6.60339, 2.93389, 17.21175],
			"to": [6.85339, 3.18389, 18.46175],
			"faces": {
				"north": {"uv": [3.5, 8.5, 3.5625, 8.5625], "texture": "#0"},
				"east": {"uv": [6, 8, 6.3125, 8.0625], "texture": "#0"},
				"south": {"uv": [8.5, 3.5, 8.5625, 3.5625], "texture": "#0"},
				"west": {"uv": [6.5, 8, 6.8125, 8.0625], "texture": "#0"},
				"up": {"uv": [8.0625, 6.8125, 8, 6.5], "texture": "#0"},
				"down": {"uv": [7.0625, 8, 7, 8.3125], "texture": "#0"}
			}
		},
		{
			"name": "bullet6",
			"from": [6.75339, 2.53389, 19.01175],
			"to": [6.75339, 2.88389, 19.96175],
			"faces": {
				"north": {"uv": [0, 0, 0, 0.0625], "texture": "#0"},
				"east": {"uv": [4.25, 8.25, 4.5, 8.3125], "texture": "#0"},
				"south": {"uv": [0, 0, 0, 0.0625], "texture": "#0"},
				"west": {"uv": [8.25, 4.25, 8.5, 4.3125], "texture": "#0"},
				"up": {"uv": [0, 0.25, 0, 0], "texture": "#0"},
				"down": {"uv": [0, 0, 0, 0.25], "texture": "#0"}
			}
		},
		{
			"name": "bullet7",
			"from": [6.55339, 2.08389, 18.46175],
			"to": [6.90339, 2.53389, 20.51175],
			"faces": {
				"north": {"uv": [1.25, 8.5, 1.3125, 8.625], "texture": "#0"},
				"east": {"uv": [4.75, 7.25, 5.25, 7.375], "texture": "#0"},
				"south": {"uv": [8.5, 1.25, 8.5625, 1.375], "texture": "#0"},
				"west": {"uv": [7.25, 4.75, 7.75, 4.875], "texture": "#0"},
				"up": {"uv": [7.8125, 7.75, 7.75, 7.25], "texture": "#0"},
				"down": {"uv": [7.5625, 7.75, 7.5, 8.25], "texture": "#0"}
			}
		},
		{
			"name": "bullet7",
			"from": [6.60339, 2.18389, 17.21175],
			"to": [6.85339, 2.43389, 18.46175],
			"faces": {
				"north": {"uv": [3.5, 8.5, 3.5625, 8.5625], "texture": "#0"},
				"east": {"uv": [6, 8, 6.3125, 8.0625], "texture": "#0"},
				"south": {"uv": [8.5, 3.5, 8.5625, 3.5625], "texture": "#0"},
				"west": {"uv": [6.5, 8, 6.8125, 8.0625], "texture": "#0"},
				"up": {"uv": [8.0625, 6.8125, 8, 6.5], "texture": "#0"},
				"down": {"uv": [7.0625, 8, 7, 8.3125], "texture": "#0"}
			}
		},
		{
			"name": "bullet7",
			"from": [6.75339, 1.78389, 19.01175],
			"to": [6.75339, 2.13389, 19.96175],
			"faces": {
				"north": {"uv": [0, 0, 0, 0.0625], "texture": "#0"},
				"east": {"uv": [4.25, 8.25, 4.5, 8.3125], "texture": "#0"},
				"south": {"uv": [0, 0, 0, 0.0625], "texture": "#0"},
				"west": {"uv": [8.25, 4.25, 8.5, 4.3125], "texture": "#0"},
				"up": {"uv": [0, 0.25, 0, 0], "texture": "#0"},
				"down": {"uv": [0, 0, 0, 0.25], "texture": "#0"}
			}
		},
		{
			"name": "bullet8",
			"from": [6.55339, 1.33389, 18.46175],
			"to": [6.90339, 1.78389, 20.51175],
			"faces": {
				"north": {"uv": [1.25, 8.5, 1.3125, 8.625], "texture": "#0"},
				"east": {"uv": [4.75, 7.25, 5.25, 7.375], "texture": "#0"},
				"south": {"uv": [8.5, 1.25, 8.5625, 1.375], "texture": "#0"},
				"west": {"uv": [7.25, 4.75, 7.75, 4.875], "texture": "#0"},
				"up": {"uv": [7.8125, 7.75, 7.75, 7.25], "texture": "#0"},
				"down": {"uv": [7.5625, 7.75, 7.5, 8.25], "texture": "#0"}
			}
		},
		{
			"name": "bullet8",
			"from": [6.60339, 1.43389, 17.21175],
			"to": [6.85339, 1.68389, 18.46175],
			"faces": {
				"north": {"uv": [3.5, 8.5, 3.5625, 8.5625], "texture": "#0"},
				"east": {"uv": [6, 8, 6.3125, 8.0625], "texture": "#0"},
				"south": {"uv": [8.5, 3.5, 8.5625, 3.5625], "texture": "#0"},
				"west": {"uv": [6.5, 8, 6.8125, 8.0625], "texture": "#0"},
				"up": {"uv": [8.0625, 6.8125, 8, 6.5], "texture": "#0"},
				"down": {"uv": [7.0625, 8, 7, 8.3125], "texture": "#0"}
			}
		},
		{
			"name": "bullet8",
			"from": [6.75339, 1.03389, 19.01175],
			"to": [6.75339, 1.38389, 19.96175],
			"faces": {
				"north": {"uv": [0, 0, 0, 0.0625], "texture": "#0"},
				"east": {"uv": [4.25, 8.25, 4.5, 8.3125], "texture": "#0"},
				"south": {"uv": [0, 0, 0, 0.0625], "texture": "#0"},
				"west": {"uv": [8.25, 4.25, 8.5, 4.3125], "texture": "#0"},
				"up": {"uv": [0, 0.25, 0, 0], "texture": "#0"},
				"down": {"uv": [0, 0, 0, 0.25], "texture": "#0"}
			}
		},
		{
			"name": "bullet9",
			"from": [6.55339, 0.58389, 18.46175],
			"to": [6.90339, 1.03389, 20.51175],
			"faces": {
				"north": {"uv": [1.25, 8.5, 1.3125, 8.625], "texture": "#0"},
				"east": {"uv": [4.75, 7.25, 5.25, 7.375], "texture": "#0"},
				"south": {"uv": [8.5, 1.25, 8.5625, 1.375], "texture": "#0"},
				"west": {"uv": [7.25, 4.75, 7.75, 4.875], "texture": "#0"},
				"up": {"uv": [7.8125, 7.75, 7.75, 7.25], "texture": "#0"},
				"down": {"uv": [7.5625, 7.75, 7.5, 8.25], "texture": "#0"}
			}
		},
		{
			"name": "bullet9",
			"from": [6.60339, 0.68389, 17.21175],
			"to": [6.85339, 0.93389, 18.46175],
			"faces": {
				"north": {"uv": [3.5, 8.5, 3.5625, 8.5625], "texture": "#0"},
				"east": {"uv": [6, 8, 6.3125, 8.0625], "texture": "#0"},
				"south": {"uv": [8.5, 3.5, 8.5625, 3.5625], "texture": "#0"},
				"west": {"uv": [6.5, 8, 6.8125, 8.0625], "texture": "#0"},
				"up": {"uv": [8.0625, 6.8125, 8, 6.5], "texture": "#0"},
				"down": {"uv": [7.0625, 8, 7, 8.3125], "texture": "#0"}
			}
		},
		{
			"name": "bullet9",
			"from": [6.75339, 0.28389, 19.01175],
			"to": [6.75339, 0.63389, 19.96175],
			"faces": {
				"north": {"uv": [0, 0, 0, 0.0625], "texture": "#0"},
				"east": {"uv": [4.25, 8.25, 4.5, 8.3125], "texture": "#0"},
				"south": {"uv": [0, 0, 0, 0.0625], "texture": "#0"},
				"west": {"uv": [8.25, 4.25, 8.5, 4.3125], "texture": "#0"},
				"up": {"uv": [0, 0.25, 0, 0], "texture": "#0"},
				"down": {"uv": [0, 0, 0, 0.25], "texture": "#0"}
			}
		},
		{
			"name": "bullet10",
			"from": [6.55339, -0.16611, 18.46175],
			"to": [6.90339, 0.28389, 20.51175],
			"faces": {
				"north": {"uv": [1.25, 8.5, 1.3125, 8.625], "texture": "#0"},
				"east": {"uv": [4.75, 7.25, 5.25, 7.375], "texture": "#0"},
				"south": {"uv": [8.5, 1.25, 8.5625, 1.375], "texture": "#0"},
				"west": {"uv": [7.25, 4.75, 7.75, 4.875], "texture": "#0"},
				"up": {"uv": [7.8125, 7.75, 7.75, 7.25], "texture": "#0"},
				"down": {"uv": [7.5625, 7.75, 7.5, 8.25], "texture": "#0"}
			}
		},
		{
			"name": "bullet10",
			"from": [6.60339, -0.06611, 17.21175],
			"to": [6.85339, 0.18389, 18.46175],
			"faces": {
				"north": {"uv": [3.5, 8.5, 3.5625, 8.5625], "texture": "#0"},
				"east": {"uv": [6, 8, 6.3125, 8.0625], "texture": "#0"},
				"south": {"uv": [8.5, 3.5, 8.5625, 3.5625], "texture": "#0"},
				"west": {"uv": [6.5, 8, 6.8125, 8.0625], "texture": "#0"},
				"up": {"uv": [8.0625, 6.8125, 8, 6.5], "texture": "#0"},
				"down": {"uv": [7.0625, 8, 7, 8.3125], "texture": "#0"}
			}
		},
		{
			"name": "right",
			"from": [0, 0, 0],
			"to": [0, 12, 0],
			"faces": {
				"north": {"uv": [0, 0, 0, 3], "texture": "#0"},
				"east": {"uv": [0, 0, 0, 3], "texture": "#0"},
				"south": {"uv": [0, 0, 0, 3], "texture": "#0"},
				"west": {"uv": [0, 0, 0, 3], "texture": "#0"},
				"up": {"uv": [0, 0, 0, 0], "texture": "#0"},
				"down": {"uv": [0, 0, 0, 0], "texture": "#0"}
			}
		},
		{
			"name": "left",
			"from": [0, 0, 0],
			"to": [0, 12, 0],
			"faces": {
				"north": {"uv": [0, 0, 0, 3], "texture": "#0"},
				"east": {"uv": [0, 0, 0, 3], "texture": "#0"},
				"south": {"uv": [0, 0, 0, 3], "texture": "#0"},
				"west": {"uv": [0, 0, 0, 3], "texture": "#0"},
				"up": {"uv": [0, 0, 0, 0], "texture": "#0"},
				"down": {"uv": [0, 0, 0, 0], "texture": "#0"}
			}
		}
	],
	"display": {
		"thirdperson_righthand": {
			"rotation": [-1.2, -4.8, 0.42],
			"translation": [0, 1.5, -7.25],
			"scale": [0.62, 0.62, 0.62]
		},
		"firstperson_righthand": {
			"rotation": [-30.69, 62.69, 43.96],
			"translation": [-21, 2.25, 0]
		},
		"gui": {
			"rotation": [87.04, 46.94, -87.86],
			"translation": [0, 1.25, 0],
			"scale": [0.6, 0.6, 0.6]
		}
	}
}