{
  "type": "outdoors",
  "target": {
    "type": "ammo",
    "values": [
      "tacz:762x39",
      "ea:366tkm",
      "tacz:308",
      "ea:300winmag",
      "ea:602x41",
      "ea:500sw",
      "ea:50beowulf",
      "ea:410bore",
      "tacz:12g",
      "maxstuff:12g_fl",
      "hamster:medium_ammo",
      "tacz:50ae",
      "tacz:357mag"

    ]
  },
  "sounds": [
    {
      "threshold": 60.0,
      "sound": {
        "sound": "minecraft:med_crack_0",
        "volume": 7.0
      }
    },
    {
      "threshold": 100.0,
      "sound": {
        "sound": "minecraft:med_crack_1",
        "volume": 9.0
      }
    },
    {
      "threshold": 140,
      "sound": {
        "sound": "minecraft:med_crack_2",
        "volume": 14.0
      }
    },
    {
      "threshold": 190,
      "sound": {
        "sound": "minecraft:med_crack_3",
        "volume": 18.0
      }
    },
    {
      "threshold": 230,
      "sound": {
        "sound": "minecraft:med_crack_4",
        "volume": 20.0
      }
    }
  ]
}