{
	"credit": "Made with Blockbench",
	"texture_size": [64, 64],
	"textures": {
		"0": "weapons/gun_mp40",
		"particle": "weapons/gun_mp40"
	},
	"elements": [
		{
			"name": "main",
			"from": [7.15277, 8.93057, -3.44567],
			"to": [8.84722, 10.62502, 11.31531],
			"faces": {
				"north": {"uv": [6.5, 0.5, 6.9375, 0.9375], "texture": "#0"},
				"east": {"uv": [0, 0, 3.6875, 0.4375], "texture": "#0"},
				"south": {"uv": [1, 6.5, 1.4375, 6.9375], "texture": "#0"},
				"west": {"uv": [0, 0.5, 3.6875, 0.9375], "texture": "#0"},
				"up": {"uv": [0.4375, 4.6875, 0, 1], "texture": "#0"},
				"down": {"uv": [0.9375, 1, 0.5, 4.6875], "texture": "#0"}
			}
		},
		{
			"name": "main",
			"from": [6.90833, 8.93057, -3.44567],
			"to": [7.15278, 10.62502, -3.03469],
			"faces": {
				"north": {"uv": [6.25, 7.75, 6.3125, 8.1875], "texture": "#0"},
				"east": {"uv": [7.5, 6.5, 7.625, 6.9375], "texture": "#0"},
				"south": {"uv": [7.75, 6.25, 7.8125, 6.6875], "texture": "#0"},
				"west": {"uv": [6.75, 7.5, 6.875, 7.9375], "texture": "#0"},
				"up": {"uv": [8.3125, 3.875, 8.25, 3.75], "texture": "#0"},
				"down": {"uv": [4.0625, 8.25, 4, 8.375], "texture": "#0"}
			}
		},
		{
			"name": "main",
			"from": [6.49443, 8.93057, -3.44567],
			"to": [6.73888, 10.62502, -3.03469],
			"faces": {
				"north": {"uv": [6.5, 7.75, 6.5625, 8.1875], "texture": "#0"},
				"east": {"uv": [7, 7.5, 7.125, 7.9375], "texture": "#0"},
				"south": {"uv": [7.75, 6.75, 7.8125, 7.1875], "texture": "#0"},
				"west": {"uv": [7.25, 7.5, 7.375, 7.9375], "texture": "#0"},
				"up": {"uv": [8.3125, 4.125, 8.25, 4], "texture": "#0"},
				"down": {"uv": [4.3125, 8.25, 4.25, 8.375], "texture": "#0"}
			}
		},
		{
			"name": "main",
			"from": [6.73888, 10.43057, -3.44567],
			"to": [6.90833, 10.62502, -3.03469],
			"faces": {
				"north": {"uv": [6.25, 8.25, 6.3125, 8.3125], "texture": "#0"},
				"east": {"uv": [8.25, 4.25, 8.375, 4.3125], "texture": "#0"},
				"south": {"uv": [8.25, 6.25, 8.3125, 6.3125], "texture": "#0"},
				"west": {"uv": [8.25, 4.5, 8.375, 4.5625], "texture": "#0"},
				"up": {"uv": [4.8125, 8.375, 4.75, 8.25], "texture": "#0"},
				"down": {"uv": [8.3125, 4.75, 8.25, 4.875], "texture": "#0"}
			}
		},
		{
			"name": "main",
			"from": [6.73888, 8.93057, -3.44567],
			"to": [6.90833, 9.12502, -3.03469],
			"faces": {
				"north": {"uv": [6.5, 8.25, 6.5625, 8.3125], "texture": "#0"},
				"east": {"uv": [5, 8.25, 5.125, 8.3125], "texture": "#0"},
				"south": {"uv": [8.25, 6.5, 8.3125, 6.5625], "texture": "#0"},
				"west": {"uv": [8.25, 5, 8.375, 5.0625], "texture": "#0"},
				"up": {"uv": [5.3125, 8.375, 5.25, 8.25], "texture": "#0"},
				"down": {"uv": [8.3125, 5.25, 8.25, 5.375], "texture": "#0"}
			}
		},
		{
			"name": "main",
			"from": [7.49717, 10.61813, 2.40913],
			"to": [8.50282, 10.83166, 4.25511],
			"faces": {
				"north": {"uv": [4.75, 8, 5, 8.0625], "texture": "#0"},
				"east": {"uv": [7.75, 7.25, 8.1875, 7.3125], "texture": "#0"},
				"south": {"uv": [5, 8, 5.25, 8.0625], "texture": "#0"},
				"west": {"uv": [7.5, 7.75, 7.9375, 7.8125], "texture": "#0"},
				"up": {"uv": [7.5, 3.6875, 7.25, 3.25], "texture": "#0"},
				"down": {"uv": [3.75, 7.25, 3.5, 7.6875], "texture": "#0"}
			}
		},
		{
			"name": "main",
			"from": [7.49717, 10.82477, 3.54565],
			"to": [8.50282, 11.0105, 3.73851],
			"faces": {
				"north": {"uv": [4.5, 7.75, 4.75, 7.875], "texture": "#0"},
				"east": {"uv": [5.5, 8.25, 5.5625, 8.375], "texture": "#0"},
				"south": {"uv": [7.75, 4.5, 8, 4.625], "texture": "#0"},
				"west": {"uv": [8.25, 5.5, 8.3125, 5.625], "texture": "#0"},
				"up": {"uv": [8.25, 5.0625, 8, 5], "texture": "#0"},
				"down": {"uv": [5.5, 8, 5.25, 8.0625], "texture": "#0"}
			}
		},
		{
			"name": "main",
			"from": [7.49717, 10.82477, 3.02905],
			"to": [8.50282, 11.0383, 3.39411],
			"faces": {
				"north": {"uv": [8, 5.25, 8.25, 5.3125], "texture": "#0"},
				"east": {"uv": [6.75, 8.25, 6.8125, 8.3125], "texture": "#0"},
				"south": {"uv": [5.5, 8, 5.75, 8.0625], "texture": "#0"},
				"west": {"uv": [8.25, 6.75, 8.3125, 6.8125], "texture": "#0"},
				"up": {"uv": [8.25, 5.5625, 8, 5.5], "texture": "#0"},
				"down": {"uv": [6, 8, 5.75, 8.0625], "texture": "#0"}
			}
		},
		{
			"name": "main",
			"from": [7.15277, 7.23612, -1.63826],
			"to": [8.84722, 8.93057, 1.18582],
			"faces": {
				"north": {"uv": [6.5, 1.25, 6.9375, 1.6875], "texture": "#0"},
				"east": {"uv": [5.5, 2.25, 6.1875, 2.6875], "texture": "#0"},
				"south": {"uv": [1.5, 6.5, 1.9375, 6.9375], "texture": "#0"},
				"west": {"uv": [5.5, 2.75, 6.1875, 3.1875], "texture": "#0"},
				"up": {"uv": [5.9375, 5.6875, 5.5, 5], "texture": "#0"},
				"down": {"uv": [1.4375, 5.75, 1, 6.4375], "texture": "#0"}
			}
		},
		{
			"name": "main",
			"from": [7.15277, 6.6713, 1.16516],
			"to": [8.84722, 7.94214, 11.65972],
			"faces": {
				"north": {"uv": [1, 7, 1.4375, 7.3125], "texture": "#0"},
				"east": {"uv": [1, 4, 3.625, 4.3125], "texture": "#0"},
				"south": {"uv": [7, 1.25, 7.4375, 1.5625], "texture": "#0"},
				"west": {"uv": [3.75, 4, 6.375, 4.3125], "texture": "#0"},
				"up": {"uv": [2.9375, 3.625, 2.5, 1], "texture": "#0"},
				"down": {"uv": [3.4375, 1, 3, 3.625], "texture": "#0"}
			}
		},
		{
			"name": "main",
			"from": [7.15221, 3.43134, 11.69504],
			"to": [8.84779, 8.51581, 13.84247],
			"rotation": {"angle": -45, "axis": "x", "origin": [8, 5.53584, 13.11316]},
			"faces": {
				"north": {"uv": [1, 4.5, 1.4375, 5.75], "texture": "#0"},
				"east": {"uv": [4.25, 1, 4.8125, 2.25], "texture": "#0"},
				"south": {"uv": [1.5, 4.5, 1.9375, 5.75], "texture": "#0"},
				"west": {"uv": [4.25, 2.25, 4.8125, 3.5], "texture": "#0"},
				"up": {"uv": [3.9375, 6.5625, 3.5, 6], "texture": "#0"},
				"down": {"uv": [4.4375, 6, 4, 6.5625], "texture": "#0"}
			}
		},
		{
			"name": "main",
			"from": [7.43174, 2.7389, 11.16721],
			"to": [8.56826, 8.50465, 13.87833],
			"rotation": {"angle": -45, "axis": "x", "origin": [8, 5.62178, 12.49777]},
			"faces": {
				"north": {"uv": [3.5, 4.5, 3.8125, 5.9375], "texture": "#0"},
				"east": {"uv": [3.5, 1, 4.1875, 2.4375], "texture": "#0"},
				"south": {"uv": [4, 4.5, 4.3125, 5.9375], "texture": "#0"},
				"west": {"uv": [3.5, 2.5, 4.1875, 3.9375], "texture": "#0"},
				"up": {"uv": [6.3125, 6.4375, 6, 5.75], "texture": "#0"},
				"down": {"uv": [6.5625, 2.25, 6.25, 2.9375], "texture": "#0"}
			}
		},
		{
			"name": "main",
			"from": [7.43243, 7.30078, 10.91118],
			"to": [8.56757, 10.42655, 12.55328],
			"rotation": {"angle": -45, "axis": "x", "origin": [8, 9.12196, 11.65722]},
			"faces": {
				"north": {"uv": [6, 1.25, 6.3125, 2.0625], "texture": "#0"},
				"east": {"uv": [5, 1.25, 5.4375, 2.0625], "texture": "#0"},
				"south": {"uv": [2.5, 6, 2.8125, 6.8125], "texture": "#0"},
				"west": {"uv": [5, 2.25, 5.4375, 3.0625], "texture": "#0"},
				"up": {"uv": [1.8125, 7.4375, 1.5, 7], "texture": "#0"},
				"down": {"uv": [7.3125, 1.75, 7, 2.1875], "texture": "#0"}
			}
		},
		{
			"name": "main",
			"from": [6.64169, 8.22348, 12.47632],
			"to": [7.43243, 8.62574, 12.88133],
			"faces": {
				"north": {"uv": [0, 8, 0.1875, 8.125], "texture": "#0"},
				"east": {"uv": [8, 5.75, 8.125, 5.875], "texture": "#0"},
				"south": {"uv": [0.25, 8, 0.4375, 8.125], "texture": "#0"},
				"west": {"uv": [6, 8, 6.125, 8.125], "texture": "#0"},
				"up": {"uv": [0.6875, 8.125, 0.5, 8], "texture": "#0"},
				"down": {"uv": [8.1875, 0.5, 8, 0.625], "texture": "#0"}
			}
		},
		{
			"name": "main",
			"from": [8.56757, 8.22348, 12.47632],
			"to": [9.35831, 8.62574, 12.88133],
			"faces": {
				"north": {"uv": [0.75, 8, 0.9375, 8.125], "texture": "#0"},
				"east": {"uv": [8, 6, 8.125, 6.125], "texture": "#0"},
				"south": {"uv": [8, 0.75, 8.1875, 0.875], "texture": "#0"},
				"west": {"uv": [8, 6.25, 8.125, 6.375], "texture": "#0"},
				"up": {"uv": [1.1875, 8.125, 1, 8], "texture": "#0"},
				"down": {"uv": [8.1875, 1, 8, 1.125], "texture": "#0"}
			}
		},
		{
			"name": "main",
			"from": [6.64169, 8.22348, 12.88134],
			"to": [7.05359, 8.62574, 24.68],
			"faces": {
				"north": {"uv": [8, 6.5, 8.125, 6.625], "texture": "#0"},
				"east": {"uv": [4.25, 3.75, 7.1875, 3.875], "texture": "#0"},
				"south": {"uv": [6.75, 8, 6.875, 8.125], "texture": "#0"},
				"west": {"uv": [4.75, 4.5, 7.6875, 4.625], "texture": "#0"},
				"up": {"uv": [0.375, 7.6875, 0.25, 4.75], "texture": "#0"},
				"down": {"uv": [0.625, 4.75, 0.5, 7.6875], "texture": "#0"}
			}
		},
		{
			"name": "main",
			"from": [8.94641, 8.22348, 12.88134],
			"to": [9.35831, 8.62574, 24.68],
			"faces": {
				"north": {"uv": [8, 6.75, 8.125, 6.875], "texture": "#0"},
				"east": {"uv": [4.75, 4.75, 7.6875, 4.875], "texture": "#0"},
				"south": {"uv": [7, 8, 7.125, 8.125], "texture": "#0"},
				"west": {"uv": [5, 1, 7.9375, 1.125], "texture": "#0"},
				"up": {"uv": [0.875, 7.6875, 0.75, 4.75], "texture": "#0"},
				"down": {"uv": [4.875, 5, 4.75, 7.9375], "texture": "#0"}
			}
		},
		{
			"name": "main",
			"from": [8.94641, 5.97348, 24.68],
			"to": [9.35831, 9.87574, 25.12866],
			"faces": {
				"north": {"uv": [4.5, 6.75, 4.625, 7.75], "texture": "#0"},
				"east": {"uv": [0, 7, 0.125, 8], "texture": "#0"},
				"south": {"uv": [2.5, 7, 2.625, 8], "texture": "#0"},
				"west": {"uv": [2.75, 7, 2.875, 8], "texture": "#0"},
				"up": {"uv": [8.125, 7.125, 8, 7], "texture": "#0"},
				"down": {"uv": [7.375, 8, 7.25, 8.125], "texture": "#0"}
			}
		},
		{
			"name": "main",
			"from": [6.64169, 5.97348, 24.68],
			"to": [7.05359, 9.87574, 25.12866],
			"faces": {
				"north": {"uv": [7, 5, 7.125, 6], "texture": "#0"},
				"east": {"uv": [5.5, 7, 5.625, 8], "texture": "#0"},
				"south": {"uv": [5.75, 7, 5.875, 8], "texture": "#0"},
				"west": {"uv": [6, 7, 6.125, 8], "texture": "#0"},
				"up": {"uv": [7.625, 8.125, 7.5, 8], "texture": "#0"},
				"down": {"uv": [7.875, 8, 7.75, 8.125], "texture": "#0"}
			}
		},
		{
			"name": "main",
			"from": [7.04169, 9.42348, 24.68],
			"to": [8.95359, 9.87574, 25.12866],
			"faces": {
				"north": {"uv": [2, 7.5, 2.5, 7.625], "texture": "#0"},
				"east": {"uv": [8, 7.75, 8.125, 7.875], "texture": "#0"},
				"south": {"uv": [7.5, 2, 8, 2.125], "texture": "#0"},
				"west": {"uv": [8, 8, 8.125, 8.125], "texture": "#0"},
				"up": {"uv": [8, 3.375, 7.5, 3.25], "texture": "#0"},
				"down": {"uv": [8, 3.5, 7.5, 3.625], "texture": "#0"}
			}
		},
		{
			"name": "main",
			"from": [7.04405, 5.97348, 24.68],
			"to": [8.95595, 6.42574, 25.12866],
			"faces": {
				"north": {"uv": [3.75, 7.5, 4.25, 7.625], "texture": "#0"},
				"east": {"uv": [0, 8.25, 0.125, 8.375], "texture": "#0"},
				"south": {"uv": [7.5, 4, 8, 4.125], "texture": "#0"},
				"west": {"uv": [0.25, 8.25, 0.375, 8.375], "texture": "#0"},
				"up": {"uv": [8, 4.375, 7.5, 4.25], "texture": "#0"},
				"down": {"uv": [5.5, 7.5, 5, 7.625], "texture": "#0"}
			}
		},
		{
			"name": "main",
			"from": [7.29398, 6.37499, 6.95284],
			"to": [8.70602, 6.68564, 10.39822],
			"faces": {
				"north": {"uv": [1.25, 8, 1.625, 8.0625], "texture": "#0"},
				"east": {"uv": [7.5, 7.5, 8.375, 7.5625], "texture": "#0"},
				"south": {"uv": [8, 1.25, 8.375, 1.3125], "texture": "#0"},
				"west": {"uv": [7.75, 0, 8.625, 0.0625], "texture": "#0"},
				"up": {"uv": [5.375, 5.875, 5, 5], "texture": "#0"},
				"down": {"uv": [5.875, 1.25, 5.5, 2.125], "texture": "#0"}
			}
		},
		{
			"name": "main",
			"from": [7.29398, 4.96295, 7.57414],
			"to": [8.70602, 5.2736, 10.68063],
			"faces": {
				"north": {"uv": [1.75, 8, 2.125, 8.0625], "texture": "#0"},
				"east": {"uv": [0.25, 7.75, 1, 7.8125], "texture": "#0"},
				"south": {"uv": [8, 1.75, 8.375, 1.8125], "texture": "#0"},
				"west": {"uv": [7.75, 0.25, 8.5, 0.3125], "texture": "#0"},
				"up": {"uv": [1.875, 6.5, 1.5, 5.75], "texture": "#0"},
				"down": {"uv": [5.875, 5.75, 5.5, 6.5], "texture": "#0"}
			}
		},
		{
			"name": "main",
			"from": [7.79398, 5.46295, 9.12414],
			"to": [8.20602, 6.5236, 9.43063],
			"rotation": {"angle": 22.5, "axis": "x", "origin": [8, 5.99327, 9.25239]},
			"faces": {
				"north": {"uv": [7.75, 4.75, 7.875, 5], "texture": "#0"},
				"east": {"uv": [0.5, 8.25, 0.5625, 8.5], "texture": "#0"},
				"south": {"uv": [5, 7.75, 5.125, 8], "texture": "#0"},
				"west": {"uv": [8.25, 0.5, 8.3125, 0.75], "texture": "#0"},
				"up": {"uv": [5.875, 8.3125, 5.75, 8.25], "texture": "#0"},
				"down": {"uv": [8.375, 5.75, 8.25, 5.8125], "texture": "#0"}
			}
		},
		{
			"name": "main",
			"from": [7.29398, 5.2736, 7.57414],
			"to": [8.70602, 6.37499, 7.94127],
			"faces": {
				"north": {"uv": [7.25, 7, 7.625, 7.25], "texture": "#0"},
				"east": {"uv": [0.75, 8.25, 0.8125, 8.5], "texture": "#0"},
				"south": {"uv": [7.25, 7.25, 7.625, 7.5], "texture": "#0"},
				"west": {"uv": [8.25, 0.75, 8.3125, 1], "texture": "#0"},
				"up": {"uv": [8.375, 2.0625, 8, 2], "texture": "#0"},
				"down": {"uv": [2.625, 8, 2.25, 8.0625], "texture": "#0"}
			}
		},
		{
			"name": "main",
			"from": [7.29455, 5.50009, 7.40526],
			"to": [8.70546, 6.78771, 7.88422],
			"rotation": {"angle": -45, "axis": "x", "origin": [8, 5.82429, 7.19289]},
			"faces": {
				"north": {"uv": [7, 4, 7.375, 4.3125], "texture": "#0"},
				"east": {"uv": [3, 7.75, 3.125, 8.0625], "texture": "#0"},
				"south": {"uv": [7, 6, 7.375, 6.3125], "texture": "#0"},
				"west": {"uv": [3.25, 7.75, 3.375, 8.0625], "texture": "#0"},
				"up": {"uv": [1.375, 7.875, 1, 7.75], "texture": "#0"},
				"down": {"uv": [8.125, 1.5, 7.75, 1.625], "texture": "#0"}
			}
		},
		{
			"name": "main",
			"from": [7.29455, 5.27416, 10.39879],
			"to": [8.70546, 6.4309, 10.68007],
			"faces": {
				"north": {"uv": [6.25, 7, 6.625, 7.3125], "texture": "#0"},
				"east": {"uv": [4.5, 8, 4.5625, 8.3125], "texture": "#0"},
				"south": {"uv": [7, 6.5, 7.375, 6.8125], "texture": "#0"},
				"west": {"uv": [8, 4.5, 8.0625, 4.8125], "texture": "#0"},
				"up": {"uv": [8.375, 2.3125, 8, 2.25], "texture": "#0"},
				"down": {"uv": [8.375, 2.5, 8, 2.5625], "texture": "#0"}
			}
		},
		{
			"name": "main",
			"from": [6.87037, 7.94214, 1.16516],
			"to": [9.12963, 9.52779, 11.65972],
			"faces": {
				"north": {"uv": [6.25, 3, 6.8125, 3.375], "texture": "#0"},
				"east": {"uv": [3.75, 0, 6.375, 0.375], "texture": "#0"},
				"south": {"uv": [6.5, 0, 7.0625, 0.375], "texture": "#0"},
				"west": {"uv": [3.75, 0.5, 6.375, 0.875], "texture": "#0"},
				"up": {"uv": [1.5625, 3.625, 1, 1], "texture": "#0"},
				"down": {"uv": [2.3125, 1, 1.75, 3.625], "texture": "#0"}
			}
		},
		{
			"name": "main",
			"from": [7.15277, 5.68288, 1.16516],
			"to": [8.84722, 6.67131, 3.34387],
			"faces": {
				"north": {"uv": [5.75, 3.25, 6.1875, 3.5], "texture": "#0"},
				"east": {"uv": [5, 3.25, 5.5625, 3.5], "texture": "#0"},
				"south": {"uv": [3.75, 7.25, 4.1875, 7.5], "texture": "#0"},
				"west": {"uv": [6.5, 3.5, 7.0625, 3.75], "texture": "#0"},
				"up": {"uv": [5.4375, 6.5625, 5, 6], "texture": "#0"},
				"down": {"uv": [6.4375, 5, 6, 5.5625], "texture": "#0"}
			}
		},
		{
			"name": "main",
			"from": [7.15377, 5.95586, 2.82278],
			"to": [8.84622, 6.94229, 4.24949],
			"rotation": {"angle": -45, "axis": "x", "origin": [8, 6.44907, 3.41114]},
			"faces": {
				"north": {"uv": [7.25, 3.75, 7.6875, 4], "texture": "#0"},
				"east": {"uv": [7.5, 0.5, 7.875, 0.75], "texture": "#0"},
				"south": {"uv": [5, 7.25, 5.4375, 7.5], "texture": "#0"},
				"west": {"uv": [7.5, 0.75, 7.875, 1], "texture": "#0"},
				"up": {"uv": [6.9375, 6.375, 6.5, 6], "texture": "#0"},
				"down": {"uv": [6.9375, 6.5, 6.5, 6.875], "texture": "#0"}
			}
		},
		{
			"name": "main",
			"from": [7.15277, 5.54167, -1.63826],
			"to": [8.84722, 7.23612, 0.19739],
			"faces": {
				"north": {"uv": [6.5, 1.75, 6.9375, 2.1875], "texture": "#0"},
				"east": {"uv": [6.5, 4, 6.9375, 4.4375], "texture": "#0"},
				"south": {"uv": [6.5, 5, 6.9375, 5.4375], "texture": "#0"},
				"west": {"uv": [5.5, 6.5, 5.9375, 6.9375], "texture": "#0"},
				"up": {"uv": [6.9375, 5.9375, 6.5, 5.5], "texture": "#0"},
				"down": {"uv": [6.4375, 6.5, 6, 6.9375], "texture": "#0"}
			}
		},
		{
			"name": "main",
			"from": [7.26574, 8.98705, -5.14012],
			"to": [8.73426, 10.56853, -3.44567],
			"faces": {
				"north": {"uv": [5, 6.75, 5.375, 7.125], "texture": "#0"},
				"east": {"uv": [6.75, 2.25, 7.1875, 2.625], "texture": "#0"},
				"south": {"uv": [7, 0.5, 7.375, 0.875], "texture": "#0"},
				"west": {"uv": [3, 6.75, 3.4375, 7.125], "texture": "#0"},
				"up": {"uv": [3.875, 7.1875, 3.5, 6.75], "texture": "#0"},
				"down": {"uv": [4.375, 6.75, 4, 7.1875], "texture": "#0"}
			}
		},
		{
			"name": "main",
			"from": [7.54814, 9.36946, -13.50931],
			"to": [8.45185, 10.38613, -5.14012],
			"faces": {
				"north": {"uv": [3.25, 3.75, 3.5, 4], "texture": "#0"},
				"east": {"uv": [1, 3.75, 3.0625, 4], "texture": "#0"},
				"south": {"uv": [7, 3.25, 7.25, 3.5], "texture": "#0"},
				"west": {"uv": [4.25, 3.5, 6.3125, 3.75], "texture": "#0"},
				"up": {"uv": [3.25, 6.5625, 3, 4.5], "texture": "#0"},
				"down": {"uv": [3.5, 4.5, 3.25, 6.5625], "texture": "#0"}
			}
		},
		{
			"name": "main",
			"from": [7.34814, 9.26946, -14.98431],
			"to": [8.65185, 10.48613, -13.49012],
			"faces": {
				"north": {"uv": [7.25, 5, 7.5625, 5.3125], "texture": "#0"},
				"east": {"uv": [6.75, 7, 7.125, 7.3125], "texture": "#0"},
				"south": {"uv": [7.25, 5.5, 7.5625, 5.8125], "texture": "#0"},
				"west": {"uv": [7.25, 0, 7.625, 0.3125], "texture": "#0"},
				"up": {"uv": [7.5625, 2.625, 7.25, 2.25], "texture": "#0"},
				"down": {"uv": [3.3125, 7.25, 3, 7.625], "texture": "#0"}
			}
		},
		{
			"name": "main",
			"from": [7.64814, 10.36946, -13.48431],
			"to": [8.35185, 10.88613, -12.59012],
			"faces": {
				"north": {"uv": [3.75, 8, 3.9375, 8.125], "texture": "#0"},
				"east": {"uv": [7.75, 5.75, 8, 5.875], "texture": "#0"},
				"south": {"uv": [8, 3.75, 8.1875, 3.875], "texture": "#0"},
				"west": {"uv": [7.75, 6, 8, 6.125], "texture": "#0"},
				"up": {"uv": [7.9375, 2, 7.75, 1.75], "texture": "#0"},
				"down": {"uv": [2.1875, 7.75, 2, 8], "texture": "#0"}
			}
		},
		{
			"name": "main",
			"from": [7.46944, 10.88613, -13.48431],
			"to": [7.64815, 11.8278, -12.59012],
			"faces": {
				"north": {"uv": [1.25, 8.25, 1.3125, 8.5], "texture": "#0"},
				"east": {"uv": [7.5, 6, 7.75, 6.25], "texture": "#0"},
				"south": {"uv": [1.5, 8.25, 1.5625, 8.5], "texture": "#0"},
				"west": {"uv": [6.25, 7.5, 6.5, 7.75], "texture": "#0"},
				"up": {"uv": [8.3125, 1.75, 8.25, 1.5], "texture": "#0"},
				"down": {"uv": [1.8125, 8.25, 1.75, 8.5], "texture": "#0"}
			}
		},
		{
			"name": "main",
			"from": [8.35185, 10.88613, -13.48431],
			"to": [8.53056, 11.8278, -12.59012],
			"faces": {
				"north": {"uv": [2, 8.25, 2.0625, 8.5], "texture": "#0"},
				"east": {"uv": [7.5, 6.25, 7.75, 6.5], "texture": "#0"},
				"south": {"uv": [2.25, 8.25, 2.3125, 8.5], "texture": "#0"},
				"west": {"uv": [6.5, 7.5, 6.75, 7.75], "texture": "#0"},
				"up": {"uv": [2.5625, 8.5, 2.5, 8.25], "texture": "#0"},
				"down": {"uv": [2.8125, 8.25, 2.75, 8.5], "texture": "#0"}
			}
		},
		{
			"name": "main",
			"from": [8, 10.88613, -13.28431],
			"to": [8, 11.2278, -12.79012],
			"faces": {
				"north": {"uv": [0, 0, 0, 0.0625], "texture": "#0"},
				"east": {"uv": [6, 8.25, 6.125, 8.3125], "texture": "#0"},
				"south": {"uv": [0, 0, 0, 0.0625], "texture": "#0"},
				"west": {"uv": [8.25, 6, 8.375, 6.0625], "texture": "#0"},
				"up": {"uv": [0, 0.125, 0, 0], "texture": "#0"},
				"down": {"uv": [0, 0, 0, 0.125], "texture": "#0"}
			}
		},
		{
			"name": "main",
			"from": [7.64814, 11.66113, -13.48431],
			"to": [8.35185, 11.8278, -12.59012],
			"faces": {
				"north": {"uv": [8.25, 3.25, 8.4375, 3.3125], "texture": "#0"},
				"east": {"uv": [3, 8.25, 3.25, 8.3125], "texture": "#0"},
				"south": {"uv": [3.5, 8.25, 3.6875, 8.3125], "texture": "#0"},
				"west": {"uv": [3.25, 8.25, 3.5, 8.3125], "texture": "#0"},
				"up": {"uv": [2.4375, 8, 2.25, 7.75], "texture": "#0"},
				"down": {"uv": [7.9375, 2.25, 7.75, 2.5], "texture": "#0"}
			}
		},
		{
			"name": "main",
			"from": [7.64814, 9.10279, -13.73431],
			"to": [8.35185, 9.36946, -5.14012],
			"faces": {
				"north": {"uv": [8.25, 3.5, 8.4375, 3.5625], "texture": "#0"},
				"east": {"uv": [6.75, 2.75, 8.875, 2.8125], "texture": "#0"},
				"south": {"uv": [3.75, 8.25, 3.9375, 8.3125], "texture": "#0"},
				"west": {"uv": [7, 3, 9.125, 3.0625], "texture": "#0"},
				"up": {"uv": [4.6875, 6.625, 4.5, 4.5], "texture": "#0"},
				"down": {"uv": [0.1875, 4.75, 0, 6.875], "texture": "#0"}
			}
		},
		{
			"name": "main",
			"from": [7.64814, 8.33612, -10.23431],
			"to": [8.35185, 9.10279, -9.64012],
			"faces": {
				"north": {"uv": [3.75, 7.75, 3.9375, 7.9375], "texture": "#0"},
				"east": {"uv": [4, 8, 4.125, 8.1875], "texture": "#0"},
				"south": {"uv": [7.75, 3.75, 7.9375, 3.9375], "texture": "#0"},
				"west": {"uv": [8, 4, 8.125, 4.1875], "texture": "#0"},
				"up": {"uv": [4.4375, 8.125, 4.25, 8], "texture": "#0"},
				"down": {"uv": [8.1875, 4.25, 8, 4.375], "texture": "#0"}
			}
		},
		{
			"name": "main",
			"from": [7.64914, 8.4612, -12.10711],
			"to": [8.35085, 9.25339, -10.09244],
			"rotation": {"angle": 22.5, "axis": "x", "origin": [8, 8.7573, -10.47477]},
			"faces": {
				"north": {"uv": [4, 7.75, 4.1875, 7.9375], "texture": "#0"},
				"east": {"uv": [1, 7.5, 1.5, 7.6875], "texture": "#0"},
				"south": {"uv": [4.25, 7.75, 4.4375, 7.9375], "texture": "#0"},
				"west": {"uv": [7.5, 1.25, 8, 1.4375], "texture": "#0"},
				"up": {"uv": [4.4375, 7.75, 4.25, 7.25], "texture": "#0"},
				"down": {"uv": [1.6875, 7.5, 1.5, 8], "texture": "#0"}
			}
		},
		{
			"name": "slide",
			"from": [5.63611, 9.42779, 2.06516],
			"to": [6.14537, 10.11344, 2.70972],
			"rotation": {"angle": 0, "axis": "z", "origin": [7, 9, 7]},
			"faces": {
				"north": {"uv": [2.75, 8, 2.875, 8.1875], "texture": "#0"},
				"east": {"uv": [7.75, 2.5, 7.9375, 2.6875], "texture": "#0"},
				"south": {"uv": [8, 3.25, 8.125, 3.4375], "texture": "#0"},
				"west": {"uv": [3.5, 7.75, 3.6875, 7.9375], "texture": "#0"},
				"up": {"uv": [3.625, 8.1875, 3.5, 8], "texture": "#0"},
				"down": {"uv": [8.125, 3.5, 8, 3.6875], "texture": "#0"}
			}
		},
		{
			"name": "slide",
			"from": [6.14537, 9.52779, 2.16516],
			"to": [7.15463, 10.01344, 2.60972],
			"rotation": {"angle": 0, "axis": "z", "origin": [7, 9, 7]},
			"faces": {
				"north": {"uv": [7.75, 5, 8, 5.125], "texture": "#0"},
				"east": {"uv": [1, 8.25, 1.125, 8.375], "texture": "#0"},
				"south": {"uv": [5.25, 7.75, 5.5, 7.875], "texture": "#0"},
				"west": {"uv": [8.25, 1, 8.375, 1.125], "texture": "#0"},
				"up": {"uv": [8, 5.375, 7.75, 5.25], "texture": "#0"},
				"down": {"uv": [8, 5.5, 7.75, 5.625], "texture": "#0"}
			}
		},
		{
			"name": "mag",
			"from": [7.57639, -0.10649, -1.5253],
			"to": [8.42361, 5.54167, 0.08443],
			"faces": {
				"north": {"uv": [2, 6, 2.1875, 7.4375], "texture": "#0"},
				"east": {"uv": [2, 4.5, 2.375, 5.9375], "texture": "#0"},
				"south": {"uv": [2.25, 6, 2.4375, 7.4375], "texture": "#0"},
				"west": {"uv": [2.5, 4.5, 2.875, 5.9375], "texture": "#0"},
				"up": {"uv": [7.6875, 1.875, 7.5, 1.5], "texture": "#0"},
				"down": {"uv": [1.9375, 7.5, 1.75, 7.875], "texture": "#0"}
			}
		}
	],
	"display": {
		"thirdperson_righthand": {
			"rotation": [-0.67, -10.8, 0.11],
			"translation": [-0.75, 0.75, -0.75],
			"scale": [0.6, 0.6, 0.6]
		},
		"thirdperson_lefthand": {
			"scale": [0, 0, 0]
		},
		"firstperson_righthand": {
			"rotation": [0, 0, 14],
			"translation": [-4, 3.25, 2.25]
		},
		"gui": {
			"rotation": [91.61, -51.98, 91.28],
			"translation": [-1.5, -1.5, 0],
			"scale": [0.6, 0.6, 0.6]
		},
		"fixed": {
			"rotation": [0, 89, 0]
		}
	},
	"groups": [
		{
			"name": "main",
			"origin": [8, 8, 8],
			"color": 0,
			"children": [0, 1, 2, 3, 4, 5, 6, 7, 8, 9, 10, 11, 12, 13, 14, 15, 16, 17, 18, 19, 20, 21, 22, 23, 24, 25, 26, 27, 28, 29, 30, 31, 32, 33, 34, 35, 36, 37, 38, 39, 40, 41]
		},
		{
			"name": "slide",
			"origin": [9.90833, 1.54027, 2.05784],
			"color": 4,
			"children": [42, 43]
		},
		{
			"name": "mag",
			"origin": [7.71759, 1.67406, -0.05678],
			"color": 5,
			"children": [44]
		}
	]
}