{
	"credit": "Made with Blockbench",
	"texture_size": [512, 512],
	"textures": {
		"0": "weapons/panzeriv_tank0",
		"particle": "weapons/panzeriv_tank0"
	},
	"elements": [
		{
			"name": "barrel",
			"from": [-3, 18.41761, 2.61313],
			"to": [3, 19.41761, 3.61313],
			"rotation": {"angle": 0, "axis": "x", "origin": [0, 20.5, 0]},
			"faces": {
				"north": {"uv": [7.375, 1, 7.75, 1.0625], "texture": "#0"},
				"east": {"uv": [7, 7.5, 7.0625, 7.5625], "texture": "#0"},
				"south": {"uv": [7.75, 1.0625, 8.125, 1.125], "texture": "#0"},
				"west": {"uv": [7.0625, 7.5, 7.125, 7.5625], "texture": "#0"},
				"up": {"uv": [7.75, 1.1875, 7.375, 1.125], "texture": "#0"},
				"down": {"uv": [7.75, 1.1875, 7.375, 1.25], "texture": "#0"}
			}
		},
		{
			"name": "barrel",
			"from": [-2, 16, -1],
			"to": [2, 18, 2],
			"rotation": {"angle": 0, "axis": "y", "origin": [0, 0, 8]},
			"faces": {
				"north": {"uv": [6.875, 1.6875, 7.125, 1.8125], "texture": "#0"},
				"east": {"uv": [4.5625, 6.75, 4.75, 6.875], "texture": "#0"},
				"south": {"uv": [7.8125, 6.03125, 8.0625, 6.15625], "texture": "#0"},
				"west": {"uv": [2.6875, 6.875, 2.875, 7], "texture": "#0"},
				"up": {"uv": [2.5, 6.625, 2.25, 6.4375], "texture": "#0"},
				"down": {"uv": [4.8125, 7.25, 4.5625, 7.4375], "texture": "#0"}
			}
		},
		{
			"name": "barrel",
			"from": [-1, 16.25, -16],
			"to": [0.5, 17.75, 7],
			"rotation": {"angle": 0, "axis": "y", "origin": [0, 0, 8]},
			"faces": {
				"north": {"uv": [2, 0.875, 2.125, 1], "texture": "#0"},
				"east": {"uv": [1.0625, 0.875, 2, 1], "texture": "#0"},
				"south": {"uv": [1.9375, 7.75, 2.0625, 7.875], "texture": "#0"},
				"west": {"uv": [6.625, 6.5, 7.5625, 6.625], "texture": "#0"},
				"up": {"uv": [1.0625, 3.25, 0.9375, 2.3125], "texture": "#0"},
				"down": {"uv": [5.5, 6.625, 5.375, 7.5625], "texture": "#0"}
			}
		},
		{
			"name": "barrel",
			"from": [-1.25, 16, -16],
			"to": [0.75, 18, -14],
			"faces": {
				"north": {"uv": [3, 6.1875, 3.125, 6.3125], "texture": "#0"},
				"east": {"uv": [3, 6.3125, 3.125, 6.4375], "texture": "#0"},
				"south": {"uv": [2.875, 7.6875, 3, 7.8125], "texture": "#0"},
				"west": {"uv": [1.9375, 7.4375, 2.0625, 7.5625], "texture": "#0"},
				"up": {"uv": [3.125, 7.5625, 3, 7.4375], "texture": "#0"},
				"down": {"uv": [5, 7.4375, 4.875, 7.5625], "texture": "#0"}
			}
		},
		{
			"name": "barrel",
			"from": [-3, 16.72209, 4.14386],
			"to": [3, 17.72209, 5.14386],
			"rotation": {"angle": 22.5, "axis": "x", "origin": [0, 21.5, 0]},
			"faces": {
				"north": {"uv": [6.3125, 7.375, 6.6875, 7.4375], "texture": "#0"},
				"east": {"uv": [6.875, 7.5, 6.9375, 7.5625], "texture": "#0"},
				"south": {"uv": [7.75, 7.375, 8.125, 7.4375], "texture": "#0"},
				"west": {"uv": [6.9375, 7.5, 7, 7.5625], "texture": "#0"},
				"up": {"uv": [7.75, 0.9375, 7.375, 0.875], "texture": "#0"},
				"down": {"uv": [7.75, 0.9375, 7.375, 1], "texture": "#0"}
			}
		},
		{
			"name": "barrel",
			"from": [-3, 15.5, 2],
			"to": [3, 18.5, 3],
			"rotation": {"angle": 0, "axis": "y", "origin": [0, 0, 8]},
			"faces": {
				"north": {"uv": [7.125, 2.9375, 7.5, 3.125], "texture": "#0"},
				"east": {"uv": [1.1875, 7.5, 1.25, 7.6875], "texture": "#0"},
				"south": {"uv": [7.5625, 3.3125, 7.9375, 3.5], "texture": "#0"},
				"west": {"uv": [1.25, 7.5, 1.3125, 7.6875], "texture": "#0"},
				"up": {"uv": [5.9375, 7.4375, 5.5625, 7.375], "texture": "#0"},
				"down": {"uv": [6.3125, 7.375, 5.9375, 7.4375], "texture": "#0"}
			}
		},
		{
			"name": "body",
			"from": [1, 17, -2],
			"to": [1.5, 17.5, -1],
			"rotation": {"angle": 0, "axis": "y", "origin": [0, 0, 8]},
			"faces": {
				"north": {"uv": [7.125, 7.5, 7.1875, 7.5625], "texture": "#0"},
				"east": {"uv": [7.1875, 7.5, 7.25, 7.5625], "texture": "#0"},
				"south": {"uv": [7.25, 7.5625, 7.3125, 7.625], "texture": "#0"},
				"west": {"uv": [7.3125, 7.5, 7.375, 7.5625], "texture": "#0"},
				"up": {"uv": [7.4375, 7.5625, 7.375, 7.5], "texture": "#0"},
				"down": {"uv": [7.5, 7.5, 7.4375, 7.5625], "texture": "#0"}
			}
		}
	],
	"display": {
		"thirdperson_righthand": {
			"rotation": [30.11, -16.74, -14.13],
			"translation": [4.75, -15.75, 6],
			"scale": [2, 2, 2]
		},
		"thirdperson_lefthand": {
			"scale": [0, 0, 0]
		},
		"firstperson_righthand": {
			"translation": [36, -23, 35],
			"scale": [4, 4, 4]
		},
		"gui": {
			"rotation": [-154.34, -31.74, 163.11],
			"translation": [-10.75, -6.25, 0]
		},
		"head": {
			"translation": [31.75, -36.75, 11.25],
			"scale": [4, 4, 4]
		}
	},
	"groups": [
		{
			"name": "turret",
			"origin": [0, 16.5, 4],
			"color": 2,
			"children": [
				{
					"name": "barrel",
					"origin": [0, 17, -5.25],
					"color": 3,
					"children": [0, 1, 2, 3, 4, 5, 6]
				}
			]
		}
	]
}