{
	"credit": "Made by tjwhangLeime",
	"texture_size": [64, 64],
	"textures": {
		"1": "weapons/gun_mosin_nagant"
	},
	"elements": [
		{
			"name": "main",
			"from": [7.2968, 6.5928, 21.58511],
			"to": [8.7032, 7.9992, 26.70351],
			"faces": {
				"north": {"uv": [1, 5, 1.375, 5.375], "texture": "#1"},
				"east": {"uv": [3.5, 1.5, 4.75, 1.875], "texture": "#1"},
				"south": {"uv": [1.5, 5, 1.875, 5.375], "texture": "#1"},
				"west": {"uv": [3.5, 2, 4.75, 2.375], "texture": "#1"},
				"up": {"uv": [3.875, 4.75, 3.5, 3.5], "texture": "#1"},
				"down": {"uv": [4.375, 3.5, 4, 4.75], "texture": "#1"}
			}
		},
		{
			"name": "main",
			"from": [7.29751, 8.0015, 19.47381],
			"to": [8.7025, 10.11049, 26.7028],
			"faces": {
				"north": {"uv": [4.75, 2, 5.125, 2.5], "texture": "#1"},
				"east": {"uv": [1, 1, 2.8125, 1.5], "texture": "#1"},
				"south": {"uv": [4.75, 3, 5.125, 3.5], "texture": "#1"},
				"west": {"uv": [1, 1.5, 2.8125, 2], "texture": "#1"},
				"up": {"uv": [1.875, 4.8125, 1.5, 3], "texture": "#1"},
				"down": {"uv": [2.375, 3, 2, 4.8125], "texture": "#1"}
			}
		},
		{
			"name": "main",
			"from": [7.29831, 7.70905, 17.98108],
			"to": [8.7017, 9.11244, 20.08847],
			"rotation": {"angle": -22.5, "axis": "x", "origin": [8, 8.05875, 17.27478]},
			"faces": {
				"north": {"uv": [2, 5, 2.375, 5.375], "texture": "#1"},
				"east": {"uv": [3.5, 4.75, 4, 5.125], "texture": "#1"},
				"south": {"uv": [5, 2.5, 5.375, 2.875], "texture": "#1"},
				"west": {"uv": [4.75, 3.5, 5.25, 3.875], "texture": "#1"},
				"up": {"uv": [4.375, 5.25, 4, 4.75], "texture": "#1"},
				"down": {"uv": [5.125, 4, 4.75, 4.5], "texture": "#1"}
			}
		},
		{
			"name": "main",
			"from": [7.296, 7.15835, 15.2171],
			"to": [8.704, 8.56635, 22.2571],
			"rotation": {"angle": 22.5, "axis": "x", "origin": [8, 8.56635, 20.4971]},
			"faces": {
				"north": {"uv": [4.75, 5, 5.125, 5.375], "texture": "#1"},
				"east": {"uv": [2.5, 3, 4.25, 3.375], "texture": "#1"},
				"south": {"uv": [5.25, 0.5, 5.625, 0.875], "texture": "#1"},
				"west": {"uv": [3.5, 1, 5.25, 1.375], "texture": "#1"},
				"up": {"uv": [2.875, 5.25, 2.5, 3.5], "texture": "#1"},
				"down": {"uv": [3.375, 3.5, 3, 5.25], "texture": "#1"}
			}
		},
		{
			"name": "main",
			"from": [7.2952, 9.17811, 7.87421],
			"to": [8.7048, 10.58771, 15.61981],
			"faces": {
				"north": {"uv": [5.25, 1, 5.625, 1.375], "texture": "#1"},
				"east": {"uv": [1, 2, 2.9375, 2.375], "texture": "#1"},
				"south": {"uv": [5.25, 2, 5.625, 2.375], "texture": "#1"},
				"west": {"uv": [1, 2.5, 2.9375, 2.875], "texture": "#1"},
				"up": {"uv": [1.375, 4.9375, 1, 3], "texture": "#1"},
				"down": {"uv": [3.375, 1, 3, 2.9375], "texture": "#1"}
			}
		},
		{
			"name": "main",
			"from": [7.473, 10.58791, 7.87601],
			"to": [8.527, 10.93791, 10.23601],
			"faces": {
				"north": {"uv": [0, 6.5, 0.25, 6.5625], "texture": "#1"},
				"east": {"uv": [6.25, 1.25, 6.8125, 1.3125], "texture": "#1"},
				"south": {"uv": [6.5, 0, 6.75, 0.0625], "texture": "#1"},
				"west": {"uv": [1.5, 6.25, 2.0625, 6.3125], "texture": "#1"},
				"up": {"uv": [2.75, 5.8125, 2.5, 5.25], "texture": "#1"},
				"down": {"uv": [3, 5.25, 2.75, 5.8125], "texture": "#1"}
			}
		},
		{
			"name": "main",
			"from": [7.472, 10.93891, 7.87501],
			"to": [8.528, 11.46691, 9.45901],
			"faces": {
				"north": {"uv": [6.25, 2, 6.5, 2.125], "texture": "#1"},
				"east": {"uv": [6, 4.75, 6.375, 4.875], "texture": "#1"},
				"south": {"uv": [2.25, 6.25, 2.5, 6.375], "texture": "#1"},
				"west": {"uv": [6, 5, 6.375, 5.125], "texture": "#1"},
				"up": {"uv": [5, 5.875, 4.75, 5.5], "texture": "#1"},
				"down": {"uv": [5.25, 5.5, 5, 5.875], "texture": "#1"}
			}
		},
		{
			"name": "main",
			"from": [7.648, 11.46691, 7.87501],
			"to": [8.352, 11.64291, 9.63501],
			"faces": {
				"north": {"uv": [2, 6.5, 2.1875, 6.5625], "texture": "#1"},
				"east": {"uv": [6.25, 2.25, 6.6875, 2.3125], "texture": "#1"},
				"south": {"uv": [6.5, 2, 6.6875, 2.0625], "texture": "#1"},
				"west": {"uv": [6.25, 2.5, 6.6875, 2.5625], "texture": "#1"},
				"up": {"uv": [2.1875, 6.1875, 2, 5.75], "texture": "#1"},
				"down": {"uv": [5.9375, 2, 5.75, 2.4375], "texture": "#1"}
			}
		},
		{
			"name": "main",
			"from": [7.648, 11.75227, 9.44392],
			"to": [8.352, 11.92827, 9.79592],
			"rotation": {"angle": -45, "axis": "x", "origin": [8, 11.84027, 9.88392]},
			"faces": {
				"north": {"uv": [2.25, 6.5, 2.4375, 6.5625], "texture": "#1"},
				"east": {"uv": [6.5, 5.75, 6.5625, 5.8125], "texture": "#1"},
				"south": {"uv": [2.5, 6.5, 2.6875, 6.5625], "texture": "#1"},
				"west": {"uv": [6, 6.5, 6.0625, 6.5625], "texture": "#1"},
				"up": {"uv": [2.9375, 6.5625, 2.75, 6.5], "texture": "#1"},
				"down": {"uv": [3.1875, 6.5, 3, 6.5625], "texture": "#1"}
			}
		},
		{
			"name": "main",
			"from": [7.648, 8.07491, 12.80301],
			"to": [8.352, 9.17891, 13.71101],
			"faces": {
				"north": {"uv": [6, 5.5, 6.1875, 5.75], "texture": "#1"},
				"east": {"uv": [6, 2.5, 6.25, 2.75], "texture": "#1"},
				"south": {"uv": [5.75, 6, 5.9375, 6.25], "texture": "#1"},
				"west": {"uv": [2.75, 6, 3, 6.25], "texture": "#1"},
				"up": {"uv": [6.1875, 6, 6, 5.75], "texture": "#1"},
				"down": {"uv": [6.1875, 6, 6, 6.25], "texture": "#1"}
			}
		},
		{
			"name": "main",
			"from": [7.648, 8.07491, 15.46101],
			"to": [8.352, 9.17891, 15.61901],
			"faces": {
				"north": {"uv": [0, 6.25, 0.1875, 6.5], "texture": "#1"},
				"east": {"uv": [6.5, 1, 6.5625, 1.25], "texture": "#1"},
				"south": {"uv": [6.25, 0, 6.4375, 0.25], "texture": "#1"},
				"west": {"uv": [1.25, 6.5, 1.3125, 6.75], "texture": "#1"},
				"up": {"uv": [6.6875, 3.5625, 6.5, 3.5], "texture": "#1"},
				"down": {"uv": [3.9375, 6.5, 3.75, 6.5625], "texture": "#1"}
			}
		},
		{
			"name": "main",
			"from": [7.848, 8.67491, 14.96101],
			"to": [8.152, 9.27891, 15.11901],
			"rotation": {"angle": -22.5, "axis": "x", "origin": [8, 8.62691, 15.04001]},
			"faces": {
				"north": {"uv": [6.5, 4.75, 6.5625, 4.875], "texture": "#1"},
				"east": {"uv": [6.5, 5, 6.5625, 5.125], "texture": "#1"},
				"south": {"uv": [6.5, 5.25, 6.5625, 5.375], "texture": "#1"},
				"west": {"uv": [6.5, 5.5, 6.5625, 5.625], "texture": "#1"},
				"up": {"uv": [1.0625, 6.8125, 1, 6.75], "texture": "#1"},
				"down": {"uv": [6.8125, 1, 6.75, 1.0625], "texture": "#1"}
			}
		},
		{
			"name": "main",
			"from": [7.848, 8.40071, 14.82708],
			"to": [8.152, 8.75471, 14.98508],
			"rotation": {"angle": 22.5, "axis": "x", "origin": [8, 8.45271, 14.90608]},
			"faces": {
				"north": {"uv": [1.25, 6.75, 1.3125, 6.8125], "texture": "#1"},
				"east": {"uv": [1.5, 6.75, 1.5625, 6.8125], "texture": "#1"},
				"south": {"uv": [1.75, 6.75, 1.8125, 6.8125], "texture": "#1"},
				"west": {"uv": [2, 6.75, 2.0625, 6.8125], "texture": "#1"},
				"up": {"uv": [6.8125, 2.0625, 6.75, 2], "texture": "#1"},
				"down": {"uv": [2.3125, 6.75, 2.25, 6.8125], "texture": "#1"}
			}
		},
		{
			"name": "main",
			"from": [7.648, 8.07491, 13.71101],
			"to": [8.352, 8.27891, 15.46901],
			"faces": {
				"north": {"uv": [6.5, 3.75, 6.6875, 3.8125], "texture": "#1"},
				"east": {"uv": [2.75, 6.25, 3.1875, 6.3125], "texture": "#1"},
				"south": {"uv": [4, 6.5, 4.1875, 6.5625], "texture": "#1"},
				"west": {"uv": [6.25, 2.75, 6.6875, 2.8125], "texture": "#1"},
				"up": {"uv": [2.4375, 6.1875, 2.25, 5.75], "texture": "#1"},
				"down": {"uv": [5.9375, 2.5, 5.75, 2.9375], "texture": "#1"}
			}
		},
		{
			"name": "main",
			"from": [7.64871, 8.58672, 10.13398],
			"to": [8.3513, 10.08931, 13.04457],
			"rotation": {"angle": 22.5, "axis": "x", "origin": [8, 8.93802, 11.63728]},
			"faces": {
				"north": {"uv": [5.25, 5.75, 5.4375, 6.125], "texture": "#1"},
				"east": {"uv": [3.75, 0.5, 4.5, 0.875], "texture": "#1"},
				"south": {"uv": [5.75, 5.25, 5.9375, 5.625], "texture": "#1"},
				"west": {"uv": [4.5, 0.5, 5.25, 0.875], "texture": "#1"},
				"up": {"uv": [3.1875, 6, 3, 5.25], "texture": "#1"},
				"down": {"uv": [5.4375, 3, 5.25, 3.75], "texture": "#1"}
			}
		},
		{
			"name": "main",
			"from": [7.296, 9.65691, -6.49299],
			"to": [8.704, 11.06491, 7.87501],
			"faces": {
				"north": {"uv": [3.25, 5.25, 3.625, 5.625], "texture": "#1"},
				"east": {"uv": [0, 0, 3.5625, 0.375], "texture": "#1"},
				"south": {"uv": [3.75, 5.25, 4.125, 5.625], "texture": "#1"},
				"west": {"uv": [0, 0.5, 3.5625, 0.875], "texture": "#1"},
				"up": {"uv": [0.375, 4.5625, 0, 1], "texture": "#1"},
				"down": {"uv": [0.875, 1, 0.5, 4.5625], "texture": "#1"}
			}
		},
		{
			"name": "main",
			"from": [7.912, 9.48091, -9.30899],
			"to": [8.088, 9.65691, 8.07501],
			"faces": {
				"north": {"uv": [6.75, 2.25, 6.8125, 2.3125], "texture": "#1"},
				"east": {"uv": [4.75, 1.5, 9.125, 1.5625], "texture": "#1"},
				"south": {"uv": [2.5, 6.75, 2.5625, 6.8125], "texture": "#1"},
				"west": {"uv": [4.75, 1.75, 9.125, 1.8125], "texture": "#1"},
				"up": {"uv": [0.5625, 9.125, 0.5, 4.75], "texture": "#1"},
				"down": {"uv": [0.8125, 4.75, 0.75, 9.125], "texture": "#1"}
			}
		},
		{
			"name": "main",
			"from": [7.8416, 9.41051, -10.01299],
			"to": [8.1584, 9.72731, -9.30899],
			"faces": {
				"north": {"uv": [6.75, 2.5, 6.8125, 2.5625], "texture": "#1"},
				"east": {"uv": [6.5, 4, 6.6875, 4.0625], "texture": "#1"},
				"south": {"uv": [2.75, 6.75, 2.8125, 6.8125], "texture": "#1"},
				"west": {"uv": [4.25, 6.5, 4.4375, 6.5625], "texture": "#1"},
				"up": {"uv": [6.5625, 4.4375, 6.5, 4.25], "texture": "#1"},
				"down": {"uv": [6.5625, 4.5, 6.5, 4.6875], "texture": "#1"}
			}
		},
		{
			"name": "main",
			"from": [7.56, 10.18491, -11.71699],
			"to": [8.44, 11.06491, -6.49299],
			"faces": {
				"north": {"uv": [6, 2.75, 6.25, 3], "texture": "#1"},
				"east": {"uv": [3.5, 2.5, 4.8125, 2.75], "texture": "#1"},
				"south": {"uv": [3, 6, 3.25, 6.25], "texture": "#1"},
				"west": {"uv": [3.5, 2.75, 4.8125, 3], "texture": "#1"},
				"up": {"uv": [4.75, 4.3125, 4.5, 3], "texture": "#1"},
				"down": {"uv": [4.75, 4.5, 4.5, 5.8125], "texture": "#1"}
			}
		},
		{
			"name": "main",
			"from": [7.56, 11.56491, -10.71699],
			"to": [8.44, 12.44491, -9.49299],
			"faces": {
				"north": {"uv": [3.25, 6, 3.5, 6.25], "texture": "#1"},
				"east": {"uv": [5.75, 3, 6.0625, 3.25], "texture": "#1"},
				"south": {"uv": [6, 3.25, 6.25, 3.5], "texture": "#1"},
				"west": {"uv": [3.25, 5.75, 3.5625, 6], "texture": "#1"},
				"up": {"uv": [6, 3.5625, 5.75, 3.25], "texture": "#1"},
				"down": {"uv": [4, 5.75, 3.75, 6.0625], "texture": "#1"}
			}
		},
		{
			"name": "main",
			"from": [7.75, 11.06491, -10.71699],
			"to": [8.25, 11.56991, -9.49299],
			"faces": {
				"north": {"uv": [1.5, 6.5, 1.625, 6.625], "texture": "#1"},
				"east": {"uv": [6.25, 0.25, 6.5625, 0.375], "texture": "#1"},
				"south": {"uv": [1.75, 6.5, 1.875, 6.625], "texture": "#1"},
				"west": {"uv": [6.25, 0.5, 6.5625, 0.625], "texture": "#1"},
				"up": {"uv": [0.375, 6.5625, 0.25, 6.25], "texture": "#1"},
				"down": {"uv": [6.375, 0.75, 6.25, 1.0625], "texture": "#1"}
			}
		},
		{
			"name": "main",
			"from": [7.384, 9.83291, -7.90099],
			"to": [8.616, 10.71291, -6.49299],
			"faces": {
				"north": {"uv": [5.75, 3.75, 6.0625, 4], "texture": "#1"},
				"east": {"uv": [1, 5.75, 1.375, 6], "texture": "#1"},
				"south": {"uv": [5.75, 4, 6.0625, 4.25], "texture": "#1"},
				"west": {"uv": [5.75, 1, 6.125, 1.25], "texture": "#1"},
				"up": {"uv": [5.5625, 5.625, 5.25, 5.25], "texture": "#1"},
				"down": {"uv": [5.8125, 0, 5.5, 0.375], "texture": "#1"}
			}
		},
		{
			"name": "main",
			"from": [7.29671, 10.33837, 6.27428],
			"to": [8.7033, 11.04096, 8.38487],
			"rotation": {"angle": 22.5, "axis": "x", "origin": [8, 11.04167, 5.21757]},
			"faces": {
				"north": {"uv": [5.5, 5.75, 5.875, 5.9375], "texture": "#1"},
				"east": {"uv": [5.75, 1.25, 6.25, 1.4375], "texture": "#1"},
				"south": {"uv": [0, 6, 0.375, 6.1875], "texture": "#1"},
				"west": {"uv": [1.5, 5.75, 2, 5.9375], "texture": "#1"},
				"up": {"uv": [5.125, 5, 4.75, 4.5], "texture": "#1"},
				"down": {"uv": [5.375, 0, 5, 0.5], "texture": "#1"}
			}
		},
		{
			"name": "bolt",
			"from": [7.472, 10.58691, 14.21101],
			"to": [8.528, 11.29091, 15.61901],
			"faces": {
				"north": {"uv": [3.5, 6, 3.75, 6.1875], "texture": "#1"},
				"east": {"uv": [5.75, 4.25, 6.125, 4.4375], "texture": "#1"},
				"south": {"uv": [6, 3.5, 6.25, 3.6875], "texture": "#1"},
				"west": {"uv": [5.75, 4.5, 6.125, 4.6875], "texture": "#1"},
				"up": {"uv": [5.75, 3.625, 5.5, 3.25], "texture": "#1"},
				"down": {"uv": [5.75, 3.75, 5.5, 4.125], "texture": "#1"}
			}
		},
		{
			"name": "bolt",
			"from": [7.472, 10.58691, 9.98701],
			"to": [8.528, 11.29091, 12.09901],
			"faces": {
				"north": {"uv": [6, 5.25, 6.25, 5.4375], "texture": "#1"},
				"east": {"uv": [5.75, 0.5, 6.25, 0.6875], "texture": "#1"},
				"south": {"uv": [5.5, 6, 5.75, 6.1875], "texture": "#1"},
				"west": {"uv": [5.75, 0.75, 6.25, 0.9375], "texture": "#1"},
				"up": {"uv": [4.5, 3.5, 4.25, 3], "texture": "#1"},
				"down": {"uv": [5.5, 3.75, 5.25, 4.25], "texture": "#1"}
			}
		},
		{
			"name": "handle",
			"from": [7.736, 10.58691, 12.09901],
			"to": [8.264, 11.11491, 14.21101],
			"rotation": {"angle": 0, "axis": "z", "origin": [8, 10.5, 13.5]},
			"faces": {
				"north": {"uv": [6.5, 0.75, 6.625, 0.875], "texture": "#1"},
				"east": {"uv": [1, 6, 1.5, 6.125], "texture": "#1"},
				"south": {"uv": [1, 6.5, 1.125, 6.625], "texture": "#1"},
				"west": {"uv": [1.5, 6, 2, 6.125], "texture": "#1"},
				"up": {"uv": [6.125, 2.5, 6, 2], "texture": "#1"},
				"down": {"uv": [2.625, 6, 2.5, 6.5], "texture": "#1"}
			}
		},
		{
			"name": "handle",
			"from": [8.264, 10.73691, 13.64901],
			"to": [9.292, 11.01491, 13.92701],
			"rotation": {"angle": 0, "axis": "z", "origin": [8, 10.5, 13.5]},
			"faces": {
				"north": {"uv": [6.5, 3, 6.6875, 3.0625], "texture": "#1"},
				"east": {"uv": [6.5, 6, 6.5625, 6.0625], "texture": "#1"},
				"south": {"uv": [3.25, 6.5, 3.4375, 6.5625], "texture": "#1"},
				"west": {"uv": [6.25, 6.5, 6.3125, 6.5625], "texture": "#1"},
				"up": {"uv": [6.6875, 3.3125, 6.5, 3.25], "texture": "#1"},
				"down": {"uv": [3.6875, 6.5, 3.5, 6.5625], "texture": "#1"}
			}
		},
		{
			"name": "handle",
			"from": [9.264, 10.68091, 13.54901],
			"to": [9.667, 11.10891, 14.07701],
			"rotation": {"angle": 0, "axis": "z", "origin": [8, 10.5, 13.5]},
			"faces": {
				"north": {"uv": [0, 6.75, 0.0625, 6.8125], "texture": "#1"},
				"east": {"uv": [6.75, 0, 6.8125, 0.0625], "texture": "#1"},
				"south": {"uv": [0.25, 6.75, 0.3125, 6.8125], "texture": "#1"},
				"west": {"uv": [6.75, 0.25, 6.8125, 0.3125], "texture": "#1"},
				"up": {"uv": [6.8125, 0.5625, 6.75, 0.5], "texture": "#1"},
				"down": {"uv": [6.8125, 0.75, 6.75, 0.8125], "texture": "#1"}
			}
		}
	],
	"display": {
		"thirdperson_righthand": {
			"rotation": [-1.19, -4.08, 0.43],
			"translation": [0, -1, -4.5],
			"scale": [0.8, 0.8, 0.8]
		},
		"thirdperson_lefthand": {
			"scale": [0, 0, 0]
		},
		"firstperson_righthand": {
			"rotation": [0, 0, 10],
			"translation": [-5, 3.25, -1.75]
		},
		"gui": {
			"rotation": [87.58, -51.45, 88.14],
			"scale": [0.83, 0.82, 0.82]
		},
		"fixed": {
			"rotation": [0, -86, 0]
		}
	},
	"groups": [
		{
			"name": "main",
			"origin": [8.26036, 10.25, 11.20831],
			"color": 0,
			"children": [0, 1, 2, 3, 4, 5, 6, 7, 8, 9, 10, 11, 12, 13, 14, 15, 16, 17, 18, 19, 20, 21, 22]
		},
		{
			"name": "bolt",
			"origin": [8.016, 10.88291, 12.09901],
			"color": 9,
			"children": [
				23,
				24,
				{
					"name": "handle",
					"origin": [8.01475, 10.84241, 13.62976],
					"color": 0,
					"children": [25, 26, 27]
				}
			]
		}
	]
}