{
	"credit": "Made by tjwhangLeime",
	"texture_size": [64, 64],
	"textures": {
		"0": "weapons/gun_ppsh",
		"particle": "weapons/gun_ppsh"
	},
	"elements": [
		{
			"name": "main",
			"from": [8.7704, 2.9352, 19.852],
			"to": [10.0296, 4.7064, 26.6024],
			"rotation": {"angle": 0, "axis": "y", "origin": [3, 0, 5]},
			"faces": {
				"north": {"uv": [7, 0, 7.375, 0.5625], "texture": "#0"},
				"east": {"uv": [1.5, 1, 3.625, 1.5625], "texture": "#0"},
				"south": {"uv": [1.5, 7, 1.875, 7.5625], "texture": "#0"},
				"west": {"uv": [1.5, 1.75, 3.625, 2.3125], "texture": "#0"},
				"up": {"uv": [3.375, 6.125, 3, 4], "texture": "#0"},
				"down": {"uv": [3.875, 4, 3.5, 6.125], "texture": "#0"}
			}
		},
		{
			"name": "main",
			"from": [8.7696, 1.1552, 22.2512],
			"to": [10.0304, 2.928, 26.6032],
			"rotation": {"angle": 0, "axis": "y", "origin": [3, 0, 5]},
			"faces": {
				"north": {"uv": [2, 7, 2.375, 7.5625], "texture": "#0"},
				"east": {"uv": [5, 4, 6.375, 4.5625], "texture": "#0"},
				"south": {"uv": [7, 4.5, 7.375, 5.0625], "texture": "#0"},
				"west": {"uv": [5, 4.75, 6.375, 5.3125], "texture": "#0"},
				"up": {"uv": [0.375, 7.375, 0, 6], "texture": "#0"},
				"down": {"uv": [6.375, 6, 6, 7.375], "texture": "#0"}
			}
		},
		{
			"name": "main",
			"from": [8.7664, 4.01934, 10.67892],
			"to": [10.0336, 5.70894, 17.43732],
			"rotation": {"angle": 0, "axis": "y", "origin": [3, 0, 5]},
			"faces": {
				"north": {"uv": [7, 6, 7.375, 6.5], "texture": "#0"},
				"east": {"uv": [3, 2.5, 5.125, 3], "texture": "#0"},
				"south": {"uv": [7, 6.5, 7.375, 7], "texture": "#0"},
				"west": {"uv": [3, 3, 5.125, 3.5], "texture": "#0"},
				"up": {"uv": [4.375, 6.125, 4, 4], "texture": "#0"},
				"down": {"uv": [4.875, 4, 4.5, 6.125], "texture": "#0"}
			}
		},
		{
			"name": "main",
			"from": [8.9776, 2.75214, 15.53652],
			"to": [9.8224, 4.01934, 15.74772],
			"rotation": {"angle": 0, "axis": "y", "origin": [3, 0, 5]},
			"faces": {
				"north": {"uv": [6.75, 7.25, 7, 7.625], "texture": "#0"},
				"east": {"uv": [7.75, 6.25, 7.8125, 6.625], "texture": "#0"},
				"south": {"uv": [0, 7.5, 0.25, 7.875], "texture": "#0"},
				"west": {"uv": [6.75, 7.75, 6.8125, 8.125], "texture": "#0"},
				"up": {"uv": [0.25, 8.0625, 0, 8], "texture": "#0"},
				"down": {"uv": [0.5, 8, 0.25, 8.0625], "texture": "#0"}
			}
		},
		{
			"name": "main",
			"from": [9.1888, 3.38574, 14.69172],
			"to": [9.6112, 4.01934, 15.11412],
			"rotation": {"angle": 0, "axis": "y", "origin": [3, 0, 5]},
			"faces": {
				"north": {"uv": [7.75, 6.75, 7.875, 6.9375], "texture": "#0"},
				"east": {"uv": [7, 7.75, 7.125, 7.9375], "texture": "#0"},
				"south": {"uv": [7.75, 7, 7.875, 7.1875], "texture": "#0"},
				"west": {"uv": [7.25, 7.75, 7.375, 7.9375], "texture": "#0"},
				"up": {"uv": [8.125, 0.625, 8, 0.5], "texture": "#0"},
				"down": {"uv": [1.125, 8, 1, 8.125], "texture": "#0"}
			}
		},
		{
			"name": "main",
			"from": [9.1888, 3.59694, 13.00212],
			"to": [9.6112, 4.01934, 14.26932],
			"rotation": {"angle": 0, "axis": "y", "origin": [3, 0, 5]},
			"faces": {
				"north": {"uv": [1.25, 8, 1.375, 8.125], "texture": "#0"},
				"east": {"uv": [7.75, 1.5, 8.125, 1.625], "texture": "#0"},
				"south": {"uv": [1.5, 8, 1.625, 8.125], "texture": "#0"},
				"west": {"uv": [7.75, 1.75, 8.125, 1.875], "texture": "#0"},
				"up": {"uv": [2.125, 8.125, 2, 7.75], "texture": "#0"},
				"down": {"uv": [7.875, 2, 7.75, 2.375], "texture": "#0"}
			}
		},
		{
			"name": "main",
			"from": [9.1895, 2.75284, 14.7769],
			"to": [9.6105, 3.59623, 14.9867],
			"rotation": {"angle": 22.5, "axis": "x", "origin": [9.4, 3.59694, 14.90292]},
			"faces": {
				"north": {"uv": [7.75, 3.5, 7.875, 3.75], "texture": "#0"},
				"east": {"uv": [1.75, 8, 1.8125, 8.25], "texture": "#0"},
				"south": {"uv": [3.75, 7.75, 3.875, 8], "texture": "#0"},
				"west": {"uv": [8, 2, 8.0625, 2.25], "texture": "#0"},
				"up": {"uv": [8.125, 6.3125, 8, 6.25], "texture": "#0"},
				"down": {"uv": [8.125, 6.5, 8, 6.5625], "texture": "#0"}
			}
		},
		{
			"name": "main",
			"from": [8.9776, 2.75214, 12.15732],
			"to": [9.8224, 4.01934, 12.36852],
			"rotation": {"angle": 0, "axis": "y", "origin": [3, 0, 5]},
			"faces": {
				"north": {"uv": [7.5, 0, 7.75, 0.375], "texture": "#0"},
				"east": {"uv": [7.5, 7.75, 7.5625, 8.125], "texture": "#0"},
				"south": {"uv": [0.25, 7.5, 0.5, 7.875], "texture": "#0"},
				"west": {"uv": [7.75, 7.5, 7.8125, 7.875], "texture": "#0"},
				"up": {"uv": [2.5, 8.0625, 2.25, 8], "texture": "#0"},
				"down": {"uv": [8.25, 2.25, 8, 2.3125], "texture": "#0"}
			}
		},
		{
			"name": "main",
			"from": [8.9776, 2.32974, 12.57972],
			"to": [9.8224, 2.54094, 15.32532],
			"rotation": {"angle": 0, "axis": "y", "origin": [3, 0, 5]},
			"faces": {
				"north": {"uv": [8, 2.5, 8.25, 2.5625], "texture": "#0"},
				"east": {"uv": [7.75, 0.75, 8.625, 0.8125], "texture": "#0"},
				"south": {"uv": [8, 2.75, 8.25, 2.8125], "texture": "#0"},
				"west": {"uv": [1, 7.75, 1.875, 7.8125], "texture": "#0"},
				"up": {"uv": [3.75, 7.625, 3.5, 6.75], "texture": "#0"},
				"down": {"uv": [4, 6.75, 3.75, 7.625], "texture": "#0"}
			}
		},
		{
			"name": "main",
			"from": [8.9776, 2.0748, 15.34344],
			"to": [9.8224, 2.286, 15.97704],
			"rotation": {"angle": -45, "axis": "x", "origin": [9.4, 2.1804, 15.02664]},
			"faces": {
				"north": {"uv": [3, 8, 3.25, 8.0625], "texture": "#0"},
				"east": {"uv": [8, 5, 8.1875, 5.0625], "texture": "#0"},
				"south": {"uv": [8, 3, 8.25, 3.0625], "texture": "#0"},
				"west": {"uv": [5.25, 8, 5.4375, 8.0625], "texture": "#0"},
				"up": {"uv": [2.5, 7.9375, 2.25, 7.75], "texture": "#0"},
				"down": {"uv": [8, 2.5, 7.75, 2.6875], "texture": "#0"}
			}
		},
		{
			"name": "main",
			"from": [8.9776, 2.0748, 11.928],
			"to": [9.8224, 2.286, 12.5616],
			"rotation": {"angle": 45, "axis": "x", "origin": [9.4, 2.1804, 12.8784]},
			"faces": {
				"north": {"uv": [3.25, 8, 3.5, 8.0625], "texture": "#0"},
				"east": {"uv": [8, 5.25, 8.1875, 5.3125], "texture": "#0"},
				"south": {"uv": [8, 3.25, 8.25, 3.3125], "texture": "#0"},
				"west": {"uv": [8, 5.5, 8.1875, 5.5625], "texture": "#0"},
				"up": {"uv": [8, 2.9375, 7.75, 2.75], "texture": "#0"},
				"down": {"uv": [8, 3, 7.75, 3.1875], "texture": "#0"}
			}
		},
		{
			"name": "main",
			"from": [8.68192, 4.01934, 7.29972],
			"to": [10.11808, 5.70894, 10.67892],
			"rotation": {"angle": 0, "axis": "y", "origin": [3, 0, 5]},
			"faces": {
				"north": {"uv": [4, 6.75, 4.4375, 7.25], "texture": "#0"},
				"east": {"uv": [5.75, 0, 6.8125, 0.5], "texture": "#0"},
				"south": {"uv": [4.5, 6.75, 4.9375, 7.25], "texture": "#0"},
				"west": {"uv": [5.75, 0.5, 6.8125, 1], "texture": "#0"},
				"up": {"uv": [6.9375, 7.0625, 6.5, 6], "texture": "#0"},
				"down": {"uv": [7.1875, 1, 6.75, 2.0625], "texture": "#0"}
			}
		},
		{
			"name": "main",
			"from": [8.7664, 5.70894, 10.67892],
			"to": [10.0336, 6.55374, 16.73332],
			"rotation": {"angle": 0, "axis": "y", "origin": [3, 0, 5]},
			"faces": {
				"north": {"uv": [7.25, 3.75, 7.625, 4], "texture": "#0"},
				"east": {"uv": [3, 6.25, 4.875, 6.5], "texture": "#0"},
				"south": {"uv": [7.25, 5.75, 7.625, 6], "texture": "#0"},
				"west": {"uv": [3, 6.5, 4.875, 6.75], "texture": "#0"},
				"up": {"uv": [0.875, 7.375, 0.5, 5.5], "texture": "#0"},
				"down": {"uv": [1.375, 5.5, 1, 7.375], "texture": "#0"}
			}
		},
		{
			"name": "main",
			"from": [8.76781, 5.59432, 16.54361],
			"to": [10.03219, 6.4363, 17.31519],
			"rotation": {"angle": 22.5, "axis": "x", "origin": [9.4, 6.01531, 16.9294]},
			"faces": {
				"north": {"uv": [0.5, 7.5, 0.875, 7.75], "texture": "#0"},
				"east": {"uv": [7, 0.75, 7.25, 1], "texture": "#0"},
				"south": {"uv": [7.5, 0.5, 7.875, 0.75], "texture": "#0"},
				"west": {"uv": [7, 5.25, 7.25, 5.5], "texture": "#0"},
				"up": {"uv": [1.375, 7.75, 1, 7.5], "texture": "#0"},
				"down": {"uv": [7.875, 4.5, 7.5, 4.75], "texture": "#0"}
			}
		},
		{
			"name": "main",
			"from": [8.7664, 4.86414, 5.61012],
			"to": [10.0336, 6.55374, 10.67892],
			"rotation": {"angle": 0, "axis": "y", "origin": [3, 0, 5]},
			"faces": {
				"north": {"uv": [7, 7, 7.375, 7.5], "texture": "#0"},
				"east": {"uv": [4, 0, 5.5625, 0.5], "texture": "#0"},
				"south": {"uv": [7.25, 0.75, 7.625, 1.25], "texture": "#0"},
				"west": {"uv": [4, 0.5, 5.5625, 1], "texture": "#0"},
				"up": {"uv": [5.375, 7.0625, 5, 5.5], "texture": "#0"},
				"down": {"uv": [5.875, 5.5, 5.5, 7.0625], "texture": "#0"}
			}
		},
		{
			"name": "main",
			"from": [8.76724, 5.21491, 4.76616],
			"to": [10.03275, 6.05802, 5.60927],
			"rotation": {"angle": -45, "axis": "x", "origin": [9.4, 6.05886, 5.61012]},
			"faces": {
				"north": {"uv": [7.5, 4.75, 7.875, 5], "texture": "#0"},
				"east": {"uv": [6, 7.5, 6.25, 7.75], "texture": "#0"},
				"south": {"uv": [7.5, 5, 7.875, 5.25], "texture": "#0"},
				"west": {"uv": [7.5, 6, 7.75, 6.25], "texture": "#0"},
				"up": {"uv": [7.875, 5.5, 7.5, 5.25], "texture": "#0"},
				"down": {"uv": [7.875, 5.5, 7.5, 5.75], "texture": "#0"}
			}
		},
		{
			"name": "main",
			"from": [8.7664, 6.55374, -3.68268],
			"to": [10.0336, 6.55374, 5.61012],
			"rotation": {"angle": 0, "axis": "y", "origin": [3, 0, 5]},
			"faces": {
				"north": {"uv": [0, 0, 0.375, 0], "texture": "#0"},
				"east": {"uv": [0, 0, 2.875, 0], "texture": "#0"},
				"south": {"uv": [0, 0, 0.375, 0], "texture": "#0"},
				"west": {"uv": [0, 0, 2.875, 0], "texture": "#0"},
				"up": {"uv": [1.875, 5.375, 1.5, 2.5], "texture": "#0"},
				"down": {"uv": [2.375, 2.5, 2, 5.375], "texture": "#0"}
			}
		},
		{
			"name": "main",
			"from": [8.7664, 5.49774, -3.68268],
			"to": [8.7664, 6.55374, 5.61012],
			"rotation": {"angle": 0, "axis": "y", "origin": [3, 0, 5]},
			"faces": {
				"north": {"uv": [0, 0, 0, 0.3125], "texture": "#0"},
				"east": {"uv": [3, 3.5, 5.875, 3.8125], "texture": "#0"},
				"south": {"uv": [0, 0, 0, 0.3125], "texture": "#0"},
				"west": {"uv": [3.75, 1, 6.625, 1.3125], "texture": "#0"},
				"up": {"uv": [0, 2.875, 0, 0], "texture": "#0"},
				"down": {"uv": [0, 0, 0, 2.875], "texture": "#0"}
			}
		},
		{
			"name": "main",
			"from": [10.0336, 5.49774, -3.68268],
			"to": [10.0336, 6.55374, 5.61012],
			"rotation": {"angle": 0, "axis": "y", "origin": [3, 0, 5]},
			"faces": {
				"north": {"uv": [0, 0, 0, 0.3125], "texture": "#0"},
				"east": {"uv": [3.75, 1.5, 6.625, 1.8125], "texture": "#0"},
				"south": {"uv": [0, 0, 0, 0.3125], "texture": "#0"},
				"west": {"uv": [3.75, 2, 6.625, 2.3125], "texture": "#0"},
				"up": {"uv": [0, 2.875, 0, 0], "texture": "#0"},
				"down": {"uv": [0, 0, 0, 2.875], "texture": "#0"}
			}
		},
		{
			"name": "main",
			"from": [8.5152, 5.74414, -1.11308],
			"to": [8.7264, 6.37774, -0.90188],
			"rotation": {"angle": 0, "axis": "y", "origin": [3, 0, 5]},
			"faces": {
				"north": {"uv": [8, 5.75, 8.0625, 5.9375], "texture": "#0"},
				"east": {"uv": [6, 8, 6.0625, 8.1875], "texture": "#0"},
				"south": {"uv": [8, 6, 8.0625, 6.1875], "texture": "#0"},
				"west": {"uv": [6.25, 8, 6.3125, 8.1875], "texture": "#0"},
				"up": {"uv": [1.8125, 8.3125, 1.75, 8.25], "texture": "#0"},
				"down": {"uv": [8.3125, 1.75, 8.25, 1.8125], "texture": "#0"}
			}
		},
		{
			"name": "main",
			"from": [8.9776, 6.55374, -0.76108],
			"to": [9.8224, 6.76494, 0.92852],
			"rotation": {"angle": 0, "axis": "y", "origin": [3, 0, 5]},
			"faces": {
				"north": {"uv": [3.75, 8, 4, 8.0625], "texture": "#0"},
				"east": {"uv": [7.75, 3.75, 8.25, 3.8125], "texture": "#0"},
				"south": {"uv": [4, 8, 4.25, 8.0625], "texture": "#0"},
				"west": {"uv": [4, 7.75, 4.5, 7.8125], "texture": "#0"},
				"up": {"uv": [7.5, 5.75, 7.25, 5.25], "texture": "#0"},
				"down": {"uv": [5.75, 7.25, 5.5, 7.75], "texture": "#0"}
			}
		},
		{
			"name": "main",
			"from": [9.82155, 6.76494, -0.33868],
			"to": [9.82155, 7.60974, 0.50612],
			"rotation": {"angle": 0, "axis": "y", "origin": [3, 0, 5]},
			"faces": {
				"north": {"uv": [0, 0, 0, 0.25], "texture": "#0"},
				"east": {"uv": [6.25, 7.5, 6.5, 7.75], "texture": "#0"},
				"south": {"uv": [0, 0, 0, 0.25], "texture": "#0"},
				"west": {"uv": [7.5, 6.25, 7.75, 6.5], "texture": "#0"},
				"up": {"uv": [0, 0.25, 0, 0], "texture": "#0"},
				"down": {"uv": [0, 0, 0, 0.25], "texture": "#0"}
			}
		},
		{
			"name": "main",
			"from": [8.7671, 5.49774, -3.68268],
			"to": [10.0343, 5.49774, 5.61012],
			"rotation": {"angle": 0, "axis": "y", "origin": [3, 0, 5]},
			"faces": {
				"north": {"uv": [0, 0, 0.375, 0], "texture": "#0"},
				"east": {"uv": [0, 0, 2.875, 0], "texture": "#0"},
				"south": {"uv": [0, 0, 0.375, 0], "texture": "#0"},
				"west": {"uv": [0, 0, 2.875, 0], "texture": "#0"},
				"up": {"uv": [2.875, 5.375, 2.5, 2.5], "texture": "#0"},
				"down": {"uv": [0.375, 3, 0, 5.875], "texture": "#0"}
			}
		},
		{
			"name": "main",
			"from": [8.97845, 6.76494, -0.33868],
			"to": [8.97845, 7.60974, 0.50612],
			"rotation": {"angle": 0, "axis": "y", "origin": [3, 0, 5]},
			"faces": {
				"north": {"uv": [0, 0, 0, 0.25], "texture": "#0"},
				"east": {"uv": [7.5, 6.5, 7.75, 6.75], "texture": "#0"},
				"south": {"uv": [0, 0, 0, 0.25], "texture": "#0"},
				"west": {"uv": [7.5, 6.75, 7.75, 7], "texture": "#0"},
				"up": {"uv": [0, 0.25, 0, 0], "texture": "#0"},
				"down": {"uv": [0, 0, 0, 0.25], "texture": "#0"}
			}
		},
		{
			"name": "main",
			"from": [8.97845, 7.60974, -0.33868],
			"to": [9.82325, 7.60974, 0.50612],
			"rotation": {"angle": 0, "axis": "y", "origin": [3, 0, 5]},
			"faces": {
				"north": {"uv": [0, 0, 0.25, 0], "texture": "#0"},
				"east": {"uv": [0, 0, 0.25, 0], "texture": "#0"},
				"south": {"uv": [0, 0, 0.25, 0], "texture": "#0"},
				"west": {"uv": [0, 0, 0.25, 0], "texture": "#0"},
				"up": {"uv": [7.25, 7.75, 7, 7.5], "texture": "#0"},
				"down": {"uv": [7.75, 7, 7.5, 7.25], "texture": "#0"}
			}
		},
		{
			"name": "main",
			"from": [9.8224, 6.55374, 13.21332],
			"to": [10.0336, 6.97614, 14.90292],
			"rotation": {"angle": 0, "axis": "y", "origin": [3, 0, 5]},
			"faces": {
				"north": {"uv": [8.25, 0, 8.3125, 0.125], "texture": "#0"},
				"east": {"uv": [7.25, 7.5, 7.75, 7.625], "texture": "#0"},
				"south": {"uv": [0.25, 8.25, 0.3125, 8.375], "texture": "#0"},
				"west": {"uv": [7.5, 7.25, 8, 7.375], "texture": "#0"},
				"up": {"uv": [4.5625, 8.25, 4.5, 7.75], "texture": "#0"},
				"down": {"uv": [4.8125, 7.75, 4.75, 8.25], "texture": "#0"}
			}
		},
		{
			"name": "main",
			"from": [9.8224, 6.97614, 13.63572],
			"to": [10.0336, 7.39854, 14.48052],
			"rotation": {"angle": 0, "axis": "y", "origin": [3, 0, 5]},
			"faces": {
				"north": {"uv": [8.25, 0.25, 8.3125, 0.375], "texture": "#0"},
				"east": {"uv": [5, 7.75, 5.25, 7.875], "texture": "#0"},
				"south": {"uv": [0.5, 8.25, 0.5625, 8.375], "texture": "#0"},
				"west": {"uv": [5.25, 7.75, 5.5, 7.875], "texture": "#0"},
				"up": {"uv": [4.3125, 8.25, 4.25, 8], "texture": "#0"},
				"down": {"uv": [8.0625, 4.5, 8, 4.75], "texture": "#0"}
			}
		},
		{
			"name": "main",
			"from": [8.7664, 6.55374, 13.21332],
			"to": [8.9776, 6.97614, 14.90292],
			"rotation": {"angle": 0, "axis": "y", "origin": [3, 0, 5]},
			"faces": {
				"north": {"uv": [8.25, 0.5, 8.3125, 0.625], "texture": "#0"},
				"east": {"uv": [7.75, 0, 8.25, 0.125], "texture": "#0"},
				"south": {"uv": [0.75, 8.25, 0.8125, 8.375], "texture": "#0"},
				"west": {"uv": [7.75, 0.25, 8.25, 0.375], "texture": "#0"},
				"up": {"uv": [5.5625, 8.25, 5.5, 7.75], "texture": "#0"},
				"down": {"uv": [7.8125, 5.75, 7.75, 6.25], "texture": "#0"}
			}
		},
		{
			"name": "main",
			"from": [8.7664, 6.97614, 13.63572],
			"to": [8.9776, 7.39854, 14.48052],
			"rotation": {"angle": 0, "axis": "y", "origin": [3, 0, 5]},
			"faces": {
				"north": {"uv": [1, 8.25, 1.0625, 8.375], "texture": "#0"},
				"east": {"uv": [6, 7.75, 6.25, 7.875], "texture": "#0"},
				"south": {"uv": [1.25, 8.25, 1.3125, 8.375], "texture": "#0"},
				"west": {"uv": [6.25, 7.75, 6.5, 7.875], "texture": "#0"},
				"up": {"uv": [8.0625, 5, 8, 4.75], "texture": "#0"},
				"down": {"uv": [5.0625, 8, 5, 8.25], "texture": "#0"}
			}
		},
		{
			"name": "main",
			"from": [8.76724, 3.02165, 15.62485],
			"to": [10.03275, 4.70956, 19.09196],
			"rotation": {"angle": 45, "axis": "x", "origin": [9.6112, 3.0208, 17.736]},
			"faces": {
				"north": {"uv": [7.25, 1.25, 7.625, 1.75], "texture": "#0"},
				"east": {"uv": [6, 3.5, 7.0625, 4], "texture": "#0"},
				"south": {"uv": [7.25, 1.75, 7.625, 2.25], "texture": "#0"},
				"west": {"uv": [6, 5.5, 7.0625, 6], "texture": "#0"},
				"up": {"uv": [7.125, 3.3125, 6.75, 2.25], "texture": "#0"},
				"down": {"uv": [3.375, 6.75, 3, 7.8125], "texture": "#0"}
			}
		},
		{
			"name": "main",
			"from": [8.76884, 1.4487, 18.12852],
			"to": [10.03115, 3.13341, 25.93243],
			"rotation": {"angle": 22.5, "axis": "x", "origin": [9.4, 0.49106, 21.46047]},
			"faces": {
				"north": {"uv": [7.25, 2.25, 7.625, 2.75], "texture": "#0"},
				"east": {"uv": [1.5, 0, 3.9375, 0.5], "texture": "#0"},
				"south": {"uv": [7.25, 2.75, 7.625, 3.25], "texture": "#0"},
				"west": {"uv": [1.5, 0.5, 3.9375, 1], "texture": "#0"},
				"up": {"uv": [0.875, 5.4375, 0.5, 3], "texture": "#0"},
				"down": {"uv": [1.375, 3, 1, 5.4375], "texture": "#0"}
			}
		},
		{
			"name": "main",
			"from": [8.76809, 2.27857, 18.64414],
			"to": [10.03191, 3.96479, 20.33037],
			"rotation": {"angle": -22.5, "axis": "x", "origin": [9.6112, 3.12168, 18.22006]},
			"faces": {
				"north": {"uv": [7.25, 3.25, 7.625, 3.75], "texture": "#0"},
				"east": {"uv": [6.5, 4.5, 7, 5], "texture": "#0"},
				"south": {"uv": [4, 7.25, 4.375, 7.75], "texture": "#0"},
				"west": {"uv": [6.5, 5, 7, 5.5], "texture": "#0"},
				"up": {"uv": [4.875, 7.75, 4.5, 7.25], "texture": "#0"},
				"down": {"uv": [5.375, 7.25, 5, 7.75], "texture": "#0"}
			}
		},
		{
			"name": "eject",
			"from": [10.032, 6.08, 12.16],
			"to": [10.032, 6.08, 12.16],
			"rotation": {"angle": 0, "axis": "y", "origin": [3, 0, 5]},
			"faces": {
				"north": {"uv": [7.25, 5, 7.5625, 5.3125], "texture": "#0"},
				"east": {"uv": [6.75, 7, 7.125, 7.3125], "texture": "#0"},
				"south": {"uv": [7.25, 5.5, 7.5625, 5.8125], "texture": "#0"},
				"west": {"uv": [7.25, 0, 7.625, 0.3125], "texture": "#0"},
				"up": {"uv": [7.5625, 2.625, 7.25, 2.25], "texture": "#0"},
				"down": {"uv": [3.3125, 7.25, 3, 7.625], "texture": "#0"}
			}
		},
		{
			"name": "muzzleflash",
			"from": [9.392, 6, -3.8],
			"to": [9.392, 6, -3.8],
			"rotation": {"angle": 0, "axis": "y", "origin": [3, 0, 5]},
			"faces": {
				"north": {"uv": [7.25, 5, 7.5625, 5.3125], "texture": "#0"},
				"east": {"uv": [6.75, 7, 7.125, 7.3125], "texture": "#0"},
				"south": {"uv": [7.25, 5.5, 7.5625, 5.8125], "texture": "#0"},
				"west": {"uv": [7.25, 0, 7.625, 0.3125], "texture": "#0"},
				"up": {"uv": [7.5625, 2.625, 7.25, 2.25], "texture": "#0"},
				"down": {"uv": [3.3125, 7.25, 3, 7.625], "texture": "#0"}
			}
		},
		{
			"name": "barrel_overheat",
			"from": [8.9176, 5.64894, -2.89788],
			"to": [9.8824, 6.40254, 5.67012],
			"rotation": {"angle": 0, "axis": "y", "origin": [3, 0, 5]},
			"faces": {
				"north": {"uv": [7.75, 3.25, 8, 3.4375], "texture": "#0"},
				"east": {"uv": [6.5, 4, 9.125, 4.1875], "texture": "#0"},
				"south": {"uv": [3.5, 7.75, 3.75, 7.9375], "texture": "#0"},
				"west": {"uv": [6.5, 4.25, 9.125, 4.4375], "texture": "#0"},
				"up": {"uv": [2.75, 8.125, 2.5, 5.5], "texture": "#0"},
				"down": {"uv": [3, 5.5, 2.75, 8.125], "texture": "#0"}
			}
		},
		{
			"name": "mag_type_drum",
			"from": [7.0768, 0.64014, 8.14452],
			"to": [11.7232, 4.86414, 9.83412],
			"rotation": {"angle": 0, "axis": "y", "origin": [3, 0, 5]},
			"faces": {
				"north": {"uv": [0, 0, 1.4375, 1.3125], "texture": "#0"},
				"east": {"uv": [1.5, 5.5, 2, 6.8125], "texture": "#0"},
				"south": {"uv": [0, 1.5, 1.4375, 2.8125], "texture": "#0"},
				"west": {"uv": [2, 5.5, 2.5, 6.8125], "texture": "#0"},
				"up": {"uv": [6.6875, 3, 5.25, 2.5], "texture": "#0"},
				"down": {"uv": [6.6875, 3, 5.25, 3.5], "texture": "#0"}
			}
		},
		{
			"name": "latch",
			"from": [7.96608, 5.57518, -0.98636],
			"to": [8.59968, 6.5467, -0.98636],
			"rotation": {"angle": 0, "axis": "y", "origin": [3, 0, 5]},
			"faces": {
				"north": {"uv": [0.5, 7.75, 0.6875, 8.0625], "texture": "#0"},
				"east": {"uv": [0, 0, 0, 0.3125], "texture": "#0"},
				"south": {"uv": [0.75, 7.75, 0.9375, 8.0625], "texture": "#0"},
				"west": {"uv": [0, 0, 0, 0.3125], "texture": "#0"},
				"up": {"uv": [0.1875, 0, 0, 0], "texture": "#0"},
				"down": {"uv": [0.1875, 0, 0, 0], "texture": "#0"}
			}
		},
		{
			"name": "slide",
			"from": [10.38044, 5.81754, 13.67972],
			"to": [10.64444, 6.05914, 14.09092],
			"rotation": {"angle": 45, "axis": "z", "origin": [10.48126, 5.88858, 13.88572]},
			"faces": {
				"north": {"uv": [1.5, 8.25, 1.5625, 8.3125], "texture": "#0"},
				"east": {"uv": [7.75, 8, 7.875, 8.0625], "texture": "#0"},
				"south": {"uv": [8.25, 1.5, 8.3125, 1.5625], "texture": "#0"},
				"west": {"uv": [8, 7.75, 8.125, 7.8125], "texture": "#0"},
				"up": {"uv": [8.0625, 8.125, 8, 8], "texture": "#0"},
				"down": {"uv": [0.0625, 8.25, 0, 8.375], "texture": "#0"}
			}
		},
		{
			"name": "slide",
			"from": [10.2608, 5.70894, 13.67892],
			"to": [10.728, 5.95374, 14.09332],
			"rotation": {"angle": 0, "axis": "y", "origin": [3, 0, 8]},
			"faces": {
				"north": {"uv": [8, 7, 8.125, 7.0625], "texture": "#0"},
				"east": {"uv": [7.25, 8, 7.375, 8.0625], "texture": "#0"},
				"south": {"uv": [8, 7.25, 8.125, 7.3125], "texture": "#0"},
				"west": {"uv": [8, 7.5, 8.125, 7.5625], "texture": "#0"},
				"up": {"uv": [3.625, 8.125, 3.5, 8], "texture": "#0"},
				"down": {"uv": [8.125, 3.5, 8, 3.625], "texture": "#0"}
			}
		},
		{
			"name": "main",
			"from": [9.7936, 5.70894, 13.67892],
			"to": [10.2608, 5.95374, 16.53332],
			"rotation": {"angle": 0, "axis": "y", "origin": [3, 0, 8]},
			"faces": {
				"north": {"uv": [8, 6.75, 8.125, 6.8125], "texture": "#0"},
				"east": {"uv": [7.75, 1, 8.625, 1.0625], "texture": "#0"},
				"south": {"uv": [7, 8, 7.125, 8.0625], "texture": "#0"},
				"west": {"uv": [7.75, 1.25, 8.625, 1.3125], "texture": "#0"},
				"up": {"uv": [5.875, 8.125, 5.75, 7.25], "texture": "#0"},
				"down": {"uv": [6.625, 7.25, 6.5, 8.125], "texture": "#0"}
			}
		}
	],
	"display": {
		"thirdperson_righthand": {
			"rotation": [-2.44, -10.14, -0.68],
			"translation": [-0.75, 3, -3.75],
			"scale": [0.7, 0.7, 0.7]
		},
		"firstperson_righthand": {
			"translation": [-10.4, 9.25, -0.25]
		},
		"gui": {
			"rotation": [92.44, 52.2, -91.9],
			"translation": [-0.5, 3.5, 0],
			"scale": [0.7, 0.7, 0.7]
		},
		"fixed": {
			"rotation": [87.76, -47.19, 88.43],
			"translation": [0, 4.25, -1.25]
		}
	},
	"groups": [
		0,
		1,
		2,
		3,
		4,
		5,
		6,
		7,
		8,
		9,
		10,
		11,
		12,
		13,
		14,
		15,
		16,
		17,
		18,
		19,
		20,
		21,
		22,
		23,
		24,
		25,
		26,
		27,
		28,
		29,
		30,
		31,
		32,
		33,
		34,
		35,
		36,
		{
			"name": "bolt",
			"origin": [3, 0, 5],
			"color": 0,
			"children": [37, 38, 39]
		}
	]
}