{
	"format_version": "1.8.0",
	"animations": {
		"static_idle": {
			"loop": true,
			"bones": {
				"lefthand": {
					"rotation": [89.58664, -42.11197, 210.47069],
					"position": [7.5, -14.94, -4.5],
					"scale": [1, 1.5, 1]
				},
				"righthand": {
					"rotation": [92.5, -355, -180],
					"position": [-6.25, -17, 10],
					"scale": [1, 1.5, 1]
				},
				"constraint": {
					"rotation": [0.2, 0.2, 0.2],
					"position": [0.2, 0.2, 0.2]
				},
				"guider": {
					"scale": 0.01
				}
			}
		},
		"reload_tactical": {
			"animation_length": 7.8667,
			"bones": {
				"root": {
					"rotation": {
						"0.0": [0, 0, 0],
						"0.1333": [-7.67, -1.14, 0],
						"0.3333": {
							"pre": [-5.67244, -1.26439, 0.06992],
							"post": [-5.67244, -1.26439, 0.06992],
							"lerp_mode": "catmullrom"
						},
						"0.4667": {
							"post": [-6.6, -1.455, 1.17],
							"lerp_mode": "catmullrom"
						},
						"0.7667": {
							"post": [-7.36, -1.195, 2.07],
							"lerp_mode": "catmullrom"
						},
						"0.9333": {
							"post": [-9.36, -1.195, 2.07],
							"lerp_mode": "catmullrom"
						},
						"1.1": {
							"post": [-9.22045, -1.33697, -0.95483],
							"lerp_mode": "catmullrom"
						},
						"1.2333": {
							"post": [-9.22, -0.895, -0.195],
							"lerp_mode": "catmullrom"
						},
						"1.6": {
							"post": [-9.22, -0.89, -0.19],
							"lerp_mode": "catmullrom"
						},
						"1.7": {
							"post": [-12.24, -0.89, -0.305],
							"lerp_mode": "catmullrom"
						},
						"1.8333": {
							"post": [-13.46, -0.89, -1.535],
							"lerp_mode": "catmullrom"
						},
						"2.0667": {
							"post": [-13.445, -0.89, 0.915],
							"lerp_mode": "catmullrom"
						},
						"2.2": {
							"post": [-10.535, -0.57, 2.24],
							"lerp_mode": "catmullrom"
						},
						"2.3667": {
							"post": [-11.38732, -0.42472, 2.86526],
							"lerp_mode": "catmullrom"
						},
						"2.4333": {
							"post": [-8.965, -2.685, -2.955],
							"lerp_mode": "catmullrom"
						},
						"2.5667": {
							"post": [-10.415, -0.9, 4.16],
							"lerp_mode": "catmullrom"
						},
						"2.7": {
							"post": [-10.62, -0.8, 1.13],
							"lerp_mode": "catmullrom"
						},
						"2.8667": {
							"post": [-9.96486, -0.9752, 0.39718],
							"lerp_mode": "catmullrom"
						},
						"3.0667": {
							"post": [-10.41, -0.9, 1.1],
							"lerp_mode": "catmullrom"
						},
						"3.3": {
							"post": [-5.975, -0.88, -2.7],
							"lerp_mode": "catmullrom"
						},
						"3.5667": {
							"post": [-5.92, -0.9, -2.81],
							"lerp_mode": "catmullrom"
						},
						"3.9": {
							"post": [-5.93473, -0.79673, -1.81524],
							"lerp_mode": "catmullrom"
						},
						"4.0": {
							"post": [-5.93, -0.8, -1.82],
							"lerp_mode": "catmullrom"
						},
						"4.1667": {
							"post": [-5.8, -0.78, -1.95],
							"lerp_mode": "catmullrom"
						},
						"4.2667": {
							"post": [-5.93, -0.8, -1.82],
							"lerp_mode": "catmullrom"
						},
						"4.3": {
							"post": [-5.88028, -1.10872, -4.80449],
							"lerp_mode": "catmullrom"
						},
						"4.4333": {
							"post": [-5.88, -1.11, -0.645],
							"lerp_mode": "catmullrom"
						},
						"4.5667": {
							"post": [-5.88, -1.11, -2.17],
							"lerp_mode": "catmullrom"
						},
						"4.8": {
							"post": [-5.905, -1.11, -2.17],
							"lerp_mode": "catmullrom"
						},
						"5.1333": {
							"post": [-9.16, -1.11, -2.17],
							"lerp_mode": "catmullrom"
						},
						"5.4333": {
							"post": [-9.16504, -1.10911, -1.76685],
							"lerp_mode": "catmullrom"
						},
						"5.5667": {
							"post": [-9.17, -1.11, -2.17],
							"lerp_mode": "catmullrom"
						},
						"5.7": {
							"post": [-9.945, -1.11, -2.17],
							"lerp_mode": "catmullrom"
						},
						"5.8": {
							"post": [-9.945, -1.11, -2.17],
							"lerp_mode": "catmullrom"
						},
						"6.0": {
							"post": [-9.385, -1.11, -2.17],
							"lerp_mode": "catmullrom"
						},
						"6.0667": {
							"post": [-7.345, -1.11, 1.15],
							"lerp_mode": "catmullrom"
						},
						"6.1667": {
							"post": [-7.34, -1.11, -2.975],
							"lerp_mode": "catmullrom"
						},
						"6.2333": {
							"post": [-7.34, -1.11, -4.055],
							"lerp_mode": "catmullrom"
						},
						"6.3667": {
							"post": [-7.34, -1.11, -1.45],
							"lerp_mode": "catmullrom"
						},
						"6.6667": {
							"post": [-12.34469, 1.07837, 15.40959],
							"lerp_mode": "catmullrom"
						},
						"6.8": {
							"post": [-12.35659, 0.86614, 14.43299],
							"lerp_mode": "catmullrom"
						},
						"6.8667": {
							"post": [-10.09925, 2.77869, 20.78515],
							"lerp_mode": "catmullrom"
						},
						"6.9333": {
							"post": [-12.29996, 1.51197, 14.56628],
							"lerp_mode": "catmullrom"
						},
						"7.0333": {
							"post": [-12.12589, 2.56837, 19.45487],
							"lerp_mode": "catmullrom"
						},
						"7.3667": {
							"post": [0.00698, -0.09976, -5.60001],
							"lerp_mode": "catmullrom"
						},
						"7.4667": {
							"post": [0.08242, -0.19876, -2.36596],
							"lerp_mode": "catmullrom"
						},
						"7.5": {
							"post": [-0.18865, -0.22812, 0.60001],
							"lerp_mode": "catmullrom"
						},
						"7.5667": {
							"post": [0.1, 0.3125, -1.5],
							"lerp_mode": "catmullrom"
						},
						"7.6667": {
							"post": [0.41875, 0.3125, 0.775],
							"lerp_mode": "catmullrom"
						},
						"7.7667": {
							"post": [0, 0, 0],
							"lerp_mode": "catmullrom"
						}
					},
					"position": {
						"0.0": [0, 0, 0],
						"0.2": {
							"pre": [1.13, -0.26, 2.77],
							"post": [1.13, -0.26, 2.77],
							"lerp_mode": "catmullrom"
						},
						"0.3667": {
							"post": [1.19, -2.3065, 3.6585],
							"lerp_mode": "catmullrom"
						},
						"0.4667": {
							"post": [1.19, -2.2865, 3.5885],
							"lerp_mode": "catmullrom"
						},
						"0.7667": {
							"post": [1.19, -2.1865, 3.4985],
							"lerp_mode": "catmullrom"
						},
						"0.9": {
							"post": [1.19, -2.3015, 3.7635],
							"lerp_mode": "catmullrom"
						},
						"1.1": {
							"post": [1.19, -1.9815, 3.4985],
							"lerp_mode": "catmullrom"
						},
						"1.2333": [1.19, -1.6765, 3.3585],
						"1.4": [1.19, -1.68, 3.415],
						"1.5667": {
							"pre": [1.19, -1.75, 4.42],
							"post": [1.19, -1.75, 4.42],
							"lerp_mode": "catmullrom"
						},
						"1.7": [1.19, -2.815, 4.64],
						"1.8333": {
							"pre": [1.19, -2.71, 4.595],
							"post": [1.19, -2.71, 4.595],
							"lerp_mode": "catmullrom"
						},
						"2.1": [1.19, -2.515, 4.995],
						"2.2667": [1.19, -2.415, 4.465],
						"2.3667": [1.19, -2.41, 4.47],
						"2.4": [1.19, -2.75, 4.47],
						"2.5": [1.19, -2.915, 4.47],
						"2.6333": [1.19, -2.635, 4.47],
						"3.0667": [1.19, -2.63, 4.47],
						"3.3333": {
							"pre": [0.855, -1.34, 5.56],
							"post": [0.855, -1.34, 5.56],
							"lerp_mode": "catmullrom"
						},
						"3.5667": [0.855, -1.63, 5.46],
						"3.7333": [0.86, -1.705, 5.46],
						"3.9": [0.86, -1.335, 5.46],
						"4.0667": [0.86, -1.215, 5.46],
						"4.1667": [0.86, -1.315, 5.46],
						"4.2667": {
							"pre": [0.86, -1.22, 5.46],
							"post": [0.86, -1.22, 5.46],
							"lerp_mode": "catmullrom"
						},
						"4.3333": {
							"post": [0.7, -1.22, 5.46],
							"lerp_mode": "catmullrom"
						},
						"4.4667": {
							"post": [0.86, -1.22, 5.46],
							"lerp_mode": "catmullrom"
						},
						"4.8": {
							"post": [0.86, -1.22, 5.46],
							"lerp_mode": "catmullrom"
						},
						"5.1333": {
							"post": [0.86, -2.6, 5.46],
							"lerp_mode": "catmullrom"
						},
						"5.2667": {
							"post": [0.905, -2.6, 5.46],
							"lerp_mode": "catmullrom"
						},
						"5.4333": {
							"post": [0.775, -2.6, 5.46],
							"lerp_mode": "catmullrom"
						},
						"5.5667": {
							"post": [0.78, -2.73, 5.46],
							"lerp_mode": "catmullrom"
						},
						"5.8": {
							"post": [0.78, -2.99, 5.46],
							"lerp_mode": "catmullrom"
						},
						"6.0": {
							"post": [0.78, -2.76, 5.46],
							"lerp_mode": "catmullrom"
						},
						"6.0667": {
							"post": [0.78, -2.46, 5.145],
							"lerp_mode": "catmullrom"
						},
						"6.1333": {
							"post": [0.925, -2.46, 5.15],
							"lerp_mode": "catmullrom"
						},
						"6.2333": {
							"post": [0.855, -2.46, 5.15],
							"lerp_mode": "catmullrom"
						},
						"6.3667": {
							"post": [0.855, -2.46, 5.15],
							"lerp_mode": "catmullrom"
						},
						"6.5333": {
							"post": [0.86, -2.46, 4.83],
							"lerp_mode": "catmullrom"
						},
						"6.6667": {
							"post": [0.86, -2.46, 5.24],
							"lerp_mode": "catmullrom"
						},
						"6.8": {
							"post": [0.86, -2.46, 5.41],
							"lerp_mode": "catmullrom"
						},
						"6.8667": {
							"post": [0.86, -2.985, 5.415],
							"lerp_mode": "catmullrom"
						},
						"6.9": {
							"post": [0.86, -2.98, 4.37],
							"lerp_mode": "catmullrom"
						},
						"7.0": {
							"post": [0.86, -2.73, 5.035],
							"lerp_mode": "catmullrom"
						},
						"7.2": {
							"post": [0.43, -2.12, 2.1],
							"lerp_mode": "catmullrom"
						},
						"7.4": {
							"post": [-0.01, -0.425, -0.95],
							"lerp_mode": "catmullrom"
						},
						"7.5": {
							"post": [-0.1, -0.175, -1.125],
							"lerp_mode": "catmullrom"
						},
						"7.6": {
							"post": [0, -0.41875, 0.4875],
							"lerp_mode": "catmullrom"
						},
						"7.7": {
							"post": [0, -0.0875, -0.06875],
							"lerp_mode": "catmullrom"
						},
						"7.7667": {
							"post": [0, 0, 0.05],
							"lerp_mode": "catmullrom"
						},
						"7.8667": [0, 0, 0]
					},
					"scale": {
						"7.4333": {
							"pre": [1, 1, 1],
							"post": [1, 1, 1],
							"lerp_mode": "catmullrom"
						}
					}
				},
				"lefthand": {
					"rotation": {
						"0.3333": [89.58664, -42.11197, 210.47069],
						"0.6333": [137.30752, 26.04556, 100.84103],
						"0.7333": [125.65481, 12.79917, 88.73237],
						"0.8": [125.65481, 12.79917, 88.73237],
						"0.9333": [127.4551, 20.84134, 94.94695],
						"1.1": [118.66537, 37.33019, 66.64869],
						"1.1667": [118.66537, 37.33019, 66.64869],
						"1.4333": [109.79003, 1.43589, 124.41385],
						"1.6333": [109.79003, 1.43589, 124.41385],
						"1.6667": [124.79, 1.44, 124.41],
						"1.7667": [124.36008, 20.05835, 128.25019],
						"2.1": [124.36, 20.06, 128.25],
						"2.2": [116.65551, 0.25419, 154.58056],
						"4.5667": [116.66, 0.25, 154.58],
						"4.9667": [150.19197, 20.27472, 107.70864],
						"5.0667": [150.19197, 20.27472, 107.70864],
						"5.2667": [153.50382, 10.96325, 92.2975],
						"5.3667": [153.50382, 10.96325, 92.2975],
						"5.5": [153.5, 10.96, 92.3],
						"5.8": [116.66, 0.25, 154.58],
						"6.0": [116.66, 0.25, 154.58],
						"6.0667": [96.66, 0.25, 154.58],
						"6.2": [96.66, 0.25, 154.58],
						"6.3667": [96.66, 0.25, 154.58],
						"6.5": [96.66, 0.25, 154.58],
						"6.6667": [122.78191, -46.10275, 191.84649],
						"6.7667": [122.78191, -46.10275, 191.84649],
						"6.8": [100.28, -46.1, 191.85],
						"6.8667": [107.8869, -43.43549, 160.16716],
						"6.9667": [107.89, -43.44, 160.17],
						"7.1667": [89.58664, -42.11197, 210.47069]
					},
					"position": {
						"0.0": [7.5, -14.94, -4.5],
						"0.3333": [7.5, -14.94, -4.5],
						"0.5": [10.5, -12.94, -8.5],
						"0.6333": [8.785, -10.94, -8.5],
						"0.7333": [8.79, -10.94, -6.5],
						"0.8": [8.79, -10.94, -6.5],
						"0.9333": [8.79, -10.94, -1.5],
						"1.1": [8.255, -9.16, -1.5],
						"1.1667": [8.255, -9.16, -1.5],
						"1.3": [11.26, -9.16, -1.5],
						"1.4333": [9.26, -14.16, 3.5],
						"1.6333": [9.26, -14.16, 3.5],
						"1.6667": [9.26, -14.16, 3.5],
						"1.7667": [9.26, -15.12, 2.73],
						"2.1": [9.26, -15.12, 2.73],
						"2.2": [11.26, -17.12, 0.73],
						"4.5667": [11.26, -17.12, 0.73],
						"4.7667": [12.1, -15.51, 1.73],
						"4.9667": [10.185, -13.905, 2.73],
						"5.0667": [10.185, -13.905, 2.73],
						"5.2667": [9.165, -12.9, 2.73],
						"5.3667": [8.48, -12.9, 2.73],
						"5.4333": [8.48, -13.21, 2.73],
						"5.5": [8.48, -13.21, 2.73],
						"5.6333": [12.48, -13.21, 2.73],
						"5.8": [11.26, -17.12, 0.73],
						"6.0": [11.26, -17.12, 0.73],
						"6.0667": [11.26, -15.62, 1.675],
						"6.2": [11.26, -15.62, 1.675],
						"6.3667": [11.26, -15.62, 1.675],
						"6.5": [11.26, -15.62, 1.675],
						"6.6667": [10.26, -8.62, -0.32],
						"6.7667": [9.26, -6.62, -0.32],
						"6.8": [8.26, -8.62, -1.32],
						"6.8667": [10.26, -11.62, -1.32],
						"6.9667": [10.26, -11.62, -1.32],
						"7.1667": [7.5, -14.94, -4.5]
					},
					"scale": {
						"0.0": [1, 1.5, 1],
						"0.9333": [1, 1.5, 1]
					}
				},
				"righthand": {
					"rotation": {
						"0.0": [92.5, -355, -180],
						"1.6667": [92.5, -355, -180],
						"1.8667": [92.84708, -331.02526, -178.83796],
						"2.0333": [105.60932, -335.1283, -151.11384],
						"5.2": [105.61, -335.13, -151.11],
						"5.4": [118.27545, -352.83353, -107.76516],
						"5.6333": [119.93279, -349.26108, -120.23117],
						"5.8": [119.93279, -349.26108, -120.23117],
						"6.1": [92.5, -355, -180]
					},
					"position": {
						"0.0": [-6.25, -17, 10],
						"1.7": [-6.25, -17, 10],
						"1.8333": [-8.34, -16.26, 5.61],
						"1.9333": [-8.425, -15.525, 1.22],
						"2.0333": [-8.43, -15.905, 1.22],
						"5.2": [-8.43, -15.9, 1.22],
						"5.4": [-6.965, -14.4, 1.22],
						"5.5": [-7.51, -14.4, 1.22],
						"5.6333": [-8.48, -15.105, 1.22],
						"5.8": [-8.48, -15.105, 1.22],
						"6.1": [-6.25, -17, 10]
					},
					"scale": [1, 1.5, 1]
				},
				"constraint": {
					"rotation": [0.2, 0.2, 0.2],
					"position": [0.2, 0.2, 0.2]
				},
				"guider": {
					"rotation": {
						"6.8667": [0, 0, 0],
						"7.0667": [-209.62165, 4.98093, -171.3178],
						"7.2333": {
							"pre": [0, 0, 0],
							"post": [-209.62, 4.98, -171.32]
						}
					},
					"position": {
						"6.8333": [0, 0, 0],
						"7.2": [-7, 28, -2],
						"7.2333": {
							"pre": [-7, 28, -2],
							"post": [0, 0, 0]
						}
					},
					"scale": {
						"0.0": [0, 0, 0],
						"3.2": {
							"pre": [0, 0, 0],
							"post": [1, 1, 1]
						},
						"7.2333": {
							"pre": [1, 1, 1],
							"post": [0, 0, 0]
						}
					}
				},
				"Bolt2": {
					"position": {
						"0.8": [0, 0, 0],
						"0.9333": [0, 0, 5.3],
						"6.8": [0, 0, 5.3],
						"6.8333": [0, 0, 0]
					}
				},
				"bone146": {
					"rotation": {
						"0.7": [0, 0, 0],
						"0.8333": [0, -90, 0],
						"6.8333": [0, -90, 0],
						"6.8667": [0, 0, 0]
					}
				},
				"bone2": {
					"rotation": {
						"0.9667": [0, 0, 0],
						"1.1": [0, 0, -30],
						"6.8": [0, 0, -30],
						"6.8333": [0, 0, 0]
					}
				},
				"magazine": {
					"rotation": {
						"1.6667": [0, 0, 0],
						"1.7667": [-19, 0, 0],
						"6.0": [-19, 0, 0],
						"6.0667": [0, 0, 0]
					}
				},
				"iron_down": {
					"rotation": {
						"1.6667": [0, 0, 0],
						"1.7667": [-19, 0, 0],
						"6.0": [-19, 0, 0],
						"6.0667": [0, 0, 0]
					}
				},
				"mag_and_l": {
					"rotation": {
						"2.4333": [0, 0, 0],
						"2.5667": [0, 0, 30],
						"2.8": [0, 0, -2.5],
						"3.0": [0, 0, -67.5],
						"3.4": [0, 0, -67.5],
						"3.7667": [0, 0, 30],
						"4.0333": [0, 0, 10],
						"4.2": [0, 0, 10],
						"4.2667": [0, 0, 0]
					},
					"position": {
						"2.3667": [0, 0, 0],
						"2.4333": [2.165, 0, 0],
						"2.6": [5.17, -2, 0],
						"3.0": [3.17, -19, 0],
						"3.4": [3.17, -19, 0],
						"3.7333": [5.17, -2, 0],
						"3.9": [3.17, -1.335, 0],
						"4.0333": [2.195, -0.51, 0],
						"4.2": [2.195, -0.51, 0],
						"4.2667": [0, 0, 0]
					}
				},
				"chain_anim": {
					"rotation": {
						"2.4333": [0, 0, 0],
						"2.5333": [-25, 0, 0],
						"3.1667": [-25, 0, 0],
						"3.2": [35, 0, 0],
						"5.0667": [35, 0, 0],
						"5.2667": [0, 0, 0],
						"5.5": [0, 0, 0],
						"5.6333": [0, 0, 0]
					},
					"position": {
						"2.4333": [0, 0, 0],
						"2.5333": [0, -1.285, 0],
						"3.1667": [0, -1.28, 0],
						"3.2": [2.535, -0.93, 0],
						"5.0667": [1.725, -0.93, 0],
						"5.2667": [0.47, -0.385, 0],
						"5.5": [0.44, -0.385, 0],
						"5.6333": [0, 0, 0]
					}
				},
				"camera": {
					"rotation": {
						"0.0": {
							"post": [0, 0, 0],
							"lerp_mode": "catmullrom"
						},
						"0.1333": {
							"post": [0.605, 0, -0.605],
							"lerp_mode": "catmullrom"
						},
						"0.3333": {
							"post": [-0.695, 0, 0.21],
							"lerp_mode": "catmullrom"
						},
						"0.4": {
							"post": [-0.525, 0, 0.21],
							"lerp_mode": "catmullrom"
						},
						"0.5667": {
							"post": [-0.52, 0, 0.21],
							"lerp_mode": "catmullrom"
						},
						"0.7667": {
							"post": [-0.17, 0, 0.21],
							"lerp_mode": "catmullrom"
						},
						"0.9333": {
							"post": [-0.87, 0, -0.42],
							"lerp_mode": "catmullrom"
						},
						"1.0333": {
							"post": [-0.87, 0, 0.025],
							"lerp_mode": "catmullrom"
						},
						"1.4333": {
							"post": [-0.355, 0, 0.03],
							"lerp_mode": "catmullrom"
						},
						"1.5667": {
							"post": [-0.58, 0, 0.265],
							"lerp_mode": "catmullrom"
						},
						"1.6333": {
							"post": [0.235, 0, -0.57],
							"lerp_mode": "catmullrom"
						},
						"1.7667": {
							"post": [-0.205, 0, 0.06],
							"lerp_mode": "catmullrom"
						},
						"1.9667": {
							"post": [-0.9, 0, 0.06],
							"lerp_mode": "catmullrom"
						},
						"2.1": {
							"post": [-0.55, 0, 0.06],
							"lerp_mode": "catmullrom"
						},
						"2.2667": {
							"post": [-0.55, 0, 0.455],
							"lerp_mode": "catmullrom"
						},
						"2.3667": {
							"post": [-0.55, 0, 0.46],
							"lerp_mode": "catmullrom"
						},
						"2.4": {
							"post": [0.335, -0.65, -0.33],
							"lerp_mode": "catmullrom"
						},
						"2.5333": {
							"post": [-0.73, 0.305, 0.44],
							"lerp_mode": "catmullrom"
						},
						"2.7333": {
							"post": [-0.73, 0, -0.19],
							"lerp_mode": "catmullrom"
						},
						"3.0667": {
							"post": [-0.545, 0, -0.19],
							"lerp_mode": "catmullrom"
						},
						"3.4": {
							"post": [0.57, -0.375, 0.395],
							"lerp_mode": "catmullrom"
						},
						"3.7333": {
							"post": [0.385, -0.255, 0.235],
							"lerp_mode": "catmullrom"
						},
						"3.8333": {
							"post": [0.39, -0.53, 0.24],
							"lerp_mode": "catmullrom"
						},
						"4.0667": {
							"post": [0.11, -0.53, -0.04],
							"lerp_mode": "catmullrom"
						},
						"4.2333": {
							"post": [0.11, -0.53, -0.04],
							"lerp_mode": "catmullrom"
						},
						"4.3": {
							"post": [-0.8, -0.53, -0.81],
							"lerp_mode": "catmullrom"
						},
						"4.4": {
							"post": [0.55, -0.53, 0.38],
							"lerp_mode": "catmullrom"
						},
						"4.6": {
							"post": [0.13, -0.53, -0.295],
							"lerp_mode": "catmullrom"
						},
						"4.8333": {
							"post": [1.225, -0.53, -0.29],
							"lerp_mode": "catmullrom"
						},
						"5.2": {
							"post": [0.995, -0.53, 0.155],
							"lerp_mode": "catmullrom"
						},
						"5.5": {
							"post": [1, -0.53, 0.16],
							"lerp_mode": "catmullrom"
						},
						"5.6333": {
							"post": [1, 0.17, -0.285],
							"lerp_mode": "catmullrom"
						},
						"6.0": {
							"post": [0.605, 0, -0.56],
							"lerp_mode": "catmullrom"
						},
						"6.0667": {
							"post": [1.435, 0, 0.195],
							"lerp_mode": "catmullrom"
						},
						"6.1667": {
							"post": [0.21, 0, -0.5],
							"lerp_mode": "catmullrom"
						},
						"6.3667": {
							"post": [0.775, 0, -0.28],
							"lerp_mode": "catmullrom"
						},
						"6.7": {
							"post": [0.78, 0, -1.335],
							"lerp_mode": "catmullrom"
						},
						"6.8": {
							"post": [0.78, 0, -1.33],
							"lerp_mode": "catmullrom"
						},
						"6.8333": {
							"post": [0.78, 0, 0.44],
							"lerp_mode": "catmullrom"
						},
						"6.9333": {
							"post": [0.78, 0, -1.8],
							"lerp_mode": "catmullrom"
						},
						"7.1": {
							"post": [0.78, 0, -0.88],
							"lerp_mode": "catmullrom"
						},
						"7.4333": {
							"post": [-0.455, 0, 0.33],
							"lerp_mode": "catmullrom"
						},
						"7.6": {
							"post": [0.075, 0, -0.14],
							"lerp_mode": "catmullrom"
						},
						"7.7333": {
							"post": [-0.06, 0, 0.08],
							"lerp_mode": "catmullrom"
						},
						"7.8333": {
							"post": [0, 0, 0],
							"lerp_mode": "catmullrom"
						}
					}
				}
			},
			"sound_effects": {
				"0.0": {
					"effect": "ccrp:hk21/p02_lm_kilo21_reload_drop"
				},
				"0.8333": {
					"effect": "ccrp:hk21/p02_lm_kilo21_reload_bolt"
				},
				"1.5667": {
					"effect": "ccrp:hk21/p02_lm_kilo21_reload_mvmnt"
				},
				"2.3": {
					"effect": "ccrp:hk21/p02_lm_kilo21_reload_magout"
				},
				"3.3667": {
					"effect": "ccrp:hk21/p02_lm_kilo21_reload_maghit"
				},
				"4.8333": {
					"effect": "ccrp:hk21/p02_lm_kilo21_reload_bullets"
				},
				"5.1": {
					"effect": "ccrp:hk21/p02_lm_kilo21_reload_grab"
				},
				"5.8333": {
					"effect": "ccrp:hk21/p02_lm_kilo21_reload_magin"
				},
				"6.4": {
					"effect": "ccrp:hk21/p02_lm_kilo21_reload_end"
				},
				"6.8333": {
					"effect": "ccrp:hk21/p02_lm_kilo21_reload_charge"
				}
			}
		},
		"reload_empty": {
			"animation_length": 8.4,
			"bones": {
				"root": {
					"rotation": {
						"0.0": [0, 0, 0],
						"0.1333": [-7.67, -1.14, 0],
						"0.3333": {
							"pre": [-5.67244, -1.26439, 0.06992],
							"post": [-5.67244, -1.26439, 0.06992],
							"lerp_mode": "catmullrom"
						},
						"0.4667": {
							"post": [-6.6, -1.455, 1.17],
							"lerp_mode": "catmullrom"
						},
						"0.7667": {
							"post": [-7.36, -1.195, 2.07],
							"lerp_mode": "catmullrom"
						},
						"0.9333": {
							"post": [-9.36, -1.195, 2.07],
							"lerp_mode": "catmullrom"
						},
						"1.1": {
							"post": [-9.22045, -1.33697, -0.95483],
							"lerp_mode": "catmullrom"
						},
						"1.2333": {
							"post": [-9.22, -0.895, -0.195],
							"lerp_mode": "catmullrom"
						},
						"1.6": {
							"post": [-9.22, -0.89, -0.19],
							"lerp_mode": "catmullrom"
						},
						"1.7": {
							"post": [-12.24, -0.89, -0.305],
							"lerp_mode": "catmullrom"
						},
						"1.8333": {
							"post": [-13.46, -0.89, -1.535],
							"lerp_mode": "catmullrom"
						},
						"2.0667": {
							"post": [-13.445, -0.89, 0.915],
							"lerp_mode": "catmullrom"
						},
						"2.2": {
							"post": [-10.535, -0.57, 2.24],
							"lerp_mode": "catmullrom"
						},
						"2.3667": {
							"post": [-11.38732, -0.42472, 2.86526],
							"lerp_mode": "catmullrom"
						},
						"2.4333": {
							"post": [-8.965, -2.685, -2.955],
							"lerp_mode": "catmullrom"
						},
						"2.5667": {
							"post": [-10.415, -0.9, 4.16],
							"lerp_mode": "catmullrom"
						},
						"2.7": {
							"post": [-10.62, -0.8, 1.13],
							"lerp_mode": "catmullrom"
						},
						"2.8667": {
							"post": [-9.96486, -0.9752, 0.39718],
							"lerp_mode": "catmullrom"
						},
						"3.0667": {
							"post": [-10.41, -0.9, 1.1],
							"lerp_mode": "catmullrom"
						},
						"3.3": {
							"post": [-5.975, -0.88, -2.7],
							"lerp_mode": "catmullrom"
						},
						"3.5667": {
							"post": [-5.92, -0.9, -2.81],
							"lerp_mode": "catmullrom"
						},
						"3.9": {
							"post": [-5.93473, -0.79673, -1.81524],
							"lerp_mode": "catmullrom"
						},
						"4.0": {
							"post": [-5.93, -0.8, -1.82],
							"lerp_mode": "catmullrom"
						},
						"4.1667": {
							"post": [-5.8, -0.78, -1.95],
							"lerp_mode": "catmullrom"
						},
						"4.2667": {
							"post": [-5.93, -0.8, -1.82],
							"lerp_mode": "catmullrom"
						},
						"4.3": {
							"post": [-5.88028, -1.10872, -4.80449],
							"lerp_mode": "catmullrom"
						},
						"4.4333": {
							"post": [-5.88, -1.11, -0.645],
							"lerp_mode": "catmullrom"
						},
						"4.5667": {
							"post": [-5.88, -1.11, -2.17],
							"lerp_mode": "catmullrom"
						},
						"4.8": {
							"post": [-5.905, -1.11, -2.17],
							"lerp_mode": "catmullrom"
						},
						"5.1333": {
							"post": [-9.16, -1.11, -2.17],
							"lerp_mode": "catmullrom"
						},
						"5.4333": {
							"post": [-9.16504, -1.10911, -1.76685],
							"lerp_mode": "catmullrom"
						},
						"5.5667": {
							"post": [-9.17, -1.11, -2.17],
							"lerp_mode": "catmullrom"
						},
						"5.7": {
							"post": [-9.945, -1.11, -2.17],
							"lerp_mode": "catmullrom"
						},
						"5.8": {
							"post": [-9.945, -1.11, -2.17],
							"lerp_mode": "catmullrom"
						},
						"6.0333": {
							"post": [-7.84, -1.11, -2.35],
							"lerp_mode": "catmullrom"
						},
						"6.1333": {
							"post": [-10.2, -1.11, -2.43],
							"lerp_mode": "catmullrom"
						},
						"6.3333": {
							"post": [-9.385, -1.11, -2.17],
							"lerp_mode": "catmullrom"
						},
						"6.4": {
							"post": [-7.345, -1.11, 1.15],
							"lerp_mode": "catmullrom"
						},
						"6.5": {
							"post": [-7.34, -1.11, -2.975],
							"lerp_mode": "catmullrom"
						},
						"6.5667": {
							"post": [-7.34, -1.11, -4.055],
							"lerp_mode": "catmullrom"
						},
						"6.7": {
							"post": [-7.34, -1.11, -1.45],
							"lerp_mode": "catmullrom"
						},
						"7.0": {
							"post": [-12.34469, 1.07837, 15.40959],
							"lerp_mode": "catmullrom"
						},
						"7.1333": {
							"post": [-12.35659, 0.86614, 14.43299],
							"lerp_mode": "catmullrom"
						},
						"7.2": {
							"post": [-10.09925, 2.77869, 20.78515],
							"lerp_mode": "catmullrom"
						},
						"7.2667": {
							"post": [-12.29996, 1.51197, 14.56628],
							"lerp_mode": "catmullrom"
						},
						"7.3667": {
							"post": [-12.12589, 2.56837, 19.45487],
							"lerp_mode": "catmullrom"
						},
						"7.7": {
							"post": [0.00698, -0.09976, -5.60001],
							"lerp_mode": "catmullrom"
						},
						"7.8": {
							"post": [0.08242, -0.19876, -2.36596],
							"lerp_mode": "catmullrom"
						},
						"7.8333": {
							"post": [-0.18865, -0.22812, 0.60001],
							"lerp_mode": "catmullrom"
						},
						"7.9": {
							"post": [0.1, 0.3125, -1.5],
							"lerp_mode": "catmullrom"
						},
						"8.0": {
							"post": [0.41875, 0.3125, 0.775],
							"lerp_mode": "catmullrom"
						},
						"8.1": {
							"post": [0, 0, 0],
							"lerp_mode": "catmullrom"
						}
					},
					"position": {
						"0.0": [0, 0, 0],
						"0.2": {
							"pre": [1.13, -0.26, 2.77],
							"post": [1.13, -0.26, 2.77],
							"lerp_mode": "catmullrom"
						},
						"0.3667": {
							"post": [1.19, -2.3065, 3.6585],
							"lerp_mode": "catmullrom"
						},
						"0.4667": {
							"post": [1.19, -2.2865, 3.5885],
							"lerp_mode": "catmullrom"
						},
						"0.7667": {
							"post": [1.19, -2.1865, 3.4985],
							"lerp_mode": "catmullrom"
						},
						"0.9": {
							"post": [1.19, -2.3015, 3.7635],
							"lerp_mode": "catmullrom"
						},
						"1.1": {
							"post": [1.19, -1.9815, 3.4985],
							"lerp_mode": "catmullrom"
						},
						"1.2333": [1.19, -1.6765, 3.3585],
						"1.4": [1.19, -1.68, 3.415],
						"1.5667": {
							"pre": [1.19, -1.75, 4.42],
							"post": [1.19, -1.75, 4.42],
							"lerp_mode": "catmullrom"
						},
						"1.7": [1.19, -2.815, 4.64],
						"1.8333": {
							"pre": [1.19, -2.71, 4.595],
							"post": [1.19, -2.71, 4.595],
							"lerp_mode": "catmullrom"
						},
						"2.1": [1.19, -2.515, 4.995],
						"2.2667": [1.19, -2.415, 4.465],
						"2.3667": [1.19, -2.41, 4.47],
						"2.4": [1.19, -2.75, 4.47],
						"2.5": [1.19, -2.915, 4.47],
						"2.6333": [1.19, -2.635, 4.47],
						"3.0667": [1.19, -2.63, 4.47],
						"3.3333": {
							"pre": [0.855, -1.34, 5.56],
							"post": [0.855, -1.34, 5.56],
							"lerp_mode": "catmullrom"
						},
						"3.5667": [0.855, -1.63, 5.46],
						"3.7333": [0.86, -1.705, 5.46],
						"3.9": [0.86, -1.335, 5.46],
						"4.0667": [0.86, -1.215, 5.46],
						"4.1667": [0.86, -1.315, 5.46],
						"4.2667": {
							"pre": [0.86, -1.22, 5.46],
							"post": [0.86, -1.22, 5.46],
							"lerp_mode": "catmullrom"
						},
						"4.3333": {
							"post": [0.7, -1.22, 5.46],
							"lerp_mode": "catmullrom"
						},
						"4.4667": {
							"post": [0.86, -1.22, 5.46],
							"lerp_mode": "catmullrom"
						},
						"4.8": {
							"post": [0.86, -1.22, 5.46],
							"lerp_mode": "catmullrom"
						},
						"5.1333": {
							"post": [0.86, -2.6, 5.46],
							"lerp_mode": "catmullrom"
						},
						"5.2667": {
							"post": [0.905, -2.6, 5.46],
							"lerp_mode": "catmullrom"
						},
						"5.4333": {
							"post": [0.775, -2.6, 5.46],
							"lerp_mode": "catmullrom"
						},
						"5.5667": {
							"post": [0.78, -2.73, 5.46],
							"lerp_mode": "catmullrom"
						},
						"5.8": {
							"post": [0.78, -2.99, 5.46],
							"lerp_mode": "catmullrom"
						},
						"5.9667": {
							"post": [0.78, -2.63, 5.47],
							"lerp_mode": "catmullrom"
						},
						"6.0667": {
							"post": [0.78, -2.685, 5.48],
							"lerp_mode": "catmullrom"
						},
						"6.3333": {
							"post": [0.78, -2.76, 5.46],
							"lerp_mode": "catmullrom"
						},
						"6.4": {
							"post": [0.78, -2.46, 5.145],
							"lerp_mode": "catmullrom"
						},
						"6.4667": {
							"post": [0.925, -2.46, 5.15],
							"lerp_mode": "catmullrom"
						},
						"6.5667": {
							"post": [0.855, -2.46, 5.15],
							"lerp_mode": "catmullrom"
						},
						"6.7": {
							"post": [0.855, -2.46, 5.15],
							"lerp_mode": "catmullrom"
						},
						"6.8667": {
							"post": [0.86, -2.46, 4.83],
							"lerp_mode": "catmullrom"
						},
						"7.0": {
							"post": [0.86, -2.46, 5.24],
							"lerp_mode": "catmullrom"
						},
						"7.1333": {
							"post": [0.86, -2.46, 5.41],
							"lerp_mode": "catmullrom"
						},
						"7.2": {
							"post": [0.86, -2.985, 5.415],
							"lerp_mode": "catmullrom"
						},
						"7.2333": {
							"post": [0.86, -2.98, 4.37],
							"lerp_mode": "catmullrom"
						},
						"7.3333": {
							"post": [0.86, -2.73, 5.035],
							"lerp_mode": "catmullrom"
						},
						"7.5333": {
							"post": [0.43, -2.12, 2.1],
							"lerp_mode": "catmullrom"
						},
						"7.7333": {
							"post": [-0.01, -0.425, -0.95],
							"lerp_mode": "catmullrom"
						},
						"7.8333": {
							"post": [-0.1, -0.175, -1.125],
							"lerp_mode": "catmullrom"
						},
						"7.9333": {
							"post": [0, -0.41875, 0.4875],
							"lerp_mode": "catmullrom"
						},
						"8.0333": {
							"post": [0, -0.0875, -0.06875],
							"lerp_mode": "catmullrom"
						},
						"8.1": {
							"post": [0, 0, 0.05],
							"lerp_mode": "catmullrom"
						},
						"8.2": [0, 0, 0]
					},
					"scale": {
						"7.7667": {
							"pre": [1, 1, 1],
							"post": [1, 1, 1],
							"lerp_mode": "catmullrom"
						}
					}
				},
				"lefthand": {
					"rotation": {
						"0.3333": [89.58664, -42.11197, 210.47069],
						"0.6333": [137.30752, 26.04556, 100.84103],
						"0.7333": [125.65481, 12.79917, 88.73237],
						"0.8": [125.65481, 12.79917, 88.73237],
						"0.9333": [127.4551, 20.84134, 94.94695],
						"1.1": [118.66537, 37.33019, 66.64869],
						"1.1667": [118.66537, 37.33019, 66.64869],
						"1.4333": [109.79003, 1.43589, 124.41385],
						"1.6333": [109.79003, 1.43589, 124.41385],
						"1.6667": [124.79, 1.44, 124.41],
						"1.7667": [124.36008, 20.05835, 128.25019],
						"2.1": [124.36, 20.06, 128.25],
						"2.2": [116.65551, 0.25419, 154.58056],
						"4.5667": [116.66, 0.25, 154.58],
						"4.9667": [150.19197, 20.27472, 107.70864],
						"5.0667": [150.19197, 20.27472, 107.70864],
						"5.2667": [153.50382, 10.96325, 92.2975],
						"5.3667": [153.50382, 10.96325, 92.2975],
						"5.5": [153.5, 10.96, 92.3],
						"5.8": [89.58664, -42.11197, 210.47069],
						"6.3333": [89.58664, -42.11197, 210.47069],
						"6.4": [89.58664, -42.11197, 210.47069],
						"6.5333": [89.58664, -42.11197, 210.47069],
						"6.7": [89.58664, -42.11197, 210.47069],
						"6.8333": [89.58664, -42.11197, 210.47069],
						"7.0": [122.78191, -46.10275, 191.84649],
						"7.1": [122.78191, -46.10275, 191.84649],
						"7.1333": [100.28, -46.1, 191.85],
						"7.2": [107.8869, -43.43549, 160.16716],
						"7.3": [107.89, -43.44, 160.17],
						"7.5": [89.58664, -42.11197, 210.47069]
					},
					"position": {
						"0.0": [7.5, -14.94, -4.5],
						"0.3333": [7.5, -14.94, -4.5],
						"0.5": [10.5, -12.94, -8.5],
						"0.6333": [8.785, -10.94, -8.5],
						"0.7333": [8.79, -10.94, -6.5],
						"0.8": [8.79, -10.94, -6.5],
						"0.9333": [8.79, -10.94, -1.5],
						"1.1": [8.255, -9.16, -1.5],
						"1.1667": [8.255, -9.16, -1.5],
						"1.3": [11.26, -9.16, -1.5],
						"1.4333": [9.26, -14.16, 3.5],
						"1.6333": [9.26, -14.16, 3.5],
						"1.6667": [9.26, -14.16, 3.5],
						"1.7667": [9.26, -15.12, 2.73],
						"2.1": [9.26, -15.12, 2.73],
						"2.2": [11.26, -17.12, 0.73],
						"4.5667": [11.26, -17.12, 0.73],
						"4.7667": [12.1, -15.51, 1.73],
						"4.9667": [10.185, -13.905, 2.73],
						"5.0667": [10.185, -13.905, 2.73],
						"5.2667": [9.165, -12.9, 2.73],
						"5.3667": [8.48, -12.9, 2.73],
						"5.4333": [8.48, -13.21, 2.73],
						"5.5": [8.48, -13.21, 2.73],
						"5.6333": [12.48, -13.21, 2.73],
						"5.8": [7.5, -14.94, -4.5],
						"6.3333": [7.5, -14.94, -4.5],
						"6.4": [7.5, -14.94, -4.5],
						"6.5333": [7.5, -14.94, -4.5],
						"6.7": [7.5, -14.94, -4.5],
						"6.8333": [7.5, -14.94, -4.5],
						"7.0": [10.26, -8.62, -0.32],
						"7.1": [9.26, -6.62, -0.32],
						"7.1333": [8.26, -8.62, -1.32],
						"7.2": [10.26, -11.62, -1.32],
						"7.3": [10.26, -11.62, -1.32],
						"7.5": [7.5, -14.94, -4.5]
					},
					"scale": {
						"0.0": [1, 1.5, 1],
						"0.9333": [1, 1.5, 1]
					}
				},
				"righthand": {
					"rotation": {
						"0.0": [92.5, -355, -180],
						"1.6667": [92.5, -355, -180],
						"1.8667": [92.84708, -331.02526, -178.83796],
						"2.0333": [105.60932, -335.1283, -151.11384],
						"5.2": [105.61, -335.13, -151.11],
						"5.4": [118.27545, -352.83353, -107.76516],
						"5.6333": [119.93279, -349.26108, -120.23117],
						"5.8": [119.93279, -349.26108, -120.23117],
						"5.9333": [114.16, -350.47, -132.81],
						"6.1": [114.16, -350.47, -132.81],
						"6.4333": [92.5, -355, -180]
					},
					"position": {
						"0.0": [-6.25, -17, 10],
						"1.7": [-6.25, -17, 10],
						"1.8333": [-8.34, -16.26, 5.61],
						"1.9333": [-8.425, -15.525, 1.22],
						"2.0333": [-8.43, -15.905, 1.22],
						"5.2": [-8.43, -15.9, 1.22],
						"5.4": [-6.965, -14.4, 1.22],
						"5.5": [-7.51, -14.4, 1.22],
						"5.6333": [-8.48, -15.105, 1.22],
						"5.8": [-8.48, -15.105, 1.22],
						"5.9333": [-8.01, -15.5, 3.07],
						"6.1": [-8.01, -15.5, 3.07],
						"6.4333": [-6.25, -17, 10]
					},
					"scale": [1, 1.5, 1]
				},
				"constraint": {
					"rotation": [0.2, 0.2, 0.2],
					"position": [0.2, 0.2, 0.2]
				},
				"guider": {
					"rotation": {
						"7.2": [0, 0, 0],
						"7.4": [-209.62165, 4.98093, -171.3178],
						"7.5667": {
							"pre": [0, 0, 0],
							"post": [-209.62, 4.98, -171.32]
						}
					},
					"position": {
						"7.1667": [0, 0, 0],
						"7.5333": [-7, 28, -2],
						"7.5667": {
							"pre": [-7, 28, -2],
							"post": [0, 0, 0]
						}
					},
					"scale": {
						"0.0": [0, 0, 0],
						"3.2": {
							"pre": [0, 0, 0],
							"post": [1, 1, 1]
						},
						"7.5667": {
							"pre": [1, 1, 1],
							"post": [0, 0, 0]
						}
					}
				},
				"Bolt2": {
					"position": {
						"0.8": [0, 0, 0],
						"0.9333": [0, 0, 5.3],
						"7.1333": [0, 0, 5.3],
						"7.1667": [0, 0, 0]
					}
				},
				"bone146": {
					"rotation": {
						"0.7": [0, 0, 0],
						"0.8333": [0, -90, 0],
						"7.1667": [0, -90, 0],
						"7.2": [0, 0, 0]
					}
				},
				"bone2": {
					"rotation": {
						"0.9667": [0, 0, 0],
						"1.1": [0, 0, -30],
						"7.1333": [0, 0, -30],
						"7.1667": [0, 0, 0]
					}
				},
				"magazine": {
					"rotation": {
						"1.6667": [0, 0, 0],
						"1.7667": [-19, 0, 0],
						"6.3333": [-19, 0, 0],
						"6.4": [0, 0, 0]
					}
				},
				"iron_down": {
					"rotation": {
						"1.6667": [0, 0, 0],
						"1.7667": [-19, 0, 0],
						"6.3333": [-19, 0, 0],
						"6.4": [0, 0, 0]
					}
				},
				"mag_and_l": {
					"rotation": {
						"2.4333": [0, 0, 0],
						"2.5667": [0, 0, 30],
						"2.8": [0, 0, -2.5],
						"3.0": [0, 0, -67.5],
						"3.4": [0, 0, -67.5],
						"3.7667": [0, 0, 30],
						"4.0333": [0, 0, 10],
						"4.2": [0, 0, 10],
						"4.2667": [0, 0, 0]
					},
					"position": {
						"2.3667": [0, 0, 0],
						"2.4333": [2.165, 0, 0],
						"2.6": [5.17, -2, 0],
						"3.0": [3.17, -19, 0],
						"3.4": [3.17, -19, 0],
						"3.7333": [5.17, -2, 0],
						"3.9": [3.17, -1.335, 0],
						"4.0333": [2.195, -0.51, 0],
						"4.2": [2.195, -0.51, 0],
						"4.2667": [0, 0, 0]
					}
				},
				"chain_anim": {
					"rotation": {
						"2.4333": [0, 0, 0],
						"2.5333": [-25, 0, 0],
						"3.1667": [-25, 0, 0],
						"3.2": [35, 0, 0],
						"5.0667": [35, 0, 0],
						"5.2667": [0, 0, 0],
						"5.5": [0, 0, 0],
						"5.6333": [0, 0, 0]
					},
					"position": {
						"2.4333": [0, 0, 0],
						"2.5333": [0, -1.285, 0],
						"3.1667": [0, -1.28, 0],
						"3.2": [2.535, -0.93, 0],
						"5.0667": [1.725, -0.93, 0],
						"5.2667": [0.47, -0.385, 0],
						"5.5": [0.48, -0.385, 0],
						"5.6333": [0, 0, 0]
					},
					"scale": {
						"3.1667": {
							"pre": [0, 0, 0],
							"post": [1, 1, 1]
						}
					}
				},
				"iron_up": {
					"rotation": {
						"6.0": [0, 0, 0],
						"6.0667": [-19, 0, 0],
						"6.3333": [-19, 0, 0],
						"6.4": [0, 0, 0]
					}
				},
				"camera": {
					"rotation": {
						"0.0": {
							"post": [0, 0, 0],
							"lerp_mode": "catmullrom"
						},
						"0.1333": {
							"post": [0.605, 0, -0.605],
							"lerp_mode": "catmullrom"
						},
						"0.3333": {
							"post": [-0.695, 0, 0.21],
							"lerp_mode": "catmullrom"
						},
						"0.4": {
							"post": [-0.525, 0, 0.21],
							"lerp_mode": "catmullrom"
						},
						"0.5667": {
							"post": [-0.52, 0, 0.21],
							"lerp_mode": "catmullrom"
						},
						"0.7667": {
							"post": [-0.17, 0, 0.21],
							"lerp_mode": "catmullrom"
						},
						"0.9333": {
							"post": [-0.87, 0, -0.42],
							"lerp_mode": "catmullrom"
						},
						"1.0333": {
							"post": [-0.87, 0, 0.025],
							"lerp_mode": "catmullrom"
						},
						"1.4333": {
							"post": [-0.355, 0, 0.03],
							"lerp_mode": "catmullrom"
						},
						"1.5667": {
							"post": [-0.58, 0, 0.265],
							"lerp_mode": "catmullrom"
						},
						"1.6333": {
							"post": [0.235, 0, -0.57],
							"lerp_mode": "catmullrom"
						},
						"1.7667": {
							"post": [-0.205, 0, 0.06],
							"lerp_mode": "catmullrom"
						},
						"1.9667": {
							"post": [-0.9, 0, 0.06],
							"lerp_mode": "catmullrom"
						},
						"2.1": {
							"post": [-0.55, 0, 0.06],
							"lerp_mode": "catmullrom"
						},
						"2.2667": {
							"post": [-0.55, 0, 0.455],
							"lerp_mode": "catmullrom"
						},
						"2.3667": {
							"post": [-0.55, 0, 0.46],
							"lerp_mode": "catmullrom"
						},
						"2.4": {
							"post": [0.335, -0.65, -0.33],
							"lerp_mode": "catmullrom"
						},
						"2.5333": {
							"post": [-0.73, 0.305, 0.44],
							"lerp_mode": "catmullrom"
						},
						"2.7333": {
							"post": [-0.73, 0, -0.19],
							"lerp_mode": "catmullrom"
						},
						"3.0667": {
							"post": [-0.545, 0, -0.19],
							"lerp_mode": "catmullrom"
						},
						"3.4": {
							"post": [0.57, -0.375, 0.395],
							"lerp_mode": "catmullrom"
						},
						"3.7333": {
							"post": [0.385, -0.255, 0.235],
							"lerp_mode": "catmullrom"
						},
						"3.8333": {
							"post": [0.39, -0.53, 0.24],
							"lerp_mode": "catmullrom"
						},
						"4.0667": {
							"post": [0.11, -0.53, -0.04],
							"lerp_mode": "catmullrom"
						},
						"4.2333": {
							"post": [0.11, -0.53, -0.04],
							"lerp_mode": "catmullrom"
						},
						"4.3": {
							"post": [-0.8, -0.53, -0.81],
							"lerp_mode": "catmullrom"
						},
						"4.4": {
							"post": [0.55, -0.53, 0.38],
							"lerp_mode": "catmullrom"
						},
						"4.6": {
							"post": [0.13, -0.53, -0.295],
							"lerp_mode": "catmullrom"
						},
						"4.8333": {
							"post": [1.225, -0.53, -0.29],
							"lerp_mode": "catmullrom"
						},
						"5.2": {
							"post": [0.995, -0.53, 0.155],
							"lerp_mode": "catmullrom"
						},
						"5.5": {
							"post": [1, -0.53, 0.16],
							"lerp_mode": "catmullrom"
						},
						"5.6333": {
							"post": [1, 0.17, -0.285],
							"lerp_mode": "catmullrom"
						},
						"6.0333": {
							"post": [0.275, 0.11, -0.51],
							"lerp_mode": "catmullrom"
						},
						"6.3667": {
							"post": [0.605, 0, -0.56],
							"lerp_mode": "catmullrom"
						},
						"6.4333": {
							"post": [1.435, 0, 0.195],
							"lerp_mode": "catmullrom"
						},
						"6.5333": {
							"post": [0.21, 0, -0.5],
							"lerp_mode": "catmullrom"
						},
						"6.7333": {
							"post": [0.775, 0, -0.28],
							"lerp_mode": "catmullrom"
						},
						"7.0667": {
							"post": [0.78, 0, -1.335],
							"lerp_mode": "catmullrom"
						},
						"7.1667": {
							"post": [0.78, 0, -1.33],
							"lerp_mode": "catmullrom"
						},
						"7.2": {
							"post": [0.78, 0, 0.44],
							"lerp_mode": "catmullrom"
						},
						"7.3": {
							"post": [0.78, 0, -1.8],
							"lerp_mode": "catmullrom"
						},
						"7.4667": {
							"post": [0.78, 0, -0.88],
							"lerp_mode": "catmullrom"
						},
						"7.8": {
							"post": [-0.455, 0, 0.33],
							"lerp_mode": "catmullrom"
						},
						"7.9667": {
							"post": [0.075, 0, -0.14],
							"lerp_mode": "catmullrom"
						},
						"8.1": {
							"post": [-0.06, 0, 0.08],
							"lerp_mode": "catmullrom"
						},
						"8.2": {
							"post": [0, 0, 0],
							"lerp_mode": "catmullrom"
						}
					}
				}
			},
			"sound_effects": {
				"0.0": {
					"effect": "ccrp:hk21/p02_lm_kilo21_reload_drop"
				},
				"0.8333": {
					"effect": "ccrp:hk21/p02_lm_kilo21_reload_bolt"
				},
				"1.5667": {
					"effect": "ccrp:hk21/p02_lm_kilo21_reload_mvmnt"
				},
				"2.3": {
					"effect": "ccrp:hk21/p02_lm_kilo21_reload_magout"
				},
				"3.3667": {
					"effect": "ccrp:hk21/p02_lm_kilo21_reload_maghit"
				},
				"4.8333": {
					"effect": "ccrp:hk21/p02_lm_kilo21_reload_bullets"
				},
				"5.1": {
					"effect": "ccrp:hk21/p02_lm_kilo21_reload_grab"
				},
				"5.8333": {
					"effect": "ccrp:hk21/p02_lm_kilo21_reload_magin"
				},
				"6.4": {
					"effect": "ccrp:hk21/p02_lm_kilo21_reload_end"
				},
				"6.8333": {
					"effect": "ccrp:hk21/p02_lm_kilo21_reload_charge"
				}
			}
		},
		"inspect": {
			"animation_length": 6.7667,
			"bones": {
				"lefthand": {
					"rotation": {
						"0.0": [89.58664, -42.11197, 210.47069],
						"0.2333": [49.75319, -21.2606, 259.88699],
						"2.1333": [49.75319, -21.2606, 259.88699],
						"2.3667": [96.66, 0.25, 154.58],
						"4.0333": [96.66, 0.25, 154.58],
						"4.2": [109.79003, 1.43589, 124.41385],
						"4.5": [109.79003, 1.43589, 124.41385],
						"4.5333": [124.79, 1.44, 124.41],
						"4.6333": [124.36008, 20.05835, 128.25019],
						"5.0": [116.66, 0.25, 154.58],
						"5.3333": [116.66, 0.25, 154.58],
						"5.4": [96.66, 0.25, 154.58],
						"5.5333": [96.66, 0.25, 154.58],
						"5.7333": [96.66, 0.25, 154.58],
						"6.0": [89.58664, -42.11197, 210.47069]
					},
					"position": {
						"0.0": [7.5, -14.94, -4.5],
						"0.2333": [9.13, -20.9, 2.085],
						"2.1333": [9.13, -20.9, 2.085],
						"2.3667": [11.26, -15.62, 1.675],
						"4.0333": [11.26, -15.62, 1.675],
						"4.2": [9.26, -14.16, 3.5],
						"4.5": [9.26, -14.16, 3.5],
						"4.5333": [9.26, -14.16, 3.5],
						"4.6333": [9.26, -15.12, 2.73],
						"4.8333": [10.26, -15.15, 1.73],
						"5.0": [11.26, -17.12, 0.73],
						"5.3333": [11.26, -17.12, 0.73],
						"5.4": [11.26, -15.62, 1.675],
						"5.5333": [11.26, -15.62, 1.675],
						"5.7333": [11.26, -15.62, 1.675],
						"6.0": [7.5, -14.94, -4.5]
					},
					"scale": [1, 1.5, 1]
				},
				"righthand": {
					"rotation": {
						"3.6333": [92.5, -355, -180],
						"5.4333": [92.5, -355, -180]
					},
					"position": {
						"3.6333": [-6.25, -17, 10],
						"5.4333": [-6.25, -17, 10]
					},
					"scale": [1, 1.5, 1]
				},
				"constraint": {
					"rotation": [0.2, 0.2, 0.2],
					"position": [0.2, 0.2, 0.2]
				},
				"guider": {
					"scale": 0.01
				},
				"root": {
					"rotation": {
						"0.0": [0, 0, 0],
						"0.4": {
							"pre": [0.5824, -3.97594, 6.07696],
							"post": [0.5824, -3.97594, 6.07696],
							"lerp_mode": "catmullrom"
						},
						"0.7333": {
							"post": [-13.40019, -3.79611, -4.94392],
							"lerp_mode": "catmullrom"
						},
						"0.9333": {
							"post": [-12.52731, -3.49623, -2.95857],
							"lerp_mode": "catmullrom"
						},
						"1.5667": {
							"post": [-12.24859, -3.59406, -3.81537],
							"lerp_mode": "catmullrom"
						},
						"1.8667": {
							"post": [-12.52731, -3.49623, -2.95857],
							"lerp_mode": "catmullrom"
						},
						"2.0333": {
							"post": [-15.53, -3.5, -2.96],
							"lerp_mode": "catmullrom"
						},
						"2.2": {
							"post": [-11.04879, -1.30818, 9.35798],
							"lerp_mode": "catmullrom"
						},
						"2.4667": {
							"post": [-7.44784, -1.48599, 53.13496],
							"lerp_mode": "catmullrom"
						},
						"3.5": {
							"post": [-7.39053, 0.235, 50.88863],
							"lerp_mode": "catmullrom"
						},
						"3.7667": [-7.67, -1.14, 0],
						"3.9667": {
							"pre": [-5.67244, -1.26439, 0.06992],
							"post": [-5.67244, -1.26439, 0.06992],
							"lerp_mode": "catmullrom"
						},
						"4.1": {
							"post": [-6.6, -1.455, 1.17],
							"lerp_mode": "catmullrom"
						},
						"4.4667": {
							"post": [-9.22, -0.89, -0.19],
							"lerp_mode": "catmullrom"
						},
						"4.5667": {
							"post": [-12.24, -0.89, -0.305],
							"lerp_mode": "catmullrom"
						},
						"4.7": {
							"post": [-13.46, -0.89, -1.535],
							"lerp_mode": "catmullrom"
						},
						"5.0333": {
							"post": [-11.67554, -0.80776, -0.79054],
							"lerp_mode": "catmullrom"
						},
						"5.3333": {
							"post": [-13.445, -1.11, -1.425],
							"lerp_mode": "catmullrom"
						},
						"5.4": {
							"post": [-11.405, -1.11, 1.895],
							"lerp_mode": "catmullrom"
						},
						"5.5": {
							"post": [-11.4, -1.11, -2.23],
							"lerp_mode": "catmullrom"
						},
						"5.5667": {
							"post": [-11.4, -1.11, -3.31],
							"lerp_mode": "catmullrom"
						},
						"5.7667": {
							"post": [-11.24, -1.33, -3.52],
							"lerp_mode": "catmullrom"
						},
						"5.9333": {
							"post": [-2.60194, -1.44344, -3.99297],
							"lerp_mode": "catmullrom"
						},
						"6.1": {
							"post": [-0.25, -0.97, -7.5],
							"lerp_mode": "catmullrom"
						},
						"6.2667": {
							"post": [1.2, 0.12, -2.44],
							"lerp_mode": "catmullrom"
						},
						"6.3667": {
							"post": [0.58, 0.01, 3.52],
							"lerp_mode": "catmullrom"
						},
						"6.4667": {
							"post": [1.03, -0.25, 0.28],
							"lerp_mode": "catmullrom"
						},
						"6.5667": {
							"post": [0, 0, 0.75],
							"lerp_mode": "catmullrom"
						},
						"6.7": {
							"post": [0, 0, 0],
							"lerp_mode": "catmullrom"
						}
					},
					"position": {
						"0.0": [0, 0, 0],
						"0.2": [0.13, -1.9, 0.11],
						"0.4333": {
							"pre": [0.11, -1.72, 0.24],
							"post": [0.11, -1.72, 0.24],
							"lerp_mode": "catmullrom"
						},
						"0.7667": {
							"post": [-1.39, 0.825, 0.24],
							"lerp_mode": "catmullrom"
						},
						"0.9667": {
							"post": [-1.39, 0.425, 0.24],
							"lerp_mode": "catmullrom"
						},
						"1.5667": {
							"post": [-1.39, 0.265, 0.24],
							"lerp_mode": "catmullrom"
						},
						"1.9": {
							"post": [-1.39, 0.425, 0.24],
							"lerp_mode": "catmullrom"
						},
						"2.0667": {
							"post": [-1.39, -0.55, 0.24],
							"lerp_mode": "catmullrom"
						},
						"2.2667": {
							"post": [1.235, -0.495, 0.24],
							"lerp_mode": "catmullrom"
						},
						"2.4667": {
							"post": [3.505, -1.13, 0.24],
							"lerp_mode": "catmullrom"
						},
						"2.9667": {
							"post": [3.905, -1.53, 0.24],
							"lerp_mode": "catmullrom"
						},
						"3.5333": {
							"post": [3.905, -1.33, 0.24],
							"lerp_mode": "catmullrom"
						},
						"3.8333": {
							"post": [1.13, -0.26, 0.695],
							"lerp_mode": "catmullrom"
						},
						"4.0": {
							"post": [1.19, -0.5765, 1.5835],
							"lerp_mode": "catmullrom"
						},
						"4.1": {
							"post": [1.19, -0.5565, 1.5135],
							"lerp_mode": "catmullrom"
						},
						"4.4333": {
							"post": [1.19, -0.02, 2.345],
							"lerp_mode": "catmullrom"
						},
						"4.5667": [1.19, -1.085, 2.565],
						"4.7": {
							"pre": [1.19, -0.98, 2.52],
							"post": [1.19, -0.98, 2.52],
							"lerp_mode": "catmullrom"
						},
						"4.9667": {
							"post": [1.2, -1.09, 2.53],
							"lerp_mode": "catmullrom"
						},
						"5.3333": {
							"post": [1.22, -1.03, 2.51],
							"lerp_mode": "catmullrom"
						},
						"5.4": {
							"post": [1.22, -0.73, 2.195],
							"lerp_mode": "catmullrom"
						},
						"5.4667": {
							"post": [1.365, -0.73, 2.2],
							"lerp_mode": "catmullrom"
						},
						"5.5667": {
							"post": [1.295, -0.73, 2.2],
							"lerp_mode": "catmullrom"
						},
						"5.7": {
							"post": [0.85, -0.68, 1.805],
							"lerp_mode": "catmullrom"
						},
						"5.8667": {
							"post": [0.385, -0.425, -1.15],
							"lerp_mode": "catmullrom"
						},
						"6.1333": {
							"post": [0.16, -0.53, -1.325],
							"lerp_mode": "catmullrom"
						},
						"6.3333": {
							"post": [0.1, -0.36, 0.98],
							"lerp_mode": "catmullrom"
						},
						"6.4333": {
							"post": [0.07, -0.23, -0.22],
							"lerp_mode": "catmullrom"
						},
						"6.6": {
							"post": [-0.01, 0.02, 0.02],
							"lerp_mode": "catmullrom"
						},
						"6.6333": {
							"post": [0, 0.01, 0.01],
							"lerp_mode": "catmullrom"
						},
						"6.6667": {
							"post": [0, 0, 0],
							"lerp_mode": "catmullrom"
						},
						"6.7": {
							"post": [0, 0, 0],
							"lerp_mode": "catmullrom"
						}
					}
				},
				"magazine": {
					"rotation": {
						"4.5333": [0, 0, 0],
						"4.6333": [-19, 0, 0],
						"5.3333": [-19, 0, 0],
						"5.4": [0, 0, 0]
					}
				},
				"iron_down": {
					"rotation": {
						"4.5333": [0, 0, 0],
						"4.6333": [-19, 0, 0],
						"5.3333": [-19, 0, 0],
						"5.4": [0, 0, 0]
					}
				},
				"camera": {
					"rotation": {
						"0.0": {
							"post": [0, 0, 0],
							"lerp_mode": "catmullrom"
						},
						"0.7667": {
							"post": [-0.53, 0, 0.51],
							"lerp_mode": "catmullrom"
						},
						"0.9667": {
							"post": [-0.73, 0, 0.71],
							"lerp_mode": "catmullrom"
						},
						"1.1667": {
							"post": [-0.53, 0, 0.51],
							"lerp_mode": "catmullrom"
						},
						"1.3667": {
							"post": [-0.63, 0, 0.51],
							"lerp_mode": "catmullrom"
						},
						"2.0": {
							"post": [0.17, 0, -0.19],
							"lerp_mode": "catmullrom"
						},
						"2.3333": {
							"post": [-0.53, 0, 0.51],
							"lerp_mode": "catmullrom"
						},
						"2.5333": {
							"post": [-0.73, 0, 0.71],
							"lerp_mode": "catmullrom"
						},
						"2.7333": {
							"post": [-0.53, 0, 0.51],
							"lerp_mode": "catmullrom"
						},
						"2.9333": {
							"post": [-0.63, 0, 0.51],
							"lerp_mode": "catmullrom"
						},
						"3.4333": {
							"post": [-0.63, 0, 0.51],
							"lerp_mode": "catmullrom"
						},
						"4.3": {
							"post": [-0.15, -0.31, 0.62],
							"lerp_mode": "catmullrom"
						},
						"4.4333": {
							"post": [0.18, -0.2, 0.4],
							"lerp_mode": "catmullrom"
						},
						"4.6": {
							"post": [0.18, 0, 0.1],
							"lerp_mode": "catmullrom"
						},
						"4.7667": {
							"post": [0.18, 0.485, 0.1],
							"lerp_mode": "catmullrom"
						},
						"5.2333": {
							"post": [-0.05, 0, -0.15],
							"lerp_mode": "catmullrom"
						},
						"5.4": {
							"post": [-0.875, 0, -0.15],
							"lerp_mode": "catmullrom"
						},
						"5.5667": {
							"post": [0.62, 0, -0.725],
							"lerp_mode": "catmullrom"
						},
						"6.0667": {
							"post": [0.3, 0.18, -0.61],
							"lerp_mode": "catmullrom"
						},
						"6.2667": {
							"post": [-0.21, 0.08, 0.21],
							"lerp_mode": "catmullrom"
						},
						"6.3667": {
							"post": [0.29, 0.02, -0.37],
							"lerp_mode": "catmullrom"
						},
						"6.4667": {
							"post": [0.01, 0, 0.3],
							"lerp_mode": "catmullrom"
						},
						"6.6667": {
							"post": [0, 0, 0],
							"lerp_mode": "catmullrom"
						}
					}
				}
			},
			"sound_effects": {
				"0.0": {
					"effect": "ccrp:hk21/p02_lm_kilo21_inspect_raise"
				},
				"1.8333": {
					"effect": "ccrp:hk21/p02_lm_kilo21_inspect_rotate"
				},
				"3.2667": {
					"effect": "ccrp:hk21/p02_lm_kilo21_inspect_ammomvmnt"
				},
				"4.3": {
					"effect": "ccrp:hk21/p02_lm_kilo21_inspect_magout"
				},
				"5.0667": {
					"effect": "ccrp:hk21/p02_lm_kilo21_inspect_magin"
				},
				"5.3333": {
					"effect": "ccrp:hk21/p02_lm_kilo21_inspect_end"
				}
			}
		},
		"inspect_empty": {
			"animation_length": 6.7667,
			"bones": {
				"lefthand": {
					"rotation": {
						"0.0": [89.58664, -42.11197, 210.47069],
						"0.3333": [109.79003, 1.43589, 124.41385],
						"0.8667": [109.79003, 1.43589, 124.41385],
						"0.9": [124.79, 1.44, 124.41],
						"1.0": [124.36008, 20.05835, 128.25019],
						"1.3667": [116.66, 0.25, 154.58],
						"1.7": [116.66, 0.25, 154.58],
						"1.7667": [96.66, 0.25, 154.58],
						"1.9": [96.66, 0.25, 154.58],
						"2.2333": [96.66, 0.25, 154.58],
						"2.4333": [49.75319, -21.2606, 259.88699],
						"4.1": [49.75319, -21.2606, 259.88699],
						"4.3333": [96.66, 0.25, 154.58],
						"5.7333": [96.66, 0.25, 154.58],
						"6.0": [89.58664, -42.11197, 210.47069]
					},
					"position": {
						"0.0": [7.5, -14.94, -4.5],
						"0.3333": [9.26, -14.16, 3.5],
						"0.8667": [9.26, -14.16, 3.5],
						"0.9": [9.26, -14.16, 3.5],
						"1.0": [9.26, -15.12, 2.73],
						"1.2": [10.26, -15.15, 1.73],
						"1.3667": [11.26, -17.12, 0.73],
						"1.7": [11.26, -17.12, 0.73],
						"1.7667": [11.26, -15.62, 1.675],
						"1.9": [11.26, -15.62, 1.675],
						"2.2333": [11.26, -15.62, 1.675],
						"2.4333": [9.13, -20.9, 2.085],
						"4.1": [9.13, -20.9, 2.085],
						"4.3333": [11.26, -15.62, 1.675],
						"5.7333": [11.26, -15.62, 1.675],
						"6.0": [7.5, -14.94, -4.5]
					},
					"scale": [1, 1.5, 1]
				},
				"righthand": {
					"rotation": {
						"0.0": [92.5, -355, -180],
						"1.8": [92.5, -355, -180]
					},
					"position": {
						"0.0": [-6.25, -17, 10],
						"1.8": [-6.25, -17, 10]
					},
					"scale": [1, 1.5, 1]
				},
				"constraint": {
					"rotation": [0.2, 0.2, 0.2],
					"position": [0.2, 0.2, 0.2]
				},
				"guider": {
					"scale": 0.01
				},
				"root": {
					"rotation": {
						"0.0": [0, 0, 0],
						"0.1333": [-7.67, -1.14, 0],
						"0.3333": {
							"pre": [-5.67244, -1.26439, 0.06992],
							"post": [-5.67244, -1.26439, 0.06992],
							"lerp_mode": "catmullrom"
						},
						"0.4667": {
							"post": [-6.6, -1.455, 1.17],
							"lerp_mode": "catmullrom"
						},
						"0.8333": {
							"post": [-9.22, -0.89, -0.19],
							"lerp_mode": "catmullrom"
						},
						"0.9333": {
							"post": [-12.24, -0.89, -0.305],
							"lerp_mode": "catmullrom"
						},
						"1.0667": {
							"post": [-13.46, -0.89, -1.535],
							"lerp_mode": "catmullrom"
						},
						"1.4": {
							"post": [-11.67554, -0.80776, -0.79054],
							"lerp_mode": "catmullrom"
						},
						"1.7": {
							"post": [-13.445, -1.11, -1.425],
							"lerp_mode": "catmullrom"
						},
						"1.7667": {
							"post": [-11.405, -1.11, 1.895],
							"lerp_mode": "catmullrom"
						},
						"1.8667": {
							"post": [-11.4, -1.11, -2.23],
							"lerp_mode": "catmullrom"
						},
						"1.9333": {
							"post": [-11.4, -1.11, -3.31],
							"lerp_mode": "catmullrom"
						},
						"2.3333": {
							"post": [-16.095, -1.11, -3.31],
							"lerp_mode": "catmullrom"
						},
						"2.6": {
							"post": [0.5824, -3.97594, 6.07696],
							"lerp_mode": "catmullrom"
						},
						"2.9": {
							"post": [-7.67019, -3.79611, -4.94392],
							"lerp_mode": "catmullrom"
						},
						"3.1": {
							"post": [-6.79731, -3.49623, -2.95857],
							"lerp_mode": "catmullrom"
						},
						"3.5333": {
							"post": [-6.51859, -3.59406, -3.81537],
							"lerp_mode": "catmullrom"
						},
						"3.8333": {
							"post": [-6.79731, -3.49623, -2.95857],
							"lerp_mode": "catmullrom"
						},
						"4.0": {
							"post": [-9.8, -3.5, -2.96],
							"lerp_mode": "catmullrom"
						},
						"4.1667": {
							"post": [-5.31879, -1.30818, 9.35798],
							"lerp_mode": "catmullrom"
						},
						"4.4333": {
							"post": [-7.44784, -1.48599, 53.13496],
							"lerp_mode": "catmullrom"
						},
						"5.0667": {
							"post": [-7.39053, 0.235, 50.88863],
							"lerp_mode": "catmullrom"
						},
						"5.7": {
							"post": [-7.39053, 0.235, 50.88863],
							"lerp_mode": "catmullrom"
						},
						"5.9667": {
							"post": [-2.60194, -1.44344, -3.99297],
							"lerp_mode": "catmullrom"
						},
						"6.1333": {
							"post": [-0.25, -0.97, -7.5],
							"lerp_mode": "catmullrom"
						},
						"6.3": {
							"post": [1.2, 0.12, -2.44],
							"lerp_mode": "catmullrom"
						},
						"6.4": {
							"post": [0.58, 0.01, 3.52],
							"lerp_mode": "catmullrom"
						},
						"6.5": {
							"post": [1.03, -0.25, 0.28],
							"lerp_mode": "catmullrom"
						},
						"6.6": {
							"post": [0, 0, 0.75],
							"lerp_mode": "catmullrom"
						},
						"6.7333": {
							"post": [0, 0, 0],
							"lerp_mode": "catmullrom"
						}
					},
					"position": {
						"0.0": [0, 0, 0],
						"0.2": {
							"pre": [1.13, -0.26, 0.695],
							"post": [1.13, -0.26, 0.695],
							"lerp_mode": "catmullrom"
						},
						"0.3667": {
							"post": [1.19, -2.3065, 1.5835],
							"lerp_mode": "catmullrom"
						},
						"0.4667": {
							"post": [1.19, -2.2865, 1.5135],
							"lerp_mode": "catmullrom"
						},
						"0.8": {
							"post": [1.19, -1.75, 2.345],
							"lerp_mode": "catmullrom"
						},
						"0.9333": [1.19, -2.815, 2.565],
						"1.0667": {
							"pre": [1.19, -2.71, 2.52],
							"post": [1.19, -2.71, 2.52],
							"lerp_mode": "catmullrom"
						},
						"1.3333": {
							"post": [1.2, -2.82, 2.53],
							"lerp_mode": "catmullrom"
						},
						"1.7": {
							"post": [1.22, -2.76, 2.51],
							"lerp_mode": "catmullrom"
						},
						"1.7667": {
							"post": [1.22, -2.46, 2.195],
							"lerp_mode": "catmullrom"
						},
						"1.8333": {
							"post": [1.365, -2.46, 2.2],
							"lerp_mode": "catmullrom"
						},
						"1.9333": {
							"post": [1.295, -2.46, 2.2],
							"lerp_mode": "catmullrom"
						},
						"2.2": {
							"post": [1.295, -3.37, 2.955],
							"lerp_mode": "catmullrom"
						},
						"2.6333": {
							"post": [0.11, -1.72, 0.24],
							"lerp_mode": "catmullrom"
						},
						"2.9333": {
							"post": [-1.39, 0.825, 0.24],
							"lerp_mode": "catmullrom"
						},
						"3.1333": {
							"post": [-1.39, 0.425, 0.24],
							"lerp_mode": "catmullrom"
						},
						"3.5333": {
							"post": [-1.39, 0.265, 0.24],
							"lerp_mode": "catmullrom"
						},
						"3.8667": {
							"post": [-1.39, 0.425, 0.24],
							"lerp_mode": "catmullrom"
						},
						"4.0333": {
							"post": [-1.39, -0.55, 0.24],
							"lerp_mode": "catmullrom"
						},
						"4.2333": {
							"post": [1.235, -0.495, 0.24],
							"lerp_mode": "catmullrom"
						},
						"4.4333": {
							"post": [3.505, -1.13, 0.24],
							"lerp_mode": "catmullrom"
						},
						"4.6667": {
							"post": [3.905, -1.53, 0.24],
							"lerp_mode": "catmullrom"
						},
						"4.9": {
							"post": [3.905, -1.33, 0.24],
							"lerp_mode": "catmullrom"
						},
						"5.7": {
							"post": [3.905, -1.33, 0.24],
							"lerp_mode": "catmullrom"
						},
						"5.9": {
							"post": [0.385, -2.155, -1.15],
							"lerp_mode": "catmullrom"
						},
						"6.1667": {
							"post": [0.16, -0.53, -1.325],
							"lerp_mode": "catmullrom"
						},
						"6.3667": {
							"post": [0.1, -0.36, 0.98],
							"lerp_mode": "catmullrom"
						},
						"6.4667": {
							"post": [0.07, -0.23, -0.22],
							"lerp_mode": "catmullrom"
						},
						"6.6333": {
							"post": [-0.01, 0.02, 0.02],
							"lerp_mode": "catmullrom"
						},
						"6.6667": {
							"post": [0, 0.01, 0.01],
							"lerp_mode": "catmullrom"
						},
						"6.7": {
							"post": [0, 0, 0],
							"lerp_mode": "catmullrom"
						},
						"6.7333": {
							"post": [0, 0, 0],
							"lerp_mode": "catmullrom"
						}
					}
				},
				"magazine": {
					"rotation": {
						"0.9": [0, 0, 0],
						"1.0": [-19, 0, 0],
						"1.7": [-19, 0, 0],
						"1.7667": [0, 0, 0]
					}
				},
				"iron_down": {
					"rotation": {
						"0.9": [0, 0, 0],
						"1.0": [-19, 0, 0],
						"1.7": [-19, 0, 0],
						"1.7667": [0, 0, 0]
					}
				},
				"chain_anim": {
					"scale": 0
				},
				"camera": {
					"rotation": {
						"0.0": [0, 0, 0],
						"0.7": {
							"pre": [-0.15, -0.31, 0.62],
							"post": [-0.15, -0.31, 0.62],
							"lerp_mode": "catmullrom"
						},
						"0.8333": {
							"post": [0.18, -0.2, 0.4],
							"lerp_mode": "catmullrom"
						},
						"1.0": {
							"post": [0.18, 0, 0.1],
							"lerp_mode": "catmullrom"
						},
						"1.1667": {
							"post": [0.18, 0.485, 0.1],
							"lerp_mode": "catmullrom"
						},
						"1.6333": {
							"post": [-0.05, 0, -0.15],
							"lerp_mode": "catmullrom"
						},
						"1.8": {
							"post": [-0.875, 0, -0.15],
							"lerp_mode": "catmullrom"
						},
						"1.9667": {
							"post": [-0.895, 0, -0.725],
							"lerp_mode": "catmullrom"
						},
						"2.5": {
							"post": [-0.53, 0, 0.51],
							"lerp_mode": "catmullrom"
						},
						"2.7": {
							"post": [-0.73, 0, 0.71],
							"lerp_mode": "catmullrom"
						},
						"2.9": {
							"post": [-0.53, 0, 0.51],
							"lerp_mode": "catmullrom"
						},
						"3.1": {
							"post": [-0.63, 0, 0.51],
							"lerp_mode": "catmullrom"
						},
						"3.7333": {
							"post": [0.17, 0, -0.19],
							"lerp_mode": "catmullrom"
						},
						"4.0667": {
							"post": [-0.53, 0, 0.51],
							"lerp_mode": "catmullrom"
						},
						"4.2667": {
							"post": [-0.73, 0, 0.71],
							"lerp_mode": "catmullrom"
						},
						"4.4667": {
							"post": [-0.53, 0, 0.51],
							"lerp_mode": "catmullrom"
						},
						"4.6667": {
							"post": [-0.63, 0, 0.51],
							"lerp_mode": "catmullrom"
						},
						"5.1667": {
							"post": [-0.63, 0, 0.51],
							"lerp_mode": "catmullrom"
						},
						"5.3333": {
							"post": [-0.05, 0, -0.15],
							"lerp_mode": "catmullrom"
						},
						"5.5": {
							"post": [-0.875, 0, -0.15],
							"lerp_mode": "catmullrom"
						},
						"5.6667": {
							"post": [0.62, 0, -0.725],
							"lerp_mode": "catmullrom"
						},
						"6.1667": {
							"post": [0.3, 0.18, -0.61],
							"lerp_mode": "catmullrom"
						},
						"6.3667": {
							"post": [-0.21, 0.08, 0.21],
							"lerp_mode": "catmullrom"
						},
						"6.4667": {
							"post": [0.29, 0.02, -0.37],
							"lerp_mode": "catmullrom"
						},
						"6.5667": {
							"post": [0.01, 0, 0.3],
							"lerp_mode": "catmullrom"
						},
						"6.7667": {
							"post": [0, 0, 0],
							"lerp_mode": "catmullrom"
						}
					}
				}
			},
			"sound_effects": {
				"0.0": {
					"effect": "ccrp:hk21/p02_lm_kilo21_inspect_raise"
				},
				"0.7": {
					"effect": "ccrp:hk21/p02_lm_kilo21_inspect_magout"
				},
				"1.1667": {
					"effect": "ccrp:hk21/p02_lm_kilo21_inspect_grab"
				},
				"1.6333": {
					"effect": "ccrp:hk21/p02_lm_kilo21_inspect_magin"
				},
				"2.5": {
					"effect": "ccrp:hk21/p02_lm_kilo21_inspect_ammomvmnt"
				},
				"3.7333": {
					"effect": "ccrp:hk21/p02_lm_kilo21_inspect_rotate"
				},
				"5.2667": {
					"effect": "ccrp:hk21/p02_lm_kilo21_inspect_end"
				}
			}
		},
		"shoot": {
			"animation_length": 0.7667,
			"bones": {
				"constraint": {
					"rotation": {
						"0.1667": [0.03, 0.2, 0.2],
						"0.3667": [0, 0, 0]
					},
					"position": {
						"0.1667": [0.15, 0.15, 0.1],
						"0.3667": [0, 0, 0]
					}
				},
				"root": {
					"rotation": {
						"0.0": [0, 0, 0],
						"0.0333": [1.08, 0, -1.4],
						"0.0667": [-1.84, 0, 1.23],
						"0.1": [-1.4, 0, -0.92],
						"0.1333": [-0.81, 0, -0.57],
						"0.1667": [-0.07, 0, 0.21],
						"0.2": [0.4, 0, 0.7],
						"0.2333": [0.42, 0, 0.65],
						"0.2667": [0.11, 0, 0.13],
						"0.3": [-0.08, 0, -0.15],
						"0.3333": [-0.17, 0, -0.3],
						"0.3667": [-0.17, 0, -0.31],
						"0.4": [-0.02, 0, -0.11],
						"0.4333": [0.06, 0, 0.01],
						"0.4667": [0.11, 0, 0.08],
						"0.5": [0.11, 0, 0.09],
						"0.5333": [0.08, 0, 0.05],
						"0.5667": [0.05, 0, 0.02],
						"0.6": [0.04, 0, 0],
						"0.6333": [0.03, 0, 0],
						"0.6667": [0.01, 0, 0],
						"0.7": [0, 0, 0],
						"0.7333": [0, 0, 0]
					},
					"position": {
						"0.0": [0, 0, 0],
						"0.0333": [0, -0.1, 1.9],
						"0.0667": [0, -0.1, 2.1],
						"0.1": [0, -0.09, 1.3],
						"0.1333": [0, -0.05, -0.57],
						"0.1667": [0, -0.05, -0.62],
						"0.2": [0, -0.04, -0.38],
						"0.2333": [0, -0.05, 0.13],
						"0.2667": [0, -0.06, 0.15],
						"0.3": [0, -0.07, 0.13],
						"0.3333": [0, -0.09, 0.08],
						"0.3667": [0, -0.11, 0],
						"0.4": [0, -0.1, 0],
						"0.4333": [0, -0.08, 0.01],
						"0.4667": [0, -0.06, 0.02],
						"0.5": [0, -0.01, 0.04],
						"0.5333": [0, -0.01, 0.04],
						"0.5667": [0, 0, 0.03],
						"0.6": [0, 0, 0.02],
						"0.6333": [0, 0, 0.01],
						"0.6667": [0, 0, 0],
						"0.7": [0, 0, 0],
						"0.7333": [0, 0, 0],
						"0.7667": [0, 0, 0]
					}
				},
				"chain_anim": {
					"rotation": {
						"0.0": [0, 0, 4.235],
						"0.1": [2.345, 0, 0],
						"0.1667": [0, 0, 1.685],
						"0.2333": [0.705, 0, -0.58],
						"0.3333": [0, 0, 1.005],
						"0.4667": [0, 0, 0]
					},
					"position": {
						"0.0": [0.155, 0, 0],
						"0.1": [0, 0, 0],
						"0.1667": [0.185, 0.08, 0],
						"0.2333": [-0.10625, -0.0325, 0],
						"0.3333": [0.1325, 0.0575, 0],
						"0.4667": [0, 0, 0]
					}
				},
				"bullet_chain_2": {
					"scale": 0
				},
				"camera": {
					"rotation": {
						"0.0": [0, 0, 0],
						"0.0333": [0, 0, 1.27],
						"0.0667": [0, 0, -1.02],
						"0.1": [0, 0, -0.27],
						"0.1333": [0, 0, 0.65],
						"0.1667": [0, 0, 0.28],
						"0.2": [0, 0, -0.25],
						"0.2333": [0, 0, -0.08],
						"0.2667": [0, 0, 0.18],
						"0.3": [0, 0, 0.15],
						"0.3333": [0, 0, 0.07],
						"0.3667": [0, 0, 0]
					}
				},
				"bone153": {
					"position": {
						"0.0": [0, 0, 0],
						"0.0333": [0, 0, 3],
						"0.0667": [0, 0, 3],
						"0.1333": [0, 0, 0]
					}
				}
			}
		},
		"static_bolt_caught": {
			"loop": true,
			"bones": {
				"chain_anim": {
					"scale": 0
				}
			}
		},
		"draw": {
			"animation_length": 1.3333,
			"bones": {
				"lefthand": {
					"rotation": {
						"0.0": [45.22326, -45.45422, 206.85946],
						"0.3": [89.58664, -42.11197, 210.47069]
					},
					"position": {
						"0.0": [13.22, -21.925, 7.625],
						"0.3": [7.5, -14.94, -4.5]
					},
					"scale": [1, 1.5, 1]
				},
				"righthand": {
					"rotation": [92.5, -355, -180],
					"position": [-6.25, -17, 10],
					"scale": [1, 1.5, 1]
				},
				"constraint": {
					"rotation": [0.2, 0.2, 0.2],
					"position": [0.2, 0.2, 0.2]
				},
				"guider": {
					"scale": 0.01
				},
				"root": {
					"rotation": {
						"0.0": [-106.51189, -22.48392, 9.41779],
						"0.2333": [-52.59389, -13.40941, -2.66565],
						"0.3333": [-35.13359, -5.12707, 0.31771],
						"0.4333": [-18.89497, -6.50028, -7.19254],
						"0.6333": {
							"pre": [-6.93224, -3.20987, 0.9386],
							"post": [-6.93224, -3.20987, 0.9386],
							"lerp_mode": "catmullrom"
						},
						"0.8667": {
							"post": [-7.935, -0.44, -1.31],
							"lerp_mode": "catmullrom"
						},
						"0.9333": {
							"post": [-4.2466, 0.01741, -1.49817],
							"lerp_mode": "catmullrom"
						},
						"1.0333": {
							"post": [0.3296, -0.02576, 2.32998],
							"lerp_mode": "catmullrom"
						},
						"1.1333": {
							"post": [0, 0, 2],
							"lerp_mode": "catmullrom"
						},
						"1.3": {
							"post": [0, 0, 0],
							"lerp_mode": "catmullrom"
						}
					},
					"position": {
						"0.0": [-17, -31, 15],
						"0.2": [-6.05, -11.1, 4.67],
						"0.3333": {
							"pre": [-0.5, -2.7, 1.9],
							"post": [-0.5, -2.7, 1.9],
							"lerp_mode": "catmullrom"
						},
						"0.6333": {
							"post": [-0.02, -3.15, 1.76],
							"lerp_mode": "catmullrom"
						},
						"0.8667": {
							"post": [0, -1.01, -0.25],
							"lerp_mode": "catmullrom"
						},
						"0.9333": {
							"post": [0, -0.6, -0.5],
							"lerp_mode": "catmullrom"
						},
						"1.0333": {
							"post": [0, -0.08, 1.26],
							"lerp_mode": "catmullrom"
						},
						"1.1": {
							"post": [0, -0.19, 0.51],
							"lerp_mode": "catmullrom"
						},
						"1.2333": {
							"post": [0, 0, 0],
							"lerp_mode": "catmullrom"
						}
					}
				},
				"camera": {
					"rotation": {
						"0.0": {
							"post": [0, 0, 0],
							"lerp_mode": "catmullrom"
						},
						"0.3": {
							"post": [-1.175, 0.325, -0.7],
							"lerp_mode": "catmullrom"
						},
						"0.5333": {
							"post": [0.88, -0.025, -0.925],
							"lerp_mode": "catmullrom"
						},
						"0.8333": {
							"post": [-0.245, 0.025, 0.175],
							"lerp_mode": "catmullrom"
						},
						"0.9333": {
							"post": [0.15, 0, -0.2],
							"lerp_mode": "catmullrom"
						},
						"1.0": {
							"post": [0.02, 0, -0.08],
							"lerp_mode": "catmullrom"
						},
						"1.0667": {
							"post": [-0.15, 0, 0.3],
							"lerp_mode": "catmullrom"
						},
						"1.1667": {
							"post": [-0.06, 0, -0.205],
							"lerp_mode": "catmullrom"
						},
						"1.2667": {
							"post": [0, 0, 0],
							"lerp_mode": "catmullrom"
						}
					}
				}
			},
			"sound_effects": {
				"0.2333": {
					"effect": "ccrp:hk21/p02_lm_kilo21_raise"
				}
			}
		},
		"put_away": {
			"animation_length": 0.8667,
			"bones": {
				"root": {
					"rotation": {
						"0.0": {
							"post": [0, 0, 0],
							"lerp_mode": "catmullrom"
						},
						"0.1667": {
							"post": [-4.53, -1.25, -1.42],
							"lerp_mode": "catmullrom"
						},
						"0.3333": {
							"post": [-27.15, -7.52, -8.53],
							"lerp_mode": "catmullrom"
						},
						"0.4333": {
							"post": [-40.73045, -11.28181, -12.80042],
							"lerp_mode": "catmullrom"
						},
						"0.5333": {
							"post": [-51.25268, -7.98916, -16.98839],
							"lerp_mode": "catmullrom"
						},
						"0.6667": {
							"post": [-59.1046, 20.10068, 0.608],
							"lerp_mode": "catmullrom"
						},
						"0.7667": {
							"post": [-67.12, 33.68, 8.77],
							"lerp_mode": "catmullrom"
						},
						"0.8667": {
							"post": [-74.38, 35.33, 10.02],
							"lerp_mode": "catmullrom"
						}
					},
					"position": {
						"0.0": {
							"post": [0, 0, 0],
							"lerp_mode": "catmullrom"
						},
						"0.1667": {
							"post": [-0.38, -0.89, 0.09],
							"lerp_mode": "catmullrom"
						},
						"0.3333": {
							"post": [-1.325, -1.5, 0.28],
							"lerp_mode": "catmullrom"
						},
						"0.4333": {
							"post": [-1.95, -2.9, 1.95],
							"lerp_mode": "catmullrom"
						},
						"0.5333": {
							"post": [-2.2, -4.555, 4.37],
							"lerp_mode": "catmullrom"
						},
						"0.7": {
							"post": [-4.7, -8.48, 7.94],
							"lerp_mode": "catmullrom"
						},
						"0.8667": {
							"post": [-7.59, -13.82, 14.07],
							"lerp_mode": "catmullrom"
						}
					}
				},
				"lefthand": {
					"rotation": [89.58664, -42.11197, 210.47069],
					"position": {
						"0.0": [7.5, -14.94, -4.5],
						"0.3": [6, -16.94, -4.5]
					},
					"scale": [1, 1.5, 1]
				},
				"righthand": {
					"rotation": {
						"0.0": [92.5, -355, -180],
						"0.1": [101.2139, -323.71163, -174.99863],
						"0.2333": [99.92205, -324.96551, -168.50279],
						"0.5667": [101.48941, -375.72158, -1.01416],
						"0.6667": [134.2185, -345.09581, -33.36169],
						"0.8667": [131.93942, -347.49859, -38.54941]
					},
					"position": {
						"0.0": [-6.25, -17, 10],
						"0.1": [-11.4, -15.425, 6],
						"0.2333": [-9.38656, -8.07425, 7.05538],
						"0.3667": [-4.83735, -3.87436, 7.75939],
						"0.4667": [-2.14866, -7.06411, 1.38744],
						"0.5667": [-2.36662, -9.54845, -4.43353],
						"0.6667": [-3.50353, -7.0548, -5.75069],
						"0.8667": [-3.34854, -8.15579, -8.65617]
					},
					"scale": [1, 1.5, 1]
				},
				"camera": {
					"rotation": {
						"0.0": {
							"post": [0, 0, 0],
							"lerp_mode": "catmullrom"
						},
						"0.1333": {
							"post": [-0.225, 0, -0.125],
							"lerp_mode": "catmullrom"
						},
						"0.3667": {
							"post": [0.725, 0, 0.175],
							"lerp_mode": "catmullrom"
						},
						"0.5": {
							"post": [1.125, 0, 1.575],
							"lerp_mode": "catmullrom"
						},
						"0.7333": {
							"post": [0.275, 0, 1.5],
							"lerp_mode": "catmullrom"
						},
						"0.8667": {
							"post": [0, 0, 0],
							"lerp_mode": "catmullrom"
						}
					}
				}
			},
			"sound_effects": {
				"0.0": {
					"effect": "ccrp:hk21/p02_lm_kilo21_drop"
				}
			}
		},
		"static_ammo_display": {
			"animation_length": 4.5,
			"bones": {
				"1": {
					"scale": {
						"0.0": [1, 1, 1],
						"1.4": {
							"pre": [1, 1, 1],
							"post": [0, 0, 0]
						}
					}
				},
				"2": {
					"scale": {
						"0.0": [1, 1, 1],
						"0.5": {
							"pre": [1, 1, 1],
							"post": [0, 0, 0]
						}
					}
				},
				"3": {
					"scale": {
						"0.0": [1, 1, 1],
						"0.5": {
							"pre": [1, 1, 1],
							"post": [0, 0, 0]
						}
					}
				},
				"4": {
					"scale": {
						"0.0": [1, 1, 1],
						"1.0": {
							"pre": [1, 1, 1],
							"post": [0, 0, 0]
						}
					}
				},
				"5": {
					"scale": {
						"0.0": [1, 1, 1],
						"1.5": {
							"pre": [1, 1, 1],
							"post": [0, 0, 0]
						}
					}
				},
				"6": {
					"scale": {
						"0.0": [1, 1, 1],
						"2.0": {
							"pre": [1, 1, 1],
							"post": [0, 0, 0]
						}
					}
				},
				"7": {
					"scale": {
						"0.0": [1, 1, 1],
						"2.5": {
							"pre": [1, 1, 1],
							"post": [0, 0, 0]
						}
					}
				},
				"8": {
					"scale": {
						"0.0": [1, 1, 1],
						"2.9": {
							"pre": [1, 1, 1],
							"post": [0, 0, 0]
						}
					}
				},
				"9": {
					"scale": {
						"0.0": [1, 1, 1],
						"3.4": {
							"pre": [1, 1, 1],
							"post": [0, 0, 0]
						}
					}
				},
				"11": {
					"scale": {
						"0.0": [1, 1, 1],
						"2.0": {
							"pre": [1, 1, 1],
							"post": [0, 0, 0]
						}
					}
				},
				"12": {
					"scale": {
						"0.0": [1, 1, 1],
						"2.5": {
							"pre": [1, 1, 1],
							"post": [0, 0, 0]
						}
					}
				},
				"13": {
					"scale": {
						"0.0": [1, 1, 1],
						"3.0": {
							"pre": [1, 1, 1],
							"post": [0, 0, 0]
						}
					}
				},
				"14": {
					"scale": {
						"0.0": [1, 1, 1],
						"3.5": {
							"pre": [1, 1, 1],
							"post": [0, 0, 0]
						}
					}
				},
				"15": {
					"scale": {
						"0.0": [1, 1, 1],
						"4.0": {
							"pre": [1, 1, 1],
							"post": [0, 0, 0]
						}
					}
				},
				"lefthand": {
					"rotation": [89.58664, -42.11197, 210.47069],
					"position": [7.5, -14.94, -4.5],
					"scale": [1, 1.5, 1]
				},
				"righthand": {
					"rotation": [92.5, -355, -180],
					"position": [-6.25, -17, 10],
					"scale": [1, 1.5, 1]
				},
				"constraint": {
					"rotation": [0.2, 0.2, 0.2],
					"position": [0.2, 0.2, 0.2]
				},
				"bullet_chain_2": {
					"scale": 0
				},
				"belt_7": {
					"scale": {
						"0.0": [1, 1, 1],
						"3.5": {
							"pre": [1, 1, 1],
							"post": [0, 0, 0]
						}
					}
				},
				"chain_anim": {
					"scale": {
						"0.0": [1, 1, 1],
						"3.9": {
							"pre": [1, 1, 1],
							"post": [0, 0, 0]
						}
					}
				},
				"1_bullets": {
					"scale": {
						"0.0": [1, 1, 1],
						"1.4": {
							"pre": [1, 1, 1],
							"post": [0, 0, 0]
						}
					}
				},
				"2_bullets": {
					"scale": {
						"0.0": [1, 1, 1],
						"0.5": {
							"pre": [1, 1, 1],
							"post": [0, 0, 0]
						}
					}
				},
				"3_bullets": {
					"scale": {
						"0.0": [1, 1, 1],
						"0.5": {
							"pre": [1, 1, 1],
							"post": [0, 0, 0]
						}
					}
				},
				"4_bullets": {
					"scale": {
						"0.0": [1, 1, 1],
						"1.0": {
							"pre": [1, 1, 1],
							"post": [0, 0, 0]
						}
					}
				},
				"5_bullets": {
					"scale": {
						"0.0": [1, 1, 1],
						"1.5": {
							"pre": [1, 1, 1],
							"post": [0, 0, 0]
						}
					}
				},
				"6_bullets": {
					"scale": {
						"0.0": [1, 1, 1],
						"2.0": {
							"pre": [1, 1, 1],
							"post": [0, 0, 0]
						}
					}
				},
				"7_bullets": {
					"scale": {
						"0.0": [1, 1, 1],
						"2.5": {
							"pre": [1, 1, 1],
							"post": [0, 0, 0]
						}
					}
				},
				"8_bullets": {
					"scale": {
						"0.0": [1, 1, 1],
						"2.9": {
							"pre": [1, 1, 1],
							"post": [0, 0, 0]
						}
					}
				},
				"9_bullets": {
					"scale": {
						"0.0": [1, 1, 1],
						"3.4": {
							"pre": [1, 1, 1],
							"post": [0, 0, 0]
						}
					}
				}
			}
		}
	}
}