{
	"format_version": "1.8.0",
	"animations": {
		"static_idle": {
			"animation_length": 0.05,
			"bones": {
				"lefthand": {
					"rotation": [81.63767, -21.82367, -128.45709],
					"position": [7.4, -15.2, -6.5],
					"scale": [1, 1.5, 1]
				},
				"righthand": {
					"rotation": [95, 0, -180],
					"position": [-6.2, -15, 7],
					"scale": [1, 1.5, 1]
				},
				"constraint": {
					"rotation": [0.2, 0.15, 0.2],
					"position": [0.1, 0.1, 0.4]
				}
			}
		},
		"static_bolt_caught": {
			"animation_length": 0.55,
			"bones": {
				"lefthand": {
					"rotation": [81.63767, -21.82367, -128.45709],
					"position": [7.4, -15.2, -6.5],
					"scale": [1, 1.5, 1]
				},
				"righthand": {
					"rotation": [95, 0, -180],
					"position": [-6.2, -15, 7],
					"scale": [1, 1.5, 1]
				},
				"boltrelease": {
					"position": [0, 0.1, 0]
				}
			}
		},
		"draw": {
			"loop": "hold_on_last_frame",
			"animation_length": 0.75,
			"bones": {
				"lefthand": {
					"rotation": {
						"0.05": [84.55606, -1.91886, -130.46016],
						"0.15": [84.28, -15.19, -129.13],
						"0.25": [92.28735, -29.81773, -128.79991],
						"0.35": [81.63767, -21.82367, -128.45709]
					},
					"position": {
						"0.05": [7.6, -28.9, -8],
						"0.15": [7.6, -20.23, -8],
						"0.25": [7.6, -16.5, -10.1],
						"0.35": [7.4, -15.2, -6.5]
					},
					"scale": [1, 1.5, 1]
				},
				"righthand": {
					"rotation": [95, 0, -180],
					"position": [-6.2, -15, 7],
					"scale": [1, 1.5, 1]
				},
				"root": {
					"rotation": {
						"0.0": [19.64807, -30.83866, 63.3425],
						"0.1": [21.19122, -14.40747, 12.59763],
						"0.2": [5.09, -6.61, 5.06],
						"0.3": [1.82144, 0.01118, 0.03752],
						"0.35": [-0.042, -0.4187, 4.03899],
						"0.45": {
							"pre": [0.14086, -0.97706, 1.04153],
							"post": [0.14086, -0.97706, 1.04153],
							"lerp_mode": "catmullrom"
						},
						"0.55": {
							"post": [-0.13, 0.1, 0],
							"lerp_mode": "catmullrom"
						},
						"0.7": [0, 0, 0]
					},
					"position": {
						"0.0": [3, -14, 0],
						"0.05": [2.1, -6, 0],
						"0.15": [1.5, -1.85, -0.2],
						"0.2": [1.05, -1.47, -0.7],
						"0.3": {
							"pre": [0.45, -0.86, -1.1],
							"post": [0.45, -0.86, -1.1],
							"lerp_mode": "catmullrom"
						},
						"0.35": {
							"post": [0.13, -0.35, -0.27],
							"lerp_mode": "catmullrom"
						},
						"0.4": {
							"post": [0, 0.17, 0.17],
							"lerp_mode": "catmullrom"
						},
						"0.45": {
							"post": [0, 0.08, -0.13],
							"lerp_mode": "catmullrom"
						},
						"0.55": [0, -0.01, -0.28],
						"0.65": [0, 0, 0]
					}
				},
				"camera": {
					"rotation": {
						"0.0": {
							"post": [0, 0, 0],
							"lerp_mode": "catmullrom"
						},
						"0.1": {
							"post": [1, 1, 0],
							"lerp_mode": "catmullrom"
						},
						"0.25": {
							"post": [1, 0, 1],
							"lerp_mode": "catmullrom"
						},
						"0.4": {
							"post": [-1, 0, 0],
							"lerp_mode": "catmullrom"
						},
						"0.5": {
							"post": [-0.49992, 0.00873, 0.99996],
							"lerp_mode": "catmullrom"
						},
						"0.65": {
							"post": [0, 0, 0],
							"lerp_mode": "catmullrom"
						}
					}
				}
			}
		},
		"put_away": {
			"loop": "hold_on_last_frame",
			"animation_length": 0.5,
			"bones": {
				"lefthand": {
					"rotation": [81.63767, -21.82367, -128.45709],
					"position": [7.4, -15.2, -6.5],
					"scale": [1, 1.5, 1]
				},
				"righthand": {
					"rotation": {
						"0.0": [95, 0, -180],
						"0.1167": [99.24832, 57.15935, -172.20989]
					},
					"position": [-6.2, -15, 7],
					"scale": [1, 1.5, 1]
				},
				"root": {
					"rotation": {
						"0.0": [0, 0, 0],
						"0.05": [0, -3, 6],
						"0.15": [-10.32567, -18.95265, -8.14869],
						"0.2": [-26.69, -18.04, 2.69],
						"0.3": [-36.96, -11.63, -10.34],
						"0.4": [-43.84, -7.53, -20.73],
						"0.5": [-47.31135, -5.75386, -28.4767]
					},
					"position": {
						"0.0": [0, 0, 0],
						"0.05": [0, 0, 0],
						"0.15": [1.6, 0.2, 0],
						"0.2": [4.17, -1.16, 0],
						"0.3": [10.63, -11.12, 1.93],
						"0.4": [19.92, -27.81, 5.6],
						"0.5": [27.5, -44.4, 9.1]
					}
				},
				"camera": {
					"rotation": {
						"0.0": [0, 0, 0],
						"0.1833": [-1.9997, 0.00061, 0.0349],
						"0.3167": [-1, -0.99878, 0.0698],
						"0.5": [0, 0, 0]
					}
				}
			}
		},
		"reload_tactical": {
			"animation_length": 2.45,
			"bones": {
				"lefthand": {
					"rotation": {
						"0.0": [81.63767, -21.82367, -128.45709],
						"0.0333": [83.52863, -32.75691, -127.13262],
						"0.1": [84.14, -21.82, -128.46],
						"0.1333": [82.27302, -22.58468, -126.11991],
						"0.8333": [82.27302, -22.58468, -126.11991],
						"0.9333": [98.15985, -25.58805, -110.01019],
						"1.6333": [98.15985, -25.58805, -110.01019],
						"1.7333": {
							"pre": [86.64, -19.43, -114.91],
							"post": [86.64, -19.43, -114.91],
							"lerp_mode": "catmullrom"
						},
						"1.8333": [81.63767, -21.82367, -128.45709]
					},
					"position": {
						"0.0": [7.4, -15.2, -6.5],
						"0.0333": [8.35, -17.175, -7.45],
						"0.1": [8.1, -18.2, -2.5],
						"0.1333": [7.685, -17.775, -0.875],
						"0.8333": [7.685, -17.775, -0.875],
						"0.9333": [7.585, -17.05, -1.225],
						"1.6333": [7.585, -17.05, -1.225],
						"1.7333": {
							"pre": [8.4, -17.75, -4.85],
							"post": [8.4, -17.75, -4.85],
							"lerp_mode": "catmullrom"
						},
						"1.8333": [7.4, -15.2, -6.5]
					},
					"scale": [1, 1.5, 1]
				},
				"righthand": {
					"rotation": {
						"0.0": [95, 0, -180],
						"0.1": [95.51385, 24.89837, -177.6727],
						"1.7667": [95.51385, 24.89837, -177.6727],
						"1.8667": [95, 0, -180]
					},
					"position": {
						"0.0": [-6.2, -15, 7],
						"0.1": [-6.2, -15, 7.7],
						"1.7667": [-6.2, -15, 7.7],
						"1.8667": [-6.2, -15, 7]
					},
					"scale": [1, 1.5, 1]
				},
				"root": {
					"rotation": {
						"0.0": [0, 0, 0],
						"0.0333": [1.29, 0.6, 0.52],
						"0.1333": [-3.32, -0.14, -6.98],
						"0.2": [-3.32, -0.14, -6.98],
						"0.2333": [-5.27, -0.59, -10.74],
						"0.3": [-7.85369, -1.35245, -16.40886],
						"0.3333": [-6.57698, -2.54259, -24.82703],
						"0.4": [-5.34473, -0.14114, -21.63336],
						"0.5": [-4.60386, -0.97126, -12.25364],
						"0.6": [-3.80667, -0.91096, -17.5262],
						"0.7333": {
							"pre": [-5.11281, -0.17645, -14.82654],
							"post": [-5.11281, -0.17645, -14.82654],
							"lerp_mode": "catmullrom"
						},
						"0.9": {
							"post": [-5.86, -0.34, -16.32],
							"lerp_mode": "catmullrom"
						},
						"0.9667": {
							"post": [-7.42, 0.36, -19.05],
							"lerp_mode": "catmullrom"
						},
						"1.0333": [-8.74329, 1.11452, -22.08781],
						"1.1333": {
							"pre": [-12.64096, -2.59262, -35.68603],
							"post": [-12.64096, -2.59262, -35.68603],
							"lerp_mode": "catmullrom"
						},
						"1.2333": {
							"post": [-13.30412, -3.87138, -41.56149],
							"lerp_mode": "catmullrom"
						},
						"1.3333": [-13.16462, -4.32806, -43.51726],
						"1.4": {
							"pre": [-13.21, -4.18, -42.87],
							"post": [-13.21, -4.18, -42.87],
							"lerp_mode": "catmullrom"
						},
						"1.4333": {
							"post": [-13.26092, -4.02376, -42.21555],
							"lerp_mode": "catmullrom"
						},
						"1.5": {
							"post": [-13.37351, 0.12101, -38.06253],
							"lerp_mode": "catmullrom"
						},
						"1.5333": {
							"post": [-14.22331, -2.21713, -43.14809],
							"lerp_mode": "catmullrom"
						},
						"1.6": {
							"post": [-15.38296, -2.04766, -38.5387],
							"lerp_mode": "catmullrom"
						},
						"1.6667": {
							"post": [-15.35382, -1.46806, -40.23593],
							"lerp_mode": "catmullrom"
						},
						"1.7667": [-7.87, -0.73, -15.76],
						"1.8667": [-0.37032, 0.39084, 0.10152],
						"1.9333": {
							"pre": [2.85846, -0.25261, 0.94987],
							"post": [2.85846, -0.25261, 0.94987],
							"lerp_mode": "catmullrom"
						},
						"1.9667": {
							"post": [2.29999, -0.18288, 0.4296],
							"lerp_mode": "catmullrom"
						},
						"2.0667": {
							"post": [-0.36337, -0.23485, 0.12572],
							"lerp_mode": "catmullrom"
						},
						"2.1333": {
							"post": [-0.2891, -0.33048, 1.24003],
							"lerp_mode": "catmullrom"
						},
						"2.2333": [0, 0.225, -0.225],
						"2.3333": [0, 0, 0.6625],
						"2.4333": [0, 0, 0]
					},
					"position": {
						"0.0": [0, 0, 0],
						"0.0667": [-0.07, -0.19, 0.15],
						"0.1333": [-0.16, 0.14, 0.32],
						"0.2": [-0.21, 0.4275, 0.42],
						"0.2333": [-0.2, 0.4, 0.4],
						"0.3333": [-0.4, 0.125, 0.4],
						"0.4333": [-0.53, -0.5175, 0.4],
						"0.5333": [-0.57, -0.425, 0.48],
						"0.7": {
							"pre": [-0.52, 0.2, 0.64],
							"post": [-0.52, 0.2, 0.64],
							"lerp_mode": "catmullrom"
						},
						"0.8": {
							"post": [-0.5, 0.21, 0.72],
							"lerp_mode": "catmullrom"
						},
						"0.9333": {
							"post": [-0.5, 0.125, 0.8],
							"lerp_mode": "catmullrom"
						},
						"1.0667": [-0.56, 0.245, 0.5],
						"1.2": [-0.8, 0.945, 0.7],
						"1.3": [-0.8, 1.115, 1],
						"1.4": [-0.8, 1.125, 1.075],
						"1.4333": [-0.8, 1.025, 1],
						"1.5333": [-0.8, 0.4, 1],
						"1.6333": [-0.9, 0.8, 1],
						"1.7333": [-0.9, 0.63, 0.5],
						"1.8333": [-0.3, -0.7, -1.07],
						"1.9333": {
							"pre": [0.2, -1.1, -1],
							"post": [0.2, -1.1, -1],
							"lerp_mode": "catmullrom"
						},
						"2.0333": [0, 0, 0.1625],
						"2.0667": [0, 0.07, 0.3],
						"2.1667": [0, -0.0625, -0.2],
						"2.3": [0, 0, 0.0625],
						"2.4333": [0, 0, 0]
					}
				},
				"magrelease": {
					"rotation": {
						"0.1333": [0, 0, 0],
						"0.2": [-25, 0, 0],
						"0.3333": [-25, 0, 0],
						"0.4": [0, 0, 0],
						"1.4333": [0, 0, 0],
						"1.5": [-25, 0, 0],
						"1.5667": [0, 0, 0]
					}
				},
				"additional_magazine": {
					"scale": {
						"0.0": [0, 0, 0],
						"2.2": {
							"pre": [0, 0, 0],
							"post": [1, 1, 1]
						}
					}
				},
				"mag_and_lefthand": {
					"rotation": {
						"0.2333": [0, 0, 0],
						"0.3": [-12.5, 0, 0],
						"0.3333": [-31.5, 0, 0],
						"0.4333": [-31.5, 0, 0],
						"1.1333": [-31.5, 0, 0],
						"1.2333": [-30.59287, -5.2529, -12.275],
						"1.3": [-17.87896, -3.70362, -8.5796],
						"1.3333": [-12.88, -3.7, -8.58],
						"1.4": [-18.88, -3.7, -8.58],
						"1.4333": [-4.88, -3.7, -8.58],
						"1.5": [0, 0, 0]
					},
					"position": {
						"0.2333": [0, 0, 0],
						"0.3": [0, -0.8, -0.8],
						"0.3333": [0, -1.6, -2.3],
						"0.4333": [0.4, -14.7, -3.7],
						"0.5333": [0.4, -23.5, 1.7],
						"1.1333": [0.4, -23.5, 1.7],
						"1.2333": [0.8, -7.1, -2.9],
						"1.3": [0.8, -2.1, -1.9],
						"1.3333": [0.8, -1.7, -1.22],
						"1.4": [0.8, -1.5, -1.7],
						"1.4333": [0.8, -1.5, -0.8],
						"1.5": [0, 0, 0]
					}
				},
				"bullet": {
					"scale": {
						"0.0": [0, 0, 0],
						"0.7": {
							"pre": [0, 0, 0],
							"post": [1, 1, 1]
						}
					}
				},
				"octagon18": {
					"scale": [1, 1, 1.03]
				},
				"constraint": {
					"rotation": {
						"0.0": [0.2, 0.15, 0.2],
						"0.3": [0.05, 0.05, 0.05],
						"1.6667": [0.05, 0.05, 0.05],
						"2.0667": [0.2, 0.15, 0.2]
					},
					"position": {
						"0.0": [0.1, 0.1, 0.4],
						"0.3": [0.05, 0.05, 0.05],
						"1.6667": [0.05, 0.05, 0.05],
						"2.0667": [0.1, 0.1, 0.4]
					}
				},
				"camera": {
					"rotation": {
						"0.0": {
							"post": [0, 0, 0],
							"lerp_mode": "catmullrom"
						},
						"0.1": {
							"post": [1.52, 0.28, -0.09],
							"lerp_mode": "catmullrom"
						},
						"0.2333": {
							"post": [2.40072, 0.69906, 0.04887],
							"lerp_mode": "catmullrom"
						},
						"0.3": {
							"post": [2.10701, 0.88443, 1.13978],
							"lerp_mode": "catmullrom"
						},
						"0.4": {
							"post": [1.37609, 0.97329, -0.82614],
							"lerp_mode": "catmullrom"
						},
						"0.5333": {
							"post": [1.66, 0.64, -0.225],
							"lerp_mode": "catmullrom"
						},
						"0.7333": {
							"post": [2.02506, 0.19994, 0.00698],
							"lerp_mode": "catmullrom"
						},
						"0.9333": {
							"post": [2.3, 0.05, -0.04],
							"lerp_mode": "catmullrom"
						},
						"1.0333": {
							"post": [2.65, 0.02, 0.36],
							"lerp_mode": "catmullrom"
						},
						"1.2": {
							"post": [2.63, 0.08, 0.81],
							"lerp_mode": "catmullrom"
						},
						"1.3": {
							"post": [2.44, 0.23, 1.05],
							"lerp_mode": "catmullrom"
						},
						"1.4": {
							"post": [2.20505, 0.18687, 1.11955],
							"lerp_mode": "catmullrom"
						},
						"1.5": {
							"post": [2.03005, 0.18687, 0.51955],
							"lerp_mode": "catmullrom"
						},
						"1.5333": {
							"post": [2.03511, 0.10372, 1.91782],
							"lerp_mode": "catmullrom"
						},
						"1.6333": {
							"post": [2.03005, 0.18687, 1.11955],
							"lerp_mode": "catmullrom"
						},
						"1.7667": {
							"post": [2.03294, 0.14531, 1.74369],
							"lerp_mode": "catmullrom"
						},
						"1.8667": {
							"post": [1.19, 0.08, 1.01],
							"lerp_mode": "catmullrom"
						},
						"1.9333": {
							"post": [0.4, 0.03, 0.67],
							"lerp_mode": "catmullrom"
						},
						"2.0333": {
							"post": [-0.3, 0, -0.15],
							"lerp_mode": "catmullrom"
						},
						"2.1667": [0.1, 0, 0.15],
						"2.3": [-0.075, 0, -0.01875],
						"2.4333": [0, 0, 0]
					}
				}
			},
			"sound_effects": {
				"0.2": {
					"effect": "p18_dm_mike14_reload_magout"
				},
				"1.2667": {
					"effect": "p18_dm_mike14_reload_maghit"
				},
				"1.5": {
					"effect": "p18_dm_mike14_reload_magin"
				},
				"1.5333": {
					"effect": "p18_dm_mike14_reload_movemnt"
				},
				"1.8667": {
					"effect": "p18_dm_mike14_reload_end"
				}
			}
		},
		"reload_empty": {
			"animation_length": 2.7,
			"bones": {
				"lefthand": {
					"rotation": {
						"0.0": [81.63767, -21.82367, -128.45709],
						"0.1": [137.55616, -32.28573, -221.22433],
						"0.3333": [95.80182, -30.60797, -111.83129],
						"0.6": [95.05648, -9.20174, -109.68037],
						"0.7333": [95.80182, -30.60797, -111.83129],
						"1.1333": [95.80182, -30.60797, -111.83129],
						"1.4333": [95.80182, -30.60797, -111.83129],
						"1.7": [93.71808, -70.66846, -91.71306],
						"1.7667": [96.26037, -78.64173, -94.33787],
						"1.8": [96.85511, -79.63347, -94.94595],
						"1.8667": [264.41424, -77.23873, -262.75239],
						"1.9333": [267.34954, -62.27346, -265.8563],
						"2.1": [68.30635, -57.68378, -90.15543],
						"2.2667": [81.63767, -21.82367, -128.45709]
					},
					"position": {
						"0.0": [7.4, -15.2, -6.5],
						"0.2": [7.535, -18.05, -2.05],
						"0.3333": [7.535, -17.5, -1.75],
						"1.4333": [7.535, -17.5, -1.75],
						"1.5": [7.335, -20.1, -0.97],
						"1.5667": [4.5, -22.15, 0.1],
						"1.6333": [3.3, -16.42, 0.41],
						"1.7": [2.7, -12.67, 0.25],
						"1.7667": [2.7, -12.47, 0.55],
						"1.8": [2.7, -12.47, 2.45],
						"1.8667": [2.7, -12.27, 6.35],
						"1.9333": [0.7, -12.47, 10.05],
						"2.0333": [3.66787, -21.43098, 6.28385],
						"2.1": [6.58101, -24.02268, 0.89922],
						"2.2": [8.85239, -17.98314, -4.78847],
						"2.2667": [7.4, -15.2, -6.5]
					},
					"scale": [1, 1.5, 1]
				},
				"righthand": {
					"rotation": {
						"0.0": [95, 0, -180],
						"0.1": [96.61242, 40.81074, -175.66736],
						"1.5333": [96.61, 40.81, -175.67],
						"1.6333": [95, 0, -180]
					},
					"position": {
						"0.0": [-6.2, -15, 7],
						"0.1": [-6.7, -15, 7.7],
						"1.5333": [-6.7, -15, 7.7],
						"1.6333": [-6.2, -15, 7]
					},
					"scale": [1, 1.5, 1]
				},
				"root": {
					"rotation": {
						"0.0": [0, 0, 0],
						"0.0667": [-3.76, -1.1, -6.47],
						"0.1667": [-10.125, -1.9, -15.53],
						"0.2333": [-13.14285, -2.39491, -20.82763],
						"0.3667": [-13.82282, -2.77888, -25.87342],
						"0.4333": [-14.69575, -4.33931, -29.56579],
						"0.5": [-16.72265, -4.72658, -30.49065],
						"0.5667": [-14.52247, -4.32667, -29.57708],
						"0.6": [-18.87514, -8.05631, -41.34561],
						"0.6667": [-17.69079, -3.01602, -27.99459],
						"0.8": [-17.08856, -7.33221, -35.77724],
						"0.9667": [-22.81, -6.29, -38.14],
						"1.0667": [-25.12269, -6.25624, -38.64842],
						"1.1": [-26.21, -5.82, -37.75],
						"1.1667": [-26.2729, -4.12793, -34.12007],
						"1.3": [-24.77093, -2.94923, -38.49759],
						"1.3667": [-19.86979, -2.42956, -29.93791],
						"1.4333": [-22.06015, -0.42105, -25.90544],
						"1.5333": {
							"pre": [-20.03, -2.43, -31.06],
							"post": [-20.03, -2.43, -31.06],
							"lerp_mode": "catmullrom"
						},
						"1.6": {
							"post": [-21.39, -0.63, -28.61],
							"lerp_mode": "catmullrom"
						},
						"1.6667": {
							"post": [-24.36, 1.37, -25.42],
							"lerp_mode": "catmullrom"
						},
						"1.7667": {
							"post": [-25.52, 3.04, -22.81],
							"lerp_mode": "catmullrom"
						},
						"1.8333": [-24.11737, 2.37892, -23.97505],
						"1.9": [-26.04, 6.21, -20.45],
						"1.9333": [-26.31177, 8.35411, -13.14955],
						"2.0": [-21.43416, 0.39432, -29.14096],
						"2.0667": [-19.63712, 5.8788, -21.08862],
						"2.1333": [-14.43, 4.86, -28.18],
						"2.2333": [-0.08, 1.62, -7.06],
						"2.3333": [3.32, 0.02, 0.25],
						"2.4": [0.54897, 0.03925, -2.99974],
						"2.4667": [-0.47058, -0.0434, 0.36929],
						"2.5": [-0.68804, -0.01635, -0.25033],
						"2.6": [0, 0, 0]
					},
					"position": {
						"0.0": [0, 0, 0],
						"0.1": [-0.49, -0.805, -0.29],
						"0.1667": [-0.86, -0.835, -0.05],
						"0.2333": [-1.1, -0.05, 0.6],
						"0.3333": [-1.33, 0.35, 1.1],
						"0.4333": [-1.33, 0.575, 1.3],
						"0.5667": [-1.33, 0.45, 1.3],
						"0.6": [-1.23, 0.4625, 1.4],
						"0.6667": [-1.33, -0.05, 0.5375],
						"0.7667": [-1.33, -0.875, 0.375],
						"0.9": [-1.33, -1.05, 1.1],
						"1.0": [-1.33, -0.925, 1.4],
						"1.1": [-1.33, -0.675, 1.5],
						"1.2667": [-1.33, -0.625, 1.6],
						"1.3": [-1.33, -1.1875, 1.55],
						"1.3333": [-1.33, -1.3, 1.5],
						"1.4333": [-1.33, -1.425, 1.425],
						"1.5": [-1.33, -1.175, 1.4],
						"1.5667": [-1.16, -0.855, 1.6],
						"1.6667": [-0.98, 0.25, 1.6],
						"1.7667": [-0.63, 0.4, 1.5],
						"1.8333": [-0.77, 0.07, 1.12],
						"1.9": {
							"pre": [-1.03, -1.6, 0.9],
							"post": [-1.03, -1.6, 0.9],
							"lerp_mode": "catmullrom"
						},
						"1.9667": {
							"post": [-1.03, -1.2, -0.2],
							"lerp_mode": "catmullrom"
						},
						"2.0333": {
							"post": [-1.1, -0.07, 0.17],
							"lerp_mode": "catmullrom"
						},
						"2.1": {
							"post": [-0.82, 0, -0.07],
							"lerp_mode": "catmullrom"
						},
						"2.2": {
							"post": [-0.1, -0.9, -1.5],
							"lerp_mode": "catmullrom"
						},
						"2.3": {
							"post": [-0.02, -1.265, -1.685],
							"lerp_mode": "catmullrom"
						},
						"2.3667": {
							"post": [0, -0.375, 0.25],
							"lerp_mode": "catmullrom"
						},
						"2.4333": {
							"post": [0, -0.075, 0.45],
							"lerp_mode": "catmullrom"
						},
						"2.5": {
							"post": [0, 0, -0.2125],
							"lerp_mode": "catmullrom"
						},
						"2.6": {
							"post": [0, 0, 0.05],
							"lerp_mode": "catmullrom"
						},
						"2.7": {
							"post": [0, 0, 0],
							"lerp_mode": "catmullrom"
						}
					}
				},
				"bolt2": {
					"position": {
						"1.7667": [0, 0, 0],
						"1.8": [0, -0.3, 3.4],
						"1.8667": [0, -0.625, 3.65],
						"1.9333": [0, 0, 0]
					}
				},
				"charger": {
					"position": {
						"1.7667": [0, 0, 0],
						"1.8": [0, 0, 4],
						"1.8333": [0, 0, 4.9],
						"1.9333": [0, 0, 0]
					}
				},
				"additional_magazine": {
					"rotation": {
						"0.5": [0, 0, 0],
						"0.5667": [-30, 0, 0],
						"0.6": [-56, 0, 0],
						"0.6667": [-108.41418, -3.56158, -18.67532],
						"0.7667": [-243.41418, -3.56158, -18.67532],
						"0.8667": [-405.91418, -3.56158, -18.67532]
					},
					"position": {
						"0.5": [0, 0, 0],
						"0.5667": [0, -0.9, -2.2],
						"0.6": [0, -3.3, -6.6],
						"0.6667": [2.46185, -8.66557, -12.70206],
						"0.7": [-1.74743, -16.99746, -17.86022],
						"0.7667": [-5.75499, -26.28526, -20.76749],
						"0.8667": [-17.7591, -50.79572, -20.062],
						"0.9667": [-38.74871, -75.06957, -9.21071]
					}
				},
				"magrelease": {
					"rotation": {
						"0.5": [0, 0, 0],
						"0.5667": [-25, 0, 0],
						"0.7": [-25, 0, 0],
						"0.7667": [0, 0, 0]
					}
				},
				"mag_and_lefthand": {
					"rotation": {
						"0.0": [0, 0, 0],
						"0.2667": [-17.46424, -4.66327, -12.00948],
						"0.4333": [-39.80677, -11.82294, -52.71215],
						"0.4667": [-39.68238, -11.29527, -55.95783],
						"0.5667": [-36.41085, -12.84363, -57.72264],
						"0.7": {
							"pre": [-0.2438, 6.33841, -32.10374],
							"post": [-0.2438, 6.33841, -32.10374],
							"lerp_mode": "catmullrom"
						},
						"0.8": {
							"post": [-6.17219, 2.26378, -29.6815],
							"lerp_mode": "catmullrom"
						},
						"0.9": [-12.68633, -4.00996, -9.07306],
						"1.0": [-16.08096, -10.97262, -4.03855],
						"1.0667": [-9.6851, -7.81794, -8.02401],
						"1.1667": [-12.08, -6.24, -10.02],
						"1.2667": [-13.50424, -4.66327, -12.00948],
						"1.3": [0, 0, 0],
						"1.5333": [0, 0, 0]
					},
					"position": {
						"0.0": [0, 0, 0],
						"0.2667": [11.38, -20.04, 10.35],
						"0.3667": [0.28, -3.39, 5.45],
						"0.4333": [0.36, -0.69, 3.15],
						"0.5": [-0.64, -0.32, 1.91125],
						"0.5667": [-0.64, -0.32, 1.11],
						"0.6": {
							"pre": [-0.33, -2.495, -2.54],
							"post": [-0.33, -2.495, -2.54],
							"lerp_mode": "catmullrom"
						},
						"0.6667": {
							"post": [0.28, -7.56, -5.205],
							"lerp_mode": "catmullrom"
						},
						"0.8": {
							"post": [1.51, -6.945, -6.83],
							"lerp_mode": "catmullrom"
						},
						"0.9": [2.43, -5.895, -4.355],
						"1.0": [0.88, -3.585, -1.805],
						"1.0667": [0.88, -2.29, -0.125],
						"1.1667": [0.89, -0.785, -0.07],
						"1.2667": [0.9, -0.495, -0.15],
						"1.3": [0, 0, 0],
						"1.5333": [0, 0, 0]
					}
				},
				"boltrelease": {
					"position": {
						"0.0": [0, 0.1, 0],
						"1.9": [0, 0.1, 0],
						"1.9333": [0, 0, 0]
					}
				},
				"magazine_bullet": {
					"scale": {
						"0.0": [0, 0, 0],
						"0.1333": {
							"pre": [0, 0, 0],
							"post": [1, 1, 1]
						}
					}
				},
				"bullet": {
					"scale": 1
				},
				"constraint": {
					"rotation": {
						"0.0": [0.2, 0.15, 0.2],
						"0.3": [0.05, 0.05, 0.05],
						"2.0667": [0.05, 0.05, 0.05],
						"2.4667": [0.2, 0.15, 0.2]
					},
					"position": {
						"0.0": [0.1, 0.1, 0.4],
						"0.3": [0.05, 0.05, 0.05],
						"2.0667": [0.05, 0.05, 0.05],
						"2.4667": [0.1, 0.1, 0.4]
					}
				},
				"camera": {
					"rotation": {
						"0.0": {
							"post": [0, 0, 0],
							"lerp_mode": "catmullrom"
						},
						"0.1667": {
							"post": [0.025, 0.35, 0.02],
							"lerp_mode": "catmullrom"
						},
						"0.3667": {
							"post": [3.815, 0.69, -0.6],
							"lerp_mode": "catmullrom"
						},
						"0.4667": {
							"post": [4.36275, 0.78888, -1.25052],
							"lerp_mode": "catmullrom"
						},
						"0.5667": {
							"post": [3.98198, 1.0696, -0.92774],
							"lerp_mode": "catmullrom"
						},
						"0.6": {
							"post": [3.53303, 0.89459, 0.46756],
							"lerp_mode": "catmullrom"
						},
						"0.6667": {
							"post": [2.98198, 1.0696, -0.92774],
							"lerp_mode": "catmullrom"
						},
						"0.7667": {
							"post": [3.01, 0.98, 0.1],
							"lerp_mode": "catmullrom"
						},
						"0.8667": {
							"post": [3.03444, 1.37201, 0.02012],
							"lerp_mode": "catmullrom"
						},
						"0.9667": {
							"post": [3.06127, 1.94373, 0.96742],
							"lerp_mode": "catmullrom"
						},
						"1.0667": {
							"post": [3.3, 2.13, 0.49],
							"lerp_mode": "catmullrom"
						},
						"1.1667": {
							"post": [3.99634, 1.98177, -0.95789],
							"lerp_mode": "catmullrom"
						},
						"1.2667": {
							"post": [5.03025, 1.91178, 0.04023],
							"lerp_mode": "catmullrom"
						},
						"1.3333": {
							"post": [3.9607, 2.08596, -1.25338],
							"lerp_mode": "catmullrom"
						},
						"1.4333": {
							"post": [4.03095, 1.94657, 0.04299],
							"lerp_mode": "catmullrom"
						},
						"1.5333": {
							"post": [3.39, 1.91, 0.71],
							"lerp_mode": "catmullrom"
						},
						"1.6333": {
							"post": [3.32, 1.57, 1.05],
							"lerp_mode": "catmullrom"
						},
						"1.7667": {
							"post": [5.06811, 0.9895, 1.13052],
							"lerp_mode": "catmullrom"
						},
						"1.8667": {
							"post": [5.7, 1.07, 0.47],
							"lerp_mode": "catmullrom"
						},
						"1.9333": {
							"post": [6.72955, 1.71085, -0.2356],
							"lerp_mode": "catmullrom"
						},
						"1.9667": {
							"post": [5.96168, 0.73569, 1.29946],
							"lerp_mode": "catmullrom"
						},
						"2.0667": {
							"post": [4.8414, 0.2939, -0.0352],
							"lerp_mode": "catmullrom"
						},
						"2.1667": {
							"post": [3.95968, 0.08756, 1.05617],
							"lerp_mode": "catmullrom"
						},
						"2.2667": {
							"post": [1.31, 0.035, 0.23],
							"lerp_mode": "catmullrom"
						},
						"2.3667": {
							"post": [-0.11, 0.05, -0.14],
							"lerp_mode": "catmullrom"
						},
						"2.4333": {
							"post": [0.125, 0.03, 0.185],
							"lerp_mode": "catmullrom"
						},
						"2.5333": {
							"post": [-0.0875, 0, -0.1],
							"lerp_mode": "catmullrom"
						},
						"2.6667": {
							"post": [0, 0, 0],
							"lerp_mode": "catmullrom"
						}
					}
				},
				"mag_and_bullet": {
					"scale": {
						"0.2667": [0, 0, 0],
						"0.3": [1, 1, 1]
					}
				}
			},
			"sound_effects": {
				"0.0": {
					"effect": "p18_dm_mike14_reload_empty_raise"
				},
				"0.5333": {
					"effect": "p18_dm_mike14_reload_empty_quick_magout"
				},
				"0.9667": {
					"effect": "p18_dm_mike14_reload_empty_maghit"
				},
				"1.2667": {
					"effect": "p18_dm_mike14_reload_empty_magin"
				},
				"1.7333": {
					"effect": "p18_dm_mike14_reload_empty_quick_charge"
				},
				"2.0": {
					"effect": "p18_dm_mike14_reload_empty_end"
				}
			}
		},
		"inspect": {
			"animation_length": 7.35,
			"bones": {
				"lefthand": {
					"rotation": {
						"0.0": [81.63767, -21.82367, -128.45709],
						"0.3": [97.60229, -50.98159, -172.85145],
						"2.35": [97.6, -50.98, -172.85],
						"2.5": [99.14399, -58.40097, -174.73803],
						"2.6": [52.85269, -57.5914, -146.26457],
						"4.8": [52.85, -57.59, -146.26],
						"4.9": [54.99, -48.13, -144.23],
						"4.95": [59.26454, -29.22407, -140.15519],
						"6.65": [59.26, -29.22, -140.16],
						"6.75": [74.19, -24.78, -133.14],
						"6.9": [81.63767, -21.82367, -128.45709]
					},
					"position": {
						"0.0": [7.4, -15.2, -6.5],
						"0.1": {
							"pre": [12.19929, -21.32931, -5.16257],
							"post": [12.19929, -21.32931, -5.16257],
							"lerp_mode": "catmullrom"
						},
						"0.2": {
							"post": [13.53031, -32.66631, 9.36009],
							"lerp_mode": "catmullrom"
						},
						"0.3": {
							"post": [14.47738, -36.79537, 21.17153],
							"lerp_mode": "catmullrom"
						},
						"2.35": [1.5, -46.2, 15.5],
						"2.5": [7.5, -24.2, -6.5],
						"2.6": [6.5, -17.2, -3],
						"4.8": [6.5, -17.2, -3],
						"4.9": [6.63, -17.03, -3.87],
						"4.95": [6.9, -16.7, -5.6],
						"6.65": [6.9, -16.7, -5.6],
						"6.75": {
							"pre": [7.34, -16.2, -7.1],
							"post": [7.34, -16.2, -7.1],
							"lerp_mode": "catmullrom"
						},
						"6.9": [7.4, -15.2, -6.5]
					},
					"scale": [1, 1.5, 1]
				},
				"righthand": {
					"rotation": {
						"0.0": [95, 0, -180],
						"4.85": [95, 0, -180],
						"5.05": [105.52, -19.21, -136.6],
						"5.25": [111.83055, -30.73531, -110.56377],
						"5.4": [114.34, -31.78, -111.06],
						"5.5": [115.46, -32.25, -111.28],
						"5.65": [116.2934, -32.5936, -111.44258],
						"6.2": [116.29, -32.59, -111.44],
						"6.3": [136.71372, 12.13934, -157.91548],
						"6.75": [136.71, 12.14, -157.92],
						"6.85": [111.68, 4.86, -171.17],
						"7.0": [95, 0, -180]
					},
					"position": {
						"0.0": [-6.2, -15, 7],
						"4.85": [-6.2, -15, 7],
						"4.95": [-7.53, -17, 7],
						"5.05": [-8.32, -16.3, 5.32],
						"5.15": [-8.68, -14.2, 0.28],
						"5.25": [-8.8, -13.7, -1.4],
						"5.35": [-8.8, -13.7, -0.88],
						"5.5": [-8.8, -13.7, 0.7],
						"5.55": [-8.8, -13.7, 0.83],
						"5.65": [-8.8, -13.7, 0.9],
						"6.2": [-8.8, -13.7, 0.9],
						"6.3": [-9.6, -16.67, 3.8],
						"6.35": [-9.6, -17.3, 4.43],
						"6.45": [-9.6, -17.9, 5.3],
						"6.75": [-9.7, -17.9, 5],
						"6.85": [-7.6, -17.36, 6.2],
						"7.0": [-6.2, -15, 7]
					},
					"scale": [1, 1.5, 1]
				},
				"root": {
					"rotation": {
						"0.0": [0, 0, 0],
						"0.05": [-5.79, 0.13, 1.95],
						"0.15": [-17.59, -10.78, -12.86],
						"0.25": [-25.6, -24.52, -35.41],
						"0.3": [-27.59976, -27.22756, -41.19159],
						"0.35": [-29.18247, -28.58725, -44.21775],
						"0.4": [-31.13848, -27.68974, -42.19082],
						"0.5": [-30.66598, -28.14222, -43.20004],
						"0.6": [-31.42, -28.14, -43.2],
						"0.7": [-32.01, -27.44, -41.92],
						"0.9": [-31.74, -28, -42.94],
						"1.0": [-31.76, -28.22, -43.36],
						"1.5": [-31.20393, -28.6466, -44.18009],
						"1.55": [-29.85, -30.65, -48.19],
						"1.65": [-29.18045, -31.65513, -50.18764],
						"1.8": [-29.71221, -31.16351, -49.16731],
						"1.95": [-29.71, -31.16, -49.17],
						"2.2": [-29.1733, -31.63628, -50.20015],
						"2.3": [-28.77, -30.86, -48.82],
						"2.4": [-27.89, -26.22, -40.22],
						"2.45": [-26.12, -16.94, -23.01],
						"2.5": [-27.22851, -1.49811, 6.49643],
						"2.65": [-27.64133, 24.07175, 55.7761],
						"2.8": [-27.55942, 24.18741, 56.01913],
						"2.9": [-26.63512, 25.213, 58.2211],
						"3.1": [-27.05095, 24.76144, 57.23672],
						"3.3": [-27.18, 24.27, 56.94],
						"3.5": [-27.3, 24.11, 56.64],
						"3.75": [-27.43825, 24.30227, 56.26287],
						"3.85": [-27.13612, 27.9047, 59.22256],
						"4.05": [-27.60586, 27.4605, 58.21082],
						"4.35": [-27.25, 27.82, 58.99],
						"4.55": [-27.1, 27.74, 59.31],
						"4.7": [-26.95, 27.21, 59.62],
						"4.8": [-26.5, 25.14, 57.6],
						"4.9": [-25.69, 21.35, 53.37],
						"5.0": [-27.3, 13.08, 39.44],
						"5.1": [-30.53, 10.74, 32.31],
						"5.15": [-30.94706, 10.98543, 32.75438],
						"5.25": [-32.11241, 10.47449, 31.87786],
						"5.3": [-33.79104, 11.14807, 29.27743],
						"5.35": [-34.94, 11.26, 29.51],
						"5.4": [-36.3637, 11.18323, 28.25743],
						"5.45": [-37.46, 12.29, 28.65],
						"5.55": [-39.65041, 13.56235, 29.2856],
						"5.75": [-38.85, 13.56, 29.29],
						"5.9": [-38.69, 13.42, 29.11],
						"6.2": [-38.66, 13.54, 29.26],
						"6.3": [-38.57593, 8.44932, 24.30995],
						"6.4": [-39.97836, 13.71543, 27.77033],
						"6.5": [-41.26, 12.28, 24.97],
						"6.6": [-41.36, 12.15, 24.48],
						"6.7": [-33.33, 7.37, 22.29],
						"6.8": [-17.16969, -2.07286, 18.42359],
						"6.9": [9.41515, -1.03643, 9.2118],
						"7.0": [1.9612, -0.55625, 7.98076],
						"7.05": [0.66898, -0.48139, 1.31942],
						"7.15": [-1.00521, -0.46117, 2.73757],
						"7.3": [0, 0, 0]
					},
					"position": {
						"0.0": [0, 0, 0],
						"0.1": [-0.07, 0.63, 0],
						"0.15": [-0.13, 1, 0],
						"0.25": [-0.51, 1.07, 0],
						"0.35": {
							"pre": [-0.8, 0.9, 0],
							"post": [-0.8, 0.9, 0],
							"lerp_mode": "catmullrom"
						},
						"0.45": {
							"post": [-1, 0.5, 0],
							"lerp_mode": "catmullrom"
						},
						"0.55": {
							"post": [-1, 0.225, 0],
							"lerp_mode": "catmullrom"
						},
						"0.65": {
							"post": [-1, 0.295, 0],
							"lerp_mode": "catmullrom"
						},
						"0.75": {
							"post": [-1, 0.48, 0],
							"lerp_mode": "catmullrom"
						},
						"0.85": {
							"post": [-1, 0.68, 0],
							"lerp_mode": "catmullrom"
						},
						"1.0": [-1, 0.77, 0],
						"1.25": [-1, 0.715, 0],
						"1.5": [-1, 0.5, 0],
						"1.6": {
							"pre": [-1, 0.5, 0],
							"post": [-1, 0.5, 0],
							"lerp_mode": "catmullrom"
						},
						"1.95": {
							"post": [-1, 0.715, 0],
							"lerp_mode": "catmullrom"
						},
						"2.05": {
							"post": [-1, 0.9, 0],
							"lerp_mode": "catmullrom"
						},
						"2.25": [-1, 0.9, 0],
						"2.35": [-0.91, 0.43, 0],
						"2.45": [0.05, -0.65, 0],
						"2.6": [1.85, -0.9, 0],
						"2.75": {
							"pre": [2.5, -0.3, 0],
							"post": [2.5, -0.3, 0],
							"lerp_mode": "catmullrom"
						},
						"2.85": {
							"post": [2.5, -0.075, -0.1],
							"lerp_mode": "catmullrom"
						},
						"3.0": {
							"post": [2.5, 0.06, -0.1],
							"lerp_mode": "catmullrom"
						},
						"3.2": {
							"post": [2.5, 0.02, -0.1],
							"lerp_mode": "catmullrom"
						},
						"3.75": [2.5, 0, -0.1],
						"3.95": [2.5, 0.225, -0.1],
						"4.35": [2.5, 0.38, -0.1],
						"4.55": [2.5, 0.445, -0.1],
						"4.8": [2.5, 0.3, -0.1],
						"4.95": [2.5, -0.6, 1.1],
						"5.1": [2.5, -0.9, 1.5],
						"5.25": [2.5, -1, 1.5],
						"5.3": [2.5, -1.03, 1.6],
						"5.4": [2.5, -1.4, 2.1],
						"5.55": [2.5, -1.24, 2.1],
						"5.65": [2.5, -1, 2.1],
						"5.75": [2.5, -0.93, 2.1],
						"5.9": [2.5, -0.89, 2.1],
						"6.05": [2.5, -0.87, 2.1],
						"6.2": [2.5, -0.89, 2.1],
						"6.25": [2.5, -0.4, 1.4],
						"6.35": [2.5, -1.03125, 1.9],
						"6.45": [2.5, -1.12, 1.9],
						"6.55": [2.5, -0.795, 1.9],
						"6.65": {
							"pre": [2.5, -0.545, 1.9],
							"post": [2.5, -0.545, 1.9],
							"lerp_mode": "catmullrom"
						},
						"6.75": {
							"post": [2.08, -1.02, 1.58],
							"lerp_mode": "catmullrom"
						},
						"6.85": {
							"post": [1.25, -2.05, 0.95],
							"lerp_mode": "catmullrom"
						},
						"7.0": [0, -0.5, -0.8],
						"7.1": [0, 0, 0.62],
						"7.2": [0, -0.2, -0.17],
						"7.35": [0, 0, 0]
					}
				},
				"bolt2": {
					"rotation": {
						"5.5": [0, 0, 0],
						"5.65": [-1, 0, 0],
						"6.2": [-1, 0, 0],
						"6.25": [0, 0, 0]
					},
					"position": {
						"5.25": [0, 0, 0],
						"5.35": [0, 0, 0.6],
						"5.5": [0, 0, 2.1],
						"5.55": [0, 0, 2.2],
						"5.65": [0, 0, 2.4],
						"6.2": [0, 0, 2.4],
						"6.25": [0, 0, 0]
					}
				},
				"charger": {
					"rotation": [0, 0, 0],
					"position": {
						"5.25": [0, 0, 0],
						"5.35": [0, 0, 0.5],
						"5.5": [0, 0, 2.1],
						"5.55": [0, 0, 2.2],
						"5.65": [0, 0, 2.4],
						"6.2": [0, 0, 2.4],
						"6.25": [0, 0, 0]
					}
				},
				"camera": {
					"rotation": {
						"0.0": {
							"post": [0, 0, 0],
							"lerp_mode": "catmullrom"
						},
						"0.1": {
							"post": [2.38, 1.14, 0],
							"lerp_mode": "catmullrom"
						},
						"0.2": {
							"post": [2.43, 2.29, 0],
							"lerp_mode": "catmullrom"
						},
						"0.3": {
							"post": [1.29, 2.86, 0],
							"lerp_mode": "catmullrom"
						},
						"0.4": {
							"post": [-1, 4, 0],
							"lerp_mode": "catmullrom"
						},
						"0.6": {
							"post": [-2.00275, 4.99939, -0.03503],
							"lerp_mode": "catmullrom"
						},
						"0.9": {
							"post": [-1.25, 5, -0.04],
							"lerp_mode": "catmullrom"
						},
						"1.2": {
							"post": [-1.53, 5.54, -0.05],
							"lerp_mode": "catmullrom"
						},
						"1.4": {
							"post": [-1.9, 5.77, -0.05],
							"lerp_mode": "catmullrom"
						},
						"1.7": {
							"post": [-2.6, 6, -0.05],
							"lerp_mode": "catmullrom"
						},
						"1.9": {
							"post": [-2.45, 6, -0.05],
							"lerp_mode": "catmullrom"
						},
						"2.1": {
							"post": [-2.62, 6, -0.05],
							"lerp_mode": "catmullrom"
						},
						"2.25": {
							"post": [-3, 6, -0.05],
							"lerp_mode": "catmullrom"
						},
						"2.4": {
							"post": [-0.74, 3.75, 0.02],
							"lerp_mode": "catmullrom"
						},
						"2.5": {
							"post": [0.26, 2.75, 0.06],
							"lerp_mode": "catmullrom"
						},
						"2.6": {
							"post": [0.76, 2.25, 0.08],
							"lerp_mode": "catmullrom"
						},
						"2.8": {
							"post": [1.76, 1.75, 0.08],
							"lerp_mode": "catmullrom"
						},
						"2.9": {
							"post": [1.47, 1.75, 0.08],
							"lerp_mode": "catmullrom"
						},
						"3.0": {
							"post": [1.4, 1.75, 0.08],
							"lerp_mode": "catmullrom"
						},
						"3.15": {
							"post": [1.32, 1.75, 0.08],
							"lerp_mode": "catmullrom"
						},
						"3.35": {
							"post": [1.06, 1.75, 0.08],
							"lerp_mode": "catmullrom"
						},
						"3.7": {
							"post": [0.36, 1.75, 0.08],
							"lerp_mode": "catmullrom"
						},
						"3.8": {
							"post": [0.04, 1.75, 0.08],
							"lerp_mode": "catmullrom"
						},
						"3.9": {
							"post": [-0.41, 1.75, 0.08],
							"lerp_mode": "catmullrom"
						},
						"4.05": {
							"post": [-0.82, 1.75, 0.08],
							"lerp_mode": "catmullrom"
						},
						"4.4": {
							"post": [-0.77, 1.75, 0.08],
							"lerp_mode": "catmullrom"
						},
						"4.6": {
							"post": [-0.75, 1.75, 0.08],
							"lerp_mode": "catmullrom"
						},
						"4.8": {
							"post": [-0.74, 1.75, 0.08],
							"lerp_mode": "catmullrom"
						},
						"4.95": {
							"post": [2.84, 1.75, 0.08],
							"lerp_mode": "catmullrom"
						},
						"5.05": {
							"post": [3.88, 1.75, 0.08],
							"lerp_mode": "catmullrom"
						},
						"5.25": {
							"post": [3.26, 1.75, 0.08],
							"lerp_mode": "catmullrom"
						},
						"5.4": {
							"post": [4.86, 1.75, 0.08],
							"lerp_mode": "catmullrom"
						},
						"5.5": {
							"post": [5.26, 1.75, 0.08],
							"lerp_mode": "catmullrom"
						},
						"5.75": {
							"post": [4.56, 1.75, 0.08],
							"lerp_mode": "catmullrom"
						},
						"5.95": {
							"post": [4.32, 1.75, 0.08],
							"lerp_mode": "catmullrom"
						},
						"6.1": {
							"post": [4.26, 1.75, 0.08],
							"lerp_mode": "catmullrom"
						},
						"6.25": {
							"post": [4.26, 1.75, 0.08],
							"lerp_mode": "catmullrom"
						},
						"6.3": {
							"post": [3.52463, 1.62011, 2.27707],
							"lerp_mode": "catmullrom"
						},
						"6.35": {
							"post": [2.65708, 1.73641, -0.02095],
							"lerp_mode": "catmullrom"
						},
						"6.45": {
							"post": [1.47363, 1.72336, 0.52936],
							"lerp_mode": "catmullrom"
						},
						"6.55": {
							"post": [0.29018, 1.7103, 1.07967],
							"lerp_mode": "catmullrom"
						},
						"6.7": {
							"post": [1.29018, 1.7103, 1.07967],
							"lerp_mode": "catmullrom"
						},
						"6.8": {
							"post": [2.13, 1.06, 0.67],
							"lerp_mode": "catmullrom"
						},
						"6.9": {
							"post": [1.91, 0.55, 0.35],
							"lerp_mode": "catmullrom"
						},
						"7.05": {
							"post": [-1, 0, 0],
							"lerp_mode": "catmullrom"
						},
						"7.15": {
							"post": [0.4, 0, 0],
							"lerp_mode": "catmullrom"
						},
						"7.3": {
							"post": [0, 0, 0],
							"lerp_mode": "catmullrom"
						}
					}
				}
			}
		},
		"inspect_empty": {
			"animation_length": 8.15,
			"bones": {
				"root": {
					"rotation": {
						"0.0": [0, 0, 0],
						"0.05": [-0.62, 0.43, -0.94],
						"0.1": [-1.68, 0.82, -2.72],
						"0.15": [-3.95, -0.36, -7.56],
						"0.2": [-8.54, -4.6, -18.61],
						"0.25": [-14.33, -10.41, -32.73],
						"0.3": [-18.77, -14.74, -42.66],
						"0.35": [-20.73, -16.13, -44.45],
						"0.4": [-21.35, -16.04, -42.06],
						"0.45": [-21.53, -15.87, -40.06],
						"0.5": [-21.34, -15.94, -40.19],
						"0.55": [-20.72, -15.92, -40.72],
						"0.6": [-20.26, -16.24, -41.03],
						"0.65": [-20.22, -16.64, -40.95],
						"0.7": [-20.25, -17.18, -40.76],
						"0.75": [-20.33, -17.81, -40.51],
						"0.8": [-20.42, -18.47, -40.27],
						"0.85": [-20.5, -19.1, -40.09],
						"0.9": [-20.53, -19.65, -40.05],
						"0.95": [-20.52, -20.59, -40.36],
						"1.0": [-20.45, -21.43, -40.94],
						"1.05": [-20.31, -22.22, -41.47],
						"1.1": [-19.9, -23.44, -41.99],
						"1.15": [-19.5, -24.31, -42.51],
						"1.2": [-19.41, -24.38, -43.02],
						"1.25": [-19.4, -24.2, -43.57],
						"1.3": [-19.4, -24.04, -43.96],
						"1.35": [-19.47, -24.11, -44.03],
						"1.4": [-19.61, -24.27, -43.96],
						"1.45": [-19.64, -24.31, -43.9],
						"1.5": [-19.4, -24.04, -43.96],
						"1.55": [-18.2, -23.17, -45.14],
						"1.6": [-16.62, -21.87, -46.48],
						"1.65": [-15.99, -20.15, -45.35],
						"1.7": [-17.21, -17.52, -39.08],
						"1.75": [-19.37, -14.47, -30.34],
						"1.8": [-21.04, -12.52, -24.55],
						"1.85": [-21.69, -14.72, -30.29],
						"1.9": [-22.85, -15.52, -32.06],
						"1.95": [-23.93, -16.04, -33.1],
						"2.0": [-23.93, -16.04, -33.1],
						"2.05": [-23.82, -18.75, -38.32],
						"2.1": [-25.34, -16.99, -36.54],
						"2.15": [-26.69, -14.89, -34.23],
						"2.2": [-26.07, -14.81, -34.6],
						"2.25": [-25.15, -14.84, -35.23],
						"2.3": [-25.17, -14.01, -34.85],
						"2.35": [-25.42, -12.86, -34.14],
						"2.4": [-25.65, -11.93, -33.23],
						"2.45": [-25.76, -11.55, -32.25],
						"2.5": [-25.87, -11.31, -31.02],
						"2.55": [-25.95, -11.17, -29.94],
						"2.6": [-26.02, -11.06, -29.42],
						"2.65": [-26.04, -11.01, -29.55],
						"2.7": [-26.04, -11.01, -30.02],
						"2.75": [-26.04, -11.03, -30.67],
						"2.8": [-26.03, -11.06, -31.37],
						"2.85": [-26.02, -11.09, -31.98],
						"2.9": [-26.02, -11.09, -32.35],
						"2.95": [-26.03, -11.08, -32.45],
						"3.0": [-26.04, -11.07, -32.48],
						"3.05": [-26.06, -11.05, -32.44],
						"3.1": [-26.07, -11.03, -32.36],
						"3.15": [-26.09, -11.01, -32.27],
						"3.2": [-26.1, -10.99, -32.16],
						"3.25": [-26.11, -10.96, -32.07],
						"3.3": [-26.11, -10.94, -32.01],
						"3.35": [-26.1, -10.91, -32.01],
						"3.4": [-26.1, -10.89, -32.04],
						"3.45": [-26.1, -10.87, -32.12],
						"3.5": [-26.12, -10.84, -32.22],
						"3.55": [-26.14, -10.82, -32.34],
						"3.6": [-26.15, -10.79, -32.47],
						"3.65": [-26.16, -10.77, -32.6],
						"3.7": [-26.15, -10.74, -32.71],
						"3.75": [-26.13, -10.72, -32.8],
						"3.8": [-26.08, -10.69, -32.86],
						"3.85": [-26.01, -10.66, -32.88],
						"3.9": [-25.9, -10.63, -32.84],
						"3.95": [-25.76, -10.6, -32.73],
						"4.0": [-24.68, -10.24, -31.08],
						"4.05": [-23.25, -9.88, -28.89],
						"4.1": [-22.18, -10.23, -28.68],
						"4.15": [-21.77, -12.08, -32.58],
						"4.2": [-21.72, -14.66, -38.45],
						"4.25": [-21.84, -16.35, -42.44],
						"4.3": [-22.09, -16.28, -42.57],
						"4.35": [-22.51, -15.34, -40.82],
						"4.4": [-23.02, -14.59, -39.21],
						"4.45": [-24.38, -14.76, -38.72],
						"4.5": [-25.01, -14.56, -37.23],
						"4.55": [-20.36, -9.81, -25.97],
						"4.6": [-19.38, -12.98, -35.76],
						"4.65": [-22.53, -10.51, -29.94],
						"4.7": [-22.52, -11.57, -32.43],
						"4.75": [-22.36, -11.69, -32.99],
						"4.8": [-22.7, -9.09, -28.43],
						"4.85": [-23.29, -5.25, -21.17],
						"4.9": [-24.36, -1.68, -11.65],
						"4.95": [-26.49, 0.98, 1.25],
						"5.0": [-29.12, 3.37, 16.4],
						"5.05": [-30.82, 5.9, 29.9],
						"5.1": [-30.88, 8.21, 38.24],
						"5.15": [-30.23, 10.76, 45.83],
						"5.2": [-29.43, 13.07, 52.14],
						"5.25": [-29.01, 14.71, 56.61],
						"5.3": [-29.48, 15.39, 58.5],
						"5.35": [-30.4, 15.1, 56.95],
						"5.4": [-31.43, 15.67, 56.6],
						"5.45": [-32.15, 16.11, 56.11],
						"5.5": [-31.81, 15.86, 55.6],
						"5.55": [-31.17, 15.46, 55.32],
						"5.6": [-30.61, 15.2, 56.35],
						"5.65": [-30.64, 14.3, 55.57],
						"5.7": [-30.79, 13.54, 54.72],
						"5.75": [-30.87, 13.61, 54.71],
						"5.8": [-30.97, 13.92, 54.9],
						"5.85": [-31.08, 14.24, 55.08],
						"5.9": [-31.19, 14.37, 55.06],
						"5.95": [-31.59, 13.31, 53.3],
						"6.0": [-31.3, 14.58, 54.85],
						"6.05": [-30.98, 15.86, 56.57],
						"6.1": [-30.9, 15.78, 56.8],
						"6.15": [-30.91, 15.29, 56.62],
						"6.2": [-31.14, 14.88, 56.17],
						"6.25": [-33.29, 14.47, 53.28],
						"6.3": [-32.87, 15.67, 55.15],
						"6.35": [-32.19, 16.74, 57.18],
						"6.4": [-32.14, 16.49, 56.99],
						"6.45": [-32.22, 15.82, 56.19],
						"6.5": [-32.31, 15.27, 55.58],
						"6.55": [-32.36, 15.1, 55.49],
						"6.6": [-32.42, 15.02, 55.53],
						"6.65": [-32.45, 14.97, 55.63],
						"6.7": [-32.4, 14.88, 55.72],
						"6.75": [-32.3, 14.84, 55.79],
						"6.8": [-32.14, 14.84, 55.94],
						"6.85": [-31.95, 14.84, 56.11],
						"6.9": [-31.75, 14.82, 56.24],
						"6.95": [-31.58, 14.75, 56.29],
						"7.0": [-31.46, 14.59, 56.21],
						"7.05": [-31.42, 14.31, 55.95],
						"7.1": [-32.47, 10.07, 50.5],
						"7.15": [-31.72, 7.7, 45.46],
						"7.2": [-30.57, 4.69, 38.71],
						"7.25": [-28.93, 1.84, 32.1],
						"7.3": [-26.67, -0.08, 27.51],
						"7.35": [-19.25, -0.37, 26.84],
						"7.4": [-11.7, 0.59, 26.88],
						"7.45": [-8.76, 0.62, 22.16],
						"7.5": [-6.74, 0.56, 15.58],
						"7.55": [-4.93, 0.46, 9.54],
						"7.6": [-2.23, 0.23, 1.97],
						"7.65": [0, 0, -3],
						"7.7": [3, -0.05, 0.4],
						"7.75": [1.5, -0.03, 1.02],
						"7.8": [0, 0, 1.64],
						"7.85": [0, 0, 0.82],
						"7.9": [0, 0, 0],
						"7.95": [0, 0, 0],
						"8.0": [0, 0, 0],
						"8.05": [0, 0, 0]
					},
					"position": {
						"0.0": [0, 0, 0],
						"0.05": [-0.08, -0.25, 0.01],
						"0.1": [-0.19, -0.56, 0.03],
						"0.15": [-0.3, -0.65, 0],
						"0.2": [-0.41, -0.28, -0.12],
						"0.25": [-0.52, 0.32, -0.29],
						"0.3": [-0.6, 0.8, -0.4],
						"0.35": [-0.62, 1.09, -0.38],
						"0.4": [-0.6, 1.2, -0.3],
						"0.45": [-0.6, 1.21, -0.29],
						"0.5": [-0.6, 1.19, -0.29],
						"0.55": [-0.6, 1.21, -0.28],
						"0.6": [-0.6, 1.24, -0.27],
						"0.65": [-0.6, 1.3, -0.27],
						"0.7": [-0.6, 1.38, -0.3],
						"0.75": [-0.6, 1.49, -0.36],
						"0.8": [-0.6, 1.64, -0.43],
						"0.85": [-0.6, 1.8, -0.52],
						"0.9": [-0.6, 1.96, -0.62],
						"0.95": [-0.6, 2.08, -0.72],
						"1.0": [-0.6, 2.21, -0.83],
						"1.05": [-0.6, 2.34, -0.95],
						"1.1": [-0.6, 2.45, -1.05],
						"1.15": [-0.6, 2.53, -1.12],
						"1.2": [-0.6, 2.58, -1.17],
						"1.25": [-0.6, 2.61, -1.2],
						"1.3": [-0.6, 2.61, -1.21],
						"1.35": [-0.6, 2.59, -1.22],
						"1.4": [-0.6, 2.53, -1.22],
						"1.45": [-0.61, 2.36, -1.28],
						"1.5": [-0.6, 1.8, -1.22],
						"1.55": [-0.6, 0.78, -1.08],
						"1.6": [-0.58, -0.52, -0.85],
						"1.65": [-0.45, -1.39, -0.43],
						"1.7": [-0.1, -1.45, 0.38],
						"1.75": [0.36, -1.09, 1.38],
						"1.8": [0.7, -0.8, 2.1],
						"1.85": [0.7, -0.9, 2.1],
						"1.9": [0.69, -0.81, 2.1],
						"1.95": [0.7, -0.7, 2.1],
						"2.0": [0.85, -0.7, 2.1],
						"2.05": [1, -0.7, 2.1],
						"2.1": [0.97, -0.91, 2.1],
						"2.15": [0.47, -1, 2.1],
						"2.2": [-0.05, -1.1, 2.1],
						"2.25": [-0.28, -1.4, 2.1],
						"2.3": [-0.26, -1.52, 2.1],
						"2.35": [-0.2, -1.6, 2.1],
						"2.4": [-0.16, -1.59, 2.1],
						"2.45": [-0.12, -1.54, 2.1],
						"2.5": [-0.12, -1.5, 2.1],
						"2.55": [-0.15, -1.48, 2.1],
						"2.6": [-0.19, -1.47, 2.1],
						"2.65": [-0.23, -1.45, 2.1],
						"2.7": [-0.28, -1.43, 2.1],
						"2.75": [-0.33, -1.41, 2.1],
						"2.8": [-0.37, -1.4, 2.1],
						"2.85": [-0.4, -1.4, 2.1],
						"2.9": [-0.41, -1.4, 2.1],
						"2.95": [-0.41, -1.4, 2.1],
						"3.0": [-0.42, -1.41, 2.1],
						"3.05": [-0.43, -1.41, 2.1],
						"3.1": [-0.43, -1.42, 2.1],
						"3.15": [-0.44, -1.43, 2.1],
						"3.2": [-0.45, -1.44, 2.1],
						"3.25": [-0.45, -1.45, 2.1],
						"3.3": [-0.46, -1.46, 2.1],
						"3.35": [-0.46, -1.47, 2.1],
						"3.4": [-0.47, -1.48, 2.1],
						"3.45": [-0.47, -1.48, 2.1],
						"3.5": [-0.47, -1.49, 2.1],
						"3.55": [-0.47, -1.5, 2.1],
						"3.6": [-0.47, -1.51, 2.1],
						"3.65": [-0.47, -1.51, 2.1],
						"3.7": [-0.46, -1.52, 2.1],
						"3.75": [-0.46, -1.52, 2.1],
						"3.8": [-0.45, -1.52, 2.1],
						"3.85": [-0.44, -1.52, 2.1],
						"3.9": [-0.43, -1.52, 2.1],
						"3.95": [-0.42, -1.51, 2.1],
						"4.0": [-0.4, -1.5, 2.1],
						"4.05": [-0.17, -1.34, 2.1],
						"4.1": [0.16, -1.11, 2.1],
						"4.15": [0.39, -0.92, 2.1],
						"4.2": [0.45, -0.78, 2.1],
						"4.25": [0.4, -0.7, 2.1],
						"4.3": [0.35, -0.64, 2.1],
						"4.35": [0.3, -0.6, 2.1],
						"4.4": [0.3, -0.54, 2.1],
						"4.45": [0.3, -0.5, 2.1],
						"4.5": [0.2, -0.5, 2.1],
						"4.55": [0.24, -0.61, 2.1],
						"4.6": [0.3, -0.8, 2.1],
						"4.65": [0.29, -0.93, 2.12],
						"4.7": [0.27, -1.1, 2.14],
						"4.75": [0.3, -1.43, 2.1],
						"4.8": [0.39, -2.1, 1.97],
						"4.85": [0.53, -2.94, 1.78],
						"4.9": [0.7, -3.56, 1.5],
						"4.95": [0.94, -3.63, 1.04],
						"5.0": [1.18, -3.7, 0.58],
						"5.05": [1.43, -3.76, 0.12],
						"5.1": [1.61, -3.68, -0.58],
						"5.15": [1.76, -3.54, -1.155],
						"5.2": [1.87, -3.47, -1.69],
						"5.25": [1.95, -3.51, -1.69],
						"5.3": [2, -3.62, -1.71],
						"5.35": [2.03, -3.74, -1.71],
						"5.4": [2.04, -4.13, -1.56],
						"5.45": [2.03, -4.34, -1.51],
						"5.5": [2.21, -4.33, -1.5],
						"5.55": [2.38, -4.28, -1.47],
						"5.6": [2.36, -4.2, -1.39],
						"5.65": [2.25, -4.15, -1.28],
						"5.7": [2.09, -4.23, -1.15],
						"5.75": [1.95, -4.37, -1.04],
						"5.8": [1.94, -4.66, -0.95],
						"5.85": [1.82, -4.79, -0.93],
						"5.9": [1.71, -4.86, -0.93],
						"5.95": [1.88, -4.71, -1.01],
						"6.0": [1.9, -4.71, -1.04],
						"6.05": [1.89, -4.68, -1.02],
						"6.1": [1.85, -4.57, -0.9],
						"6.15": [1.78, -4.43, -0.73],
						"6.2": [1.74, -4.36, -0.61],
						"6.25": [1.78, -4.66, -0.64],
						"6.3": [1.81, -4.51, -0.68],
						"6.35": [1.82, -4.32, -0.72],
						"6.4": [1.79, -4.3, -0.75],
						"6.45": [1.74, -4.31, -0.78],
						"6.5": [1.71, -4.29, -0.8],
						"6.55": [1.71, -4.26, -0.8],
						"6.6": [1.71, -4.22, -0.8],
						"6.65": [1.72, -4.17, -0.79],
						"6.7": [1.74, -4.12, -0.79],
						"6.75": [1.75, -4.07, -0.78],
						"6.8": [1.77, -4.02, -0.77],
						"6.85": [1.78, -3.99, -0.77],
						"6.9": [1.8, -3.92, -0.76],
						"6.95": [1.81, -3.86, -0.76],
						"7.0": [1.83, -3.83, -0.76],
						"7.05": [1.84, -3.84, -0.76],
						"7.1": [1.84, -4.38, -0.77],
						"7.15": [1.84, -4.14, -0.77],
						"7.2": [1.84, -4.93, -1.07],
						"7.25": [1.81, -5.71, -1.56],
						"7.3": [1.74, -5.64, -2.18],
						"7.35": [1.6, -5.25, -3.06],
						"7.4": [1.36, -4.88, -3.675],
						"7.45": [1.08, -4.2, -4],
						"7.5": [0.8, -2.71, -4.52],
						"7.55": [0.52, -1.23, -4.04],
						"7.6": [0.23, -0.6, -1.48],
						"7.65": [0, -0.3, 0.95],
						"7.7": [-0.03, -0.09, 0.7],
						"7.75": [0, 0.02, -0.14],
						"7.8": [0, 0.07, -0.03],
						"7.85": [0, 0.12, 0.08],
						"7.9": [0, 0.08, 0.05],
						"7.95": [0, 0.04, 0.03],
						"8.0": [0, 0, 0]
					}
				},
				"mag_and_lefthand": {
					"rotation": {
						"1.85": [0, 0, 0],
						"1.9": [-7.25, -0.03, -1],
						"1.95": [-14.5, -0.07, -2],
						"2.0": [-16.25, -0.13, -6.02],
						"2.05": [-18, -0.19, -10.04],
						"2.1": [-30.21, -4.88, -35.06],
						"2.15": [-23.47, -1.54, -37.8],
						"2.2": [-15.17, 2.84, -37.16],
						"2.25": [-14.09, 5.06, -36.59],
						"2.3": [-14.92, 6.52, -35.04],
						"2.35": [-14.98, 7.3, -33.24],
						"2.4": [-15.1, 7.85, -31.03],
						"2.45": [-15.17, 8.07, -29.2],
						"2.5": [-15.17, 8.06, -28.8],
						"2.55": [-15.14, 8.01, -28.68],
						"2.6": [-15.11, 7.9, -28.69],
						"2.65": [-15.07, 7.72, -28.66],
						"2.7": [-15.03, 7.46, -28.43],
						"2.75": [-15, 7.12, -27.84],
						"2.8": [-14.99, 6.67, -26.72],
						"2.85": [-16.36, 2.97, -21.6],
						"2.9": [-15.16, 1.05, -9.17],
						"2.95": [-9.28, 4.04, 9.35],
						"3.0": [-1.08, 9.07, 32.68],
						"3.05": [5.57, 13.8, 51.69],
						"3.1": [10.39, 19.58, 66.7],
						"3.15": [12.39, 23.87, 73.57],
						"3.2": [12.39, 24.85, 73.96],
						"3.25": [11.43, 24.79, 71.44],
						"3.3": [10.62, 24.67, 69.27],
						"3.35": [10.31, 24.8, 68.53],
						"3.4": [10.17, 24.85, 68.19],
						"3.45": [9.84, 24.91, 67.56],
						"3.5": [9.71, 25.02, 67.1],
						"3.55": [9.79, 25.1, 67.12],
						"3.6": [9.93, 25.21, 67.24],
						"3.65": [10.11, 25.34, 67.41],
						"3.7": [10.31, 25.46, 67.57],
						"3.75": [10.5, 25.56, 67.65],
						"3.8": [10.67, 25.61, 67.6],
						"3.85": [10.8, 25.61, 67.35],
						"3.9": [10.94, 25.04, 64.61],
						"3.95": [11.07, 24.48, 61.87],
						"4.0": [10.31, 16.85, 21.65],
						"4.05": [11.46, 9.14, -19.76],
						"4.1": [7.58, 7.7, -32.91],
						"4.15": [6.03, 7.27, -34.77],
						"4.2": [-2.82, 0, -26.18],
						"4.25": [-13.21, 0, -19.95],
						"4.3": [-16.5, 0, -13.72],
						"4.35": [-26, 0, -5.515],
						"4.4": [-24.5, 0, -5.515],
						"4.45": [-22.5, 0, -5.515],
						"4.5": [-25.25, 0, 0],
						"4.55": [0, 0, 0]
					},
					"position": {
						"1.85": [0, 0, 0],
						"1.9": [0, -0.15, -0.255],
						"1.95": [0, -0.3, -0.28],
						"2.0": [0.15, -0.45, -0.35],
						"2.05": [0.3, -0.6, -0.6],
						"2.1": [1.4, -6.7, -5.4],
						"2.15": [1.97, -7.63, -5.1],
						"2.2": [2.6, -7.38, -4.51],
						"2.25": [3.14, -6.51, -3.39],
						"2.3": [3.72, -5.19, -2.37],
						"2.35": [4.2, -4.02, -1.61],
						"2.4": [4.64, -2.81, -1.1],
						"2.45": [4.91, -1.99, -0.98],
						"2.5": [5.04, -1.73, -0.98],
						"2.55": [5.11, -1.68, -1.08],
						"2.6": [5.13, -1.71, -1.15],
						"2.65": [5.12, -1.79, -1.16],
						"2.7": [5.07, -1.94, -1.17],
						"2.75": [5.01, -2.09, -1.15],
						"2.8": [4.95, -2.2, -1.1],
						"2.85": [4.79, -2.2, -0.83],
						"2.9": [4.75, -2.2, -0.6],
						"2.95": [5.46, -2.73, -0.84],
						"3.0": [6.82, -3.4, -1.21],
						"3.05": [8.15, -4.1, -1.7],
						"3.1": [8.52, -4.6, -2.36],
						"3.15": [8.55, -4.9, -2.9],
						"3.2": [8.55, -4.87, -2.96],
						"3.25": [8.5, -4.72, -2.87],
						"3.3": [8.45, -4.6, -2.8],
						"3.35": [8.39, -4.58, -2.79],
						"3.4": [8.35, -4.6, -2.8],
						"3.45": [8.36, -4.6, -2.78],
						"3.5": [8.35, -4.6, -2.8],
						"3.55": [8.34, -4.59, -2.83],
						"3.6": [8.32, -4.58, -2.86],
						"3.65": [8.3, -4.57, -2.91],
						"3.7": [8.28, -4.56, -2.95],
						"3.75": [8.25, -4.55, -2.99],
						"3.8": [8.21, -4.55, -3.03],
						"3.85": [8.16, -4.55, -3.05],
						"3.9": [7.92, -4.62, -3.03],
						"3.95": [7.68, -4.7, -3],
						"4.0": [4.28, -5, -2.25],
						"4.05": [0.97, -4.63, -1.69],
						"4.1": [0.62, -4.01, -1.18],
						"4.15": [1.1, -2.8, -0.21],
						"4.2": [1.1, -2, -0.21],
						"4.25": [0.75, -1.5, -0.36],
						"4.3": [0.4, -1, -0.51],
						"4.35": [0.1, -1, -1.49],
						"4.4": [0.1, -1, -1.58],
						"4.45": [0.1, -1, -1.47],
						"4.5": [0.05, -0.5, -1.24],
						"4.55": [0, 0, 0]
					}
				},
				"bullet": {
					"scale": {
						"0.0": [0, 0, 0],
						"7.8": {
							"pre": [0, 0, 0],
							"post": [1, 1, 1]
						}
					}
				},
				"lefthand": {
					"rotation": {
						"0.0": [81.63767, -21.82367, -128.45709],
						"0.15": [108.12763, -36.77828, -187.84224],
						"0.3": [99.03115, -38.66116, -175.88398],
						"1.5": [99.03, -38.665, -175.88],
						"1.55": [100.84, -31.375, -181.84],
						"1.6": [103.46, -20.975, -190.33],
						"1.65": [106.31, -10.675, -198.62],
						"1.7": [110.78, 4.665, -210.72],
						"1.75": [115.56, 16.435, -219.61],
						"1.8": [120.47, 16.135, -218.13],
						"1.85": [125.38, 15.845, -216.65],
						"1.9": [124.62, 15.475, -215.72],
						"1.95": [123.86, 15.105, -214.8],
						"2.0": [121.63, 6.495, -211.76],
						"2.05": [119.4, -2.115, -208.73],
						"2.1": [111.8, 4.775, -195.47],
						"2.15": [109.53, 8.585, -194.23],
						"2.2": [107.25, 12.385, -192.98],
						"2.25": [104.97, 16.195, -191.74],
						"2.3": [106.67, 16.145, -191.53],
						"2.35": [108.36, 16.085, -191.32],
						"2.4": [110.05, 16.025, -191.11],
						"2.75": [110.05473, 16.02758, -191.11203],
						"2.9": [108.49, 16.785, -191.9],
						"3.0": [109.1233, 12.90372, -180.52526],
						"4.0": [109.1233, 12.90372, -180.52526],
						"4.1": [115.79932, 14.7925, -209.45764],
						"4.75": [115.79932, 14.7925, -209.45764],
						"4.95": [111.59, -4.925, -161.53],
						"5.05": [72.4533, -18.06635, -129.57361],
						"5.3": [69.4533, -18.06635, -129.57361],
						"7.4": [71.4533, -18.06635, -129.57361],
						"7.55": [81.63767, -21.82367, -128.45709]
					},
					"position": {
						"0.0": [7.4, -15.2, -6.5],
						"0.15": [14.3, -27.8, -3.8],
						"0.3": [9.9, -45.2, 22.9],
						"1.5": [9.9, -45.2, 22.9],
						"1.55": [8.99, -36.38, 15.62],
						"1.6": [8.09, -27.57, 8.33],
						"1.65": [7.18, -18.75, 1.05],
						"1.7": [7.27, -17.62, -0.23],
						"1.75": [7.35, -16.5, -1.5],
						"1.8": [7.35, -16.5, -1.5],
						"1.85": [7.35, -16.5, -1.5],
						"1.9": [7.35, -16.5, -1.5],
						"1.95": [7.35, -16.5, -1.5],
						"2.0": [7.35, -16.74, -1.3],
						"2.05": [7.35, -16.98, -1.1],
						"2.1": [7.34, -16.96, -1.01],
						"2.15": [7.33, -16.95, -0.92],
						"2.2": [7.32, -16.93, -0.83],
						"2.25": [7.31, -16.92, -0.74],
						"2.9": [7.31, -16.92, -0.745],
						"3.0": [8.54, -16.78, -1.6],
						"4.0": [8.54, -16.78, -1.6],
						"4.1": [7.65, -17.1, -1.275],
						"4.75": [7.65, -17.1, -1.275],
						"4.9": [7.91, -15.06, -4.48],
						"5.05": [8.1, -14.1, -8.5],
						"7.4": [8.1, -14.1, -8.5],
						"7.55": [7.4, -15.2, -6.5]
					},
					"scale": [1, 1.5, 1]
				},
				"magrelease": {
					"rotation": {
						"1.7": [0, 0, 0],
						"1.75": [-20, 0, 0],
						"2.2": [-20, 0, 0],
						"2.25": [0, 0, 0],
						"4.5": [0, 0, 0],
						"4.55": [-20, 0, 0],
						"4.65": [0, 0, 0]
					}
				},
				"additional_magazine": {
					"scale": {
						"0.0": [0, 0, 0],
						"2.2": [0, 0, 0],
						"7.3": [0, 0, 0],
						"8.05": {
							"pre": [0, 0, 0],
							"post": [1, 1, 1]
						}
					}
				},
				"bolt2": {
					"position": {
						"5.35": [0, 0, 0],
						"5.45": [0, -0.375, 3.38125],
						"5.5": [0, -0.375, 3.38125],
						"5.55": [0, 0, 0],
						"5.6": [0, 0, 0.185],
						"5.65": [0, 0, 0],
						"5.75": [0, 0, 0],
						"5.85": [0, -0.375, 3.38125],
						"5.9": [0, -0.375, 3.38125],
						"5.95": [0, 0, 0],
						"6.0": [0, 0, 0.185],
						"6.05": [0, 0, 0],
						"6.2": [0, 0, 0],
						"6.25": [0, -0.375, 3.38125],
						"7.05": [0, -0.375, 3.38125],
						"7.1": [0, 0, 0],
						"7.15": [0, 0, 0.185],
						"7.2": [0, 0, 0]
					}
				},
				"charger": {
					"position": {
						"5.35": [0, 0, 0],
						"5.45": [0, 0, 3.835],
						"5.5": [0, 0, 3.835],
						"5.55": [0, 0, 0],
						"5.6": [0, 0, 0.185],
						"5.65": [0, 0, 0],
						"5.75": [0, 0, 0],
						"5.85": [0, 0, 3.835],
						"5.9": [0, 0, 3.835],
						"5.95": [0, 0, 0],
						"6.0": [0, 0, 0.185],
						"6.05": [0, 0, 0],
						"6.2": [0, 0, 0],
						"6.25": [0, 0, 3.835],
						"7.05": [0, 0, 3.835],
						"7.1": [0, 0, 0],
						"7.15": [0, 0, 0.185],
						"7.2": [0, 0, 0]
					}
				},
				"righthand": {
					"rotation": {
						"0.0": [95, 0, -180],
						"5.0": [100.04, 4.92, -179.13],
						"5.05": [97.09, -1.21, -153.71],
						"5.1": [94.15, -7.33, -128.29],
						"5.15": [91.2, -13.46, -102.88],
						"5.2": [88.26, -19.59, -77.46],
						"5.25": [89.34, -16.59, -77.44],
						"5.3": [90.42, -13.59, -77.42],
						"5.35": [91.5, -10.59, -77.39],
						"5.4": [91.92, -16.56, -77.09],
						"5.45": [92.5, -45.25, -77.06],
						"5.5": [94.37, -43.71, -81.15],
						"5.55": [97.08, -38.36, -87.23],
						"5.6": [99.49, -31.75, -92.71],
						"5.65": [100.45, -26.44, -94.97],
						"5.7": [96.44, -19.68, -86.41],
						"5.75": [91.34, -14.79, -75.41],
						"5.8": [90.54, -10.82, -73.73],
						"5.85": [90.93, -40.08, -75.52],
						"5.9": [91.3, -37.29, -77.31],
						"5.95": [91.82, -30.64, -79.86],
						"6.0": [92.37, -22.32, -82.52],
						"6.05": [92.81, -14.52, -84.6],
						"6.1": [93.01, -9.41, -85.42],
						"6.15": [92.25, -5.17, -80.89],
						"6.2": [91.31, -9.79, -75.29],
						"6.25": [92.03, -50.02, -76.62],
						"6.3": [93.95, -51.79, -79.35],
						"6.35": [96.46, -48.66, -82.87],
						"6.4": [98.1, -46.08, -85.2],
						"6.45": [98.15, -46, -85.34],
						"6.5": [97.54, -46.32, -84.61],
						"6.55": [96.75, -46.76, -83.6],
						"6.6": [96.23, -47.05, -82.94],
						"6.65": [96.05, -47.11, -82.77],
						"6.7": [95.78, -47.18, -82.55],
						"6.75": [95.46, -47.25, -82.32],
						"6.8": [95.16, -47.31, -82.12],
						"6.85": [94.95, -47.35, -81.98],
						"6.9": [94.89, -47.35, -81.96],
						"6.95": [95.05, -47.31, -82.08],
						"7.0": [95.47, -47.21, -82.39],
						"7.05": [96.23, -47.05, -82.94],
						"7.1": [113.33, -43.46, -95.1],
						"7.15": [112.4, -35.88, -108.65],
						"7.2": [109.56, -25.01, -127.57],
						"7.25": [105.85, -13.1, -148.12],
						"7.3": [102.33, -2.37, -166.55],
						"7.35": [95, 0, -180]
					},
					"position": {
						"0.0": [-6.2, -15, 7],
						"5.0": [-6.2, -15, 7],
						"5.05": [-8.01, -13.35, 5.48],
						"5.1": [-8.85, -12.28, 3.08],
						"5.15": [-9.43, -12.825, 0.8],
						"5.2": [-9.05, -12.065, -0.15],
						"5.25": [-9.05, -12.065, -0.15],
						"5.3": [-9.05, -12.065, -0.15],
						"5.35": [-9.05, -12.065, -0.15],
						"5.4": [-9.05, -12.205, 2.01],
						"5.45": [-9.05, -12.335, 4.18],
						"5.5": [-9.13, -12.465, 4.16],
						"5.55": [-10.64, -12.24, 4.65],
						"5.6": [-10.5, -11.97, 3.79],
						"5.65": [-10.08, -11.7, 2.53],
						"5.7": [-9.7, -11.57, 1.44],
						"5.75": [-9.05, -12.18, -0.15],
						"5.8": [-9, -12.42, 1.84],
						"5.85": [-9.04, -12.59, 4],
						"5.9": [-9.04, -12.59, 3.8],
						"5.95": [-9.04, -13.38, 5.09],
						"6.0": [-9.04, -13.09, 3.34],
						"6.05": [-9.05, -12.2, 1.59],
						"6.1": [-9.05, -12.47, -0.15],
						"6.15": [-9.05, -12.47, -0.15],
						"6.2": [-9.05, -12.47, -0.15],
						"6.25": [-9.05, -12.49, 4.39],
						"6.3": [-9.05, -12.49, 4.39],
						"6.35": [-9.05, -12.49, 4.39],
						"6.4": [-9.05, -12.49, 4.39],
						"6.45": [-9.05, -12.49, 4.39],
						"6.5": [-9.05, -12.49, 4.39],
						"6.55": [-9.05, -12.49, 4.39],
						"6.6": [-9.05, -12.49, 4.39],
						"6.65": [-9.05, -12.49, 4.39],
						"6.7": [-9.05, -12.49, 4.39],
						"6.75": [-9.05, -12.49, 4.39],
						"6.8": [-9.05, -12.49, 4.39],
						"6.85": [-9.05, -12.49, 4.39],
						"6.9": [-9.05, -12.49, 4.39],
						"6.95": [-9.05, -12.49, 4.39],
						"7.0": [-9.05, -12.49, 4.39],
						"7.05": [-9.05, -12.49, 4.39],
						"7.1": [-8.96, -11.94, 3.16],
						"7.15": [-8.63, -12.38, 3.72],
						"7.2": [-8.14, -12.89, 4.66],
						"7.25": [-7.61, -13.42, 5.75],
						"7.3": [-7.13, -13.88, 6.74],
						"7.35": [-6.2, -15, 7]
					},
					"scale": [1, 1.5, 1]
				},
				"camera": {
					"rotation": {
						"0.0": [0, 0, 0],
						"0.05": [0.46, 0.14, -0.11],
						"0.1": [1.1, 0.33, -0.27],
						"0.15": [1.72, 0.5, -0.45],
						"0.2": [2.14, 0.6, -0.61],
						"0.25": [2.56, 0.68, -0.8],
						"0.3": [2.92, 0.75, -0.98],
						"0.35": [3.18, 0.8, -1.1],
						"0.4": [3.26, 0.77, -1.15],
						"0.45": [3.21, 0.69, -1.14],
						"0.5": [3.14, 0.66, -1.12],
						"0.55": [3.13, 0.8, -1.1],
						"0.6": [3.08, 1.15, -1.09],
						"0.65": [2.99, 1.65, -1.07],
						"0.7": [3.09, 2.26, -1.07],
						"0.75": [3.59, 2.93, -1.1],
						"0.8": [4.41, 3.52, -1.17],
						"0.85": [5.56, 4.17, -1.27],
						"0.9": [6.86, 4.87, -1.38],
						"0.95": [8.16, 5.58, -1.48],
						"1.0": [9.3, 6.27, -1.55],
						"1.05": [11, 7.52, -1.58],
						"1.1": [12.55, 8.76, -1.57],
						"1.15": [13.61, 9.68, -1.55],
						"1.2": [14.02, 10.07, -1.55],
						"1.25": [14.32, 10.41, -1.55],
						"1.3": [14.41, 10.6, -1.55],
						"1.35": [14.19, 10.53, -1.55],
						"1.4": [13.55, 10.08, -1.55],
						"1.45": [12.54, 9.26, -1.56],
						"1.5": [11.11, 8.06, -1.57],
						"1.55": [9.43, 6.66, -1.58],
						"1.6": [7.7, 5.22, -1.58],
						"1.65": [6.1, 3.91, -1.58],
						"1.7": [4.82, 2.93, -1.55],
						"1.75": [3.01, 1.78, -1.42],
						"1.8": [1.73, 1.19, -1.23],
						"1.85": [0.9, 0.8, -1.1],
						"1.9": [0.63, 0.61, -1.12],
						"1.95": [0.67, 0.57, -1.22],
						"2.0": [0.85, 0.57, -1.25],
						"2.05": [1, 0.5, -1.1],
						"2.1": [1.5, -0.3, 1.2],
						"2.15": [1.12, -0.43, -0.85],
						"2.2": [0.7, -0.5, -2.95],
						"2.25": [0.66, -0.61, -2.26],
						"2.3": [0.9, -0.8, -1.1],
						"2.35": [1.18, -0.97, -1.06],
						"2.4": [1.57, -1.19, -1.21],
						"2.45": [1.97, -1.42, -1.42],
						"2.5": [2.3, -1.6, -1.55],
						"2.55": [2.54, -1.74, -1.58],
						"2.6": [2.73, -1.85, -1.58],
						"2.65": [2.88, -1.94, -1.56],
						"2.7": [3, -2, -1.55],
						"2.75": [3.06, -1.98, -1.54],
						"2.8": [3.08, -1.89, -1.51],
						"2.85": [3.08, -1.86, -1.51],
						"2.9": [3.09, -2, -1.55],
						"2.95": [3.11, -2.31, -1.64],
						"3.0": [3.14, -2.76, -1.77],
						"3.05": [3.17, -3.26, -1.91],
						"3.1": [3.19, -3.74, -2.04],
						"3.15": [3.2, -4.1, -2.12],
						"3.2": [3.2, -4.34, -2.16],
						"3.25": [3.18, -4.51, -2.17],
						"3.3": [3.16, -4.64, -2.15],
						"3.35": [3.13, -4.73, -2.13],
						"3.4": [3.11, -4.8, -2.12],
						"3.45": [3.1, -4.84, -2.12],
						"3.5": [3.09, -4.86, -2.12],
						"3.55": [3.07, -4.86, -2.12],
						"3.6": [3.06, -4.85, -2.12],
						"3.65": [3.04, -4.83, -2.12],
						"3.7": [3, -4.8, -2.12],
						"3.75": [2.97, -4.82, -2.13],
						"3.8": [2.94, -4.89, -2.13],
						"3.85": [2.91, -4.94, -2.13],
						"3.9": [2.85, -4.94, -2.13],
						"3.95": [2.75, -4.81, -2.13],
						"4.0": [2.6, -4.5, -2.12],
						"4.05": [2.31, -3.78, -2.11],
						"4.1": [1.91, -2.74, -2.1],
						"4.15": [1.49, -1.6, -2.08],
						"4.2": [1.09, -0.55, -2.05],
						"4.25": [0.8, 0.2, -2],
						"4.3": [0.61, 0.59, -1.95],
						"4.35": [0.47, 0.76, -1.9],
						"4.4": [0.38, 0.8, -1.83],
						"4.45": [0.36, 0.78, -1.72],
						"4.5": [0.4, 0.8, -1.55],
						"4.55": [1.5, 0.8, 0.02],
						"4.6": [1.14, 0.8, -1.12],
						"4.65": [0.7, 0.8, -2.33],
						"4.7": [0.84, 0.85, -1.89],
						"4.75": [1.1, 0.8, -1.2],
						"4.8": [1.12, 0.58, -1.22],
						"4.85": [1.12, 0.27, -1.4],
						"4.9": [1.3, 0, -1.55],
						"4.95": [1.67, -0.14, -1.57],
						"5.0": [2.19, -0.24, -1.57],
						"5.05": [2.71, -0.33, -1.56],
						"5.1": [3.1, -0.4, -1.55],
						"5.15": [3.28, -0.44, -1.54],
						"5.2": [3.41, -0.47, -1.53],
						"5.25": [3.47, -0.48, -1.51],
						"5.3": [3.5, -0.49, -1.52],
						"5.35": [3.5, -0.5, -1.55],
						"5.4": [3.25, -0.51, -1.88],
						"5.45": [2.97, -0.5, -2.06],
						"5.5": [3.19, -0.49, -0.81],
						"5.55": [4.17, -0.49, -1.79],
						"5.6": [4.52, -0.49, -1.46],
						"5.65": [4.67, -0.49, -1.06],
						"5.7": [4.43, -0.49, -1.16],
						"5.75": [4.03, -0.48, -1.41],
						"5.8": [3.63, -0.47, -1.72],
						"5.85": [3.32, -0.46, -1.84],
						"5.9": [3.46, -0.45, -0.69],
						"5.95": [4.47, -0.45, -1.75],
						"6.0": [4.57, -0.45, -1.65],
						"6.05": [4.56, -0.44, -1.39],
						"6.1": [4.47, -0.43, -1.22],
						"6.15": [4.2, -0.42, -1.32],
						"6.2": [3.85, -0.41, -1.52],
						"6.25": [3.7, -0.4, -1.58],
						"6.3": [4.76, -0.4, -0.61],
						"6.35": [4.2, -0.4, -1.14],
						"6.4": [3.56, -0.4, -1.69],
						"6.45": [3.61, -0.4, -1.53],
						"6.5": [3.84, -0.4, -1.16],
						"6.55": [3.97, -0.4, -0.91],
						"6.6": [3.9, -0.4, -0.94],
						"6.65": [3.75, -0.4, -1.05],
						"6.7": [3.59, -0.4, -1.19],
						"6.75": [3.45, -0.4, -1.27],
						"6.8": [3.3, -0.4, -1.26],
						"6.85": [3.18, -0.4, -1.19],
						"6.9": [3.11, -0.4, -1.13],
						"6.95": [3.1, -0.4, -1.13],
						"7.0": [3.15, -0.41, -1.14],
						"7.05": [3.27, -0.41, -1.06],
						"7.1": [4.14, -0.42, -0.14],
						"7.15": [3.69, -0.42, -0.44],
						"7.2": [3.07, -0.42, -0.86],
						"7.25": [2.72, -0.42, -1.01],
						"7.3": [2.55, -0.4, -0.89],
						"7.35": [2.76, -0.33, -0.19],
						"7.4": [2.92, -0.26, 0.52],
						"7.45": [2.59, -0.22, 0.67],
						"7.5": [1.97, -0.18, 0.57],
						"7.55": [0.95, -0.08, 0.19],
						"7.6": [0.03, 0, 0],
						"7.65": [-0.15, 0, 1.6],
						"7.7": [-0.06, 0, 0.53],
						"7.75": [0.05, 0, -0.64],
						"7.8": [0.05, 0, -0.58],
						"7.85": [0.02, 0, -0.2],
						"7.9": [0, 0, 0.09],
						"7.95": [0, 0, 0.13],
						"8.0": [0, 0, 0.11],
						"8.05": [0, 0, 0.07],
						"8.1": [0, 0, 0.03],
						"8.15": [0, 0, 0]
					}
				}
			},
			"sound_effects": {
				"0.0": {
					"effect": "tacz:ak47/ak47_inspect_up"
				},
				"1.65": {
					"effect": "tacz:ak47/ak47_inspect_raise_grab"
				},
				"1.75": {
					"effect": "tacz:ak47/ak47_inspect_magout"
				},
				"2.6": {
					"effect": "tacz:ak47/ak47_inspect_mvt"
				},
				"4.05": {
					"effect": "tacz:ak47/ak47_inspect_magbump"
				},
				"4.4": {
					"effect": "tacz:ak47/ak47_inspect_magin"
				},
				"4.7": {
					"effect": "tacz:ak47/ak47_inspect_turn"
				},
				"5.25": {
					"effect": "tacz:ak47/ak47_inspect_empty_chamber"
				},
				"6.8": {
					"effect": "tacz:ak47/ak47_inspect_empty_release"
				},
				"7.3": {
					"effect": "tacz:ak47/ak47_inspect_over"
				}
			}
		},
		"shoot": {
			"loop": true,
			"animation_length": 0.5667,
			"bones": {
				"root": {
					"rotation": {
						"0.0": [0, 0, 0],
						"0.0333": [-1.82, 0, 0.15],
						"0.0667": [-0.84, 0, 0.62],
						"0.1": [-0.44, 0, 0],
						"0.1333": [0.13, 0, -0.81],
						"0.1667": [-0.12, 0, 0.48],
						"0.2": [-0.12, 0, 0.3],
						"0.2333": [-0.04, 0, -0.54],
						"0.2667": [0.11, 0, -0.58],
						"0.3": [0.17, 0, -0.38],
						"0.3333": [0.27, 0, 0.04],
						"0.3667": [0.32, -0.01, 0.28],
						"0.4": [0.31, -0.03, 0.3],
						"0.4333": [0.29, -0.05, 0.3],
						"0.4667": [0.22, -0.05, 0.25],
						"0.5": [0.17, -0.04, 0.2],
						"0.5333": [0.07, -0.02, 0.09],
						"0.5667": [0, 0, 0]
					},
					"position": {
						"0.0": [0, 0, 0],
						"0.0333": [0, -0.07, 1.59],
						"0.0667": [0, -0.05, 1.34],
						"0.1": [0, -0.05, 1.19],
						"0.1333": [0, -0.08, 0.77],
						"0.1667": [0, -0.15, -0.1],
						"0.2": [0, -0.15, -0.14],
						"0.2333": [0, -0.13, -0.11],
						"0.2667": [0, -0.09, 0.03],
						"0.3": [0, -0.07, 0.06],
						"0.3333": [0, -0.05, 0.05],
						"0.3667": [0, -0.02, 0.02],
						"0.4": [0, -0.01, 0.01],
						"0.4333": [0, 0, 0],
						"0.4667": [0, 0.01, 0],
						"0.5": [0, 0, 0],
						"0.5333": [0, 0, 0],
						"0.5667": [0, 0, 0]
					}
				},
				"constraint": {
					"rotation": {
						"0.1667": [0.3, 0.3, 0.3],
						"0.2333": [0.1, 0.1, 0.1],
						"0.3333": [0, 0, 0]
					},
					"position": {
						"0.1667": [0.15, 0.05, 0.4],
						"0.2333": [0.1, 0, 0.1],
						"0.3333": [0, 0, 0]
					}
				},
				"additional_magazine": {
					"scale": 1
				},
				"bolt2": {
					"position": {
						"0.0": [0, 0, 0],
						"0.0333": [0, -0.375, 3.38125],
						"0.1": [0, 0, 0]
					}
				},
				"camera": {
					"rotation": {
						"0.0": [0, 0, 0],
						"0.0333": [0, 0, 1.02],
						"0.0667": [0, 0, 0.6],
						"0.1": [0, 0, 0.41],
						"0.1333": [0, 0, -0.3],
						"0.1667": [0, 0, 0.23],
						"0.2": [0, 0, 0.35],
						"0.2333": [0, 0, 0.2],
						"0.2667": [0, 0, -0.15],
						"0.3": [0, 0, -0.16],
						"0.3333": [0, 0, -0.11],
						"0.3667": [0, 0, 0]
					}
				}
			}
		}
	}
}