{
  "type": "whizz",
  "target": {

    "type": "ammo",
    "values": [
      "tacz:50bmg",
      "bggp:105x372r",
      "bggp:6x105_art",
      "bggp:120x570nato",
      "bggp:40x365r",
      "ea:127x55",
      "ea:416barrett"
    ]
  },
  "sounds": [
    {
      "threshold": 16.0,
      "sound": {
        "sound": "minecraft:hcal.crack",
        "volume": 1
      }
    },
    {
      "threshold": 8.0,
      "sound": {
        "sound": "minecraft:hcal.flyby",
        "volume": 1
      }
    }
  ]
}