{
  "type": "whizz",
  "target": {
    // "type": "speed",
    // "values": [
    //   {
    //     "min": 340.0
    //   }
    // ],

    "type": "ammo",
    "values": [
      "tacz:762x39",
      "ea:366tkm",
      "tacz:308",
      "ea:300winmag",
      "ea:602x41",
      "ea:500sw",
      "ea:50beowulf",
      "ea:410bore",
      "tacz:12g",
      "maxstuff:12g_fl",
      "hamster:medium_ammo",
      "tacz:50ae",
      "tacz:357mag"
    ]
  },
  "sounds": [
    {
      "threshold": 15.0,
      "sound": {
        "sound": "minecraft:762.crack",
        "volume": 2
      }
    },
    {
      "threshold": 5.0,
      "sound": {
        "sound": "minecraft:762.flyby",
        "volume": 1
      }
    }
  ]
}