{
	"credit": "Made with Blockbench",
	"texture_size": [32, 32],
	"textures": {
		"2": "weapons/binoculars"
	},
	"elements": [
		{
			"name": "hinge",
			"from": [7, 5.75, 3.5],
			"to": [9, 6.75, 7.5],
			"rotation": {"angle": 0, "axis": "y", "origin": [8.5, 4, 8]},
			"faces": {
				"north": {"uv": [6.5, 8, 7.5, 8.5], "texture": "#2"},
				"east": {"uv": [10.5, 8, 12.5, 8.5], "texture": "#2"},
				"south": {"uv": [6.5, 8.5, 7.5, 9], "texture": "#2"},
				"west": {"uv": [8.5, 10.5, 10.5, 11], "texture": "#2"},
				"up": {"uv": [11.5, 8, 10.5, 6], "texture": "#2"},
				"down": {"uv": [8.5, 10.5, 7.5, 12.5], "texture": "#2"}
			}
		},
		{
			"from": [2.25, 2.75, 3],
			"to": [7.5, 6.25, 8],
			"rotation": {"angle": 0, "axis": "z", "origin": [7.5, 6.25, 8]},
			"faces": {
				"north": {"uv": [0, 5, 2.5, 7], "texture": "#2"},
				"east": {"uv": [5, 0, 7.5, 2], "texture": "#2"},
				"south": {"uv": [5, 2, 7.5, 4], "texture": "#2"},
				"west": {"uv": [2.5, 5, 5, 7], "texture": "#2"},
				"up": {"uv": [2.5, 2.5, 0, 0], "texture": "#2"},
				"down": {"uv": [2.5, 2.5, 0, 5], "texture": "#2"}
			}
		},
		{
			"from": [4.75, 3.25, 7.75],
			"to": [7.25, 5.75, 11],
			"rotation": {"angle": 0, "axis": "z", "origin": [7.5, 6.25, 8]},
			"faces": {
				"north": {"uv": [9, 0, 10.5, 1.5], "texture": "#2"},
				"east": {"uv": [1.5, 9, 3, 10.5], "texture": "#2"},
				"south": {"uv": [9, 1.5, 10.5, 3], "texture": "#2"},
				"west": {"uv": [3, 9, 4.5, 10.5], "texture": "#2"},
				"up": {"uv": [10.5, 4.5, 9, 3], "texture": "#2"},
				"down": {"uv": [10.5, 4.5, 9, 6], "texture": "#2"}
			}
		},
		{
			"from": [4.5, 3, 8.875],
			"to": [7.5, 6, 9.875],
			"rotation": {"angle": 0, "axis": "z", "origin": [7.5, 6.25, 8]},
			"faces": {
				"north": {"uv": [5, 8, 6.5, 9.5], "texture": "#2"},
				"east": {"uv": [10.5, 10.5, 11, 12], "texture": "#2"},
				"south": {"uv": [0, 9, 1.5, 10.5], "texture": "#2"},
				"west": {"uv": [4.5, 11, 5, 12.5], "texture": "#2"},
				"up": {"uv": [12, 9, 10.5, 8.5], "texture": "#2"},
				"down": {"uv": [10, 11, 8.5, 11.5], "texture": "#2"}
			}
		},
		{
			"from": [1.85, 3, 1.5],
			"to": [4.85, 6, 4.25],
			"rotation": {"angle": 0, "axis": "z", "origin": [7.5, 6.25, 8]},
			"faces": {
				"north": {"uv": [7.5, 0, 9, 1.5], "texture": "#2"},
				"east": {"uv": [7.5, 1.5, 9, 3], "texture": "#2"},
				"south": {"uv": [7.5, 3, 9, 4.5], "texture": "#2"},
				"west": {"uv": [7.5, 4.5, 9, 6], "texture": "#2"},
				"up": {"uv": [9, 7.5, 7.5, 6], "texture": "#2"},
				"down": {"uv": [9, 7.5, 7.5, 9], "texture": "#2"}
			}
		},
		{
			"from": [8.5, 3, 8.875],
			"to": [11.5, 6, 9.875],
			"rotation": {"angle": 0, "axis": "y", "origin": [9, 5.75, 7.875]},
			"faces": {
				"north": {"uv": [0, 10.5, 1.5, 12], "texture": "#2"},
				"east": {"uv": [5, 11, 5.5, 12.5], "texture": "#2"},
				"south": {"uv": [10.5, 0, 12, 1.5], "texture": "#2"},
				"west": {"uv": [5.5, 11, 6, 12.5], "texture": "#2"},
				"up": {"uv": [12.5, 9.5, 11, 9], "texture": "#2"},
				"down": {"uv": [12.5, 9.5, 11, 10], "texture": "#2"}
			}
		},
		{
			"from": [8.75, 3.25, 7.75],
			"to": [11.25, 5.75, 11],
			"rotation": {"angle": 0, "axis": "y", "origin": [9, 5.75, 7.875]},
			"faces": {
				"north": {"uv": [1.5, 10.5, 3, 12], "texture": "#2"},
				"east": {"uv": [10.5, 1.5, 12, 3], "texture": "#2"},
				"south": {"uv": [3, 10.5, 4.5, 12], "texture": "#2"},
				"west": {"uv": [10.5, 3, 12, 4.5], "texture": "#2"},
				"up": {"uv": [12, 6, 10.5, 4.5], "texture": "#2"},
				"down": {"uv": [7.5, 10.5, 6, 12], "texture": "#2"}
			}
		},
		{
			"from": [8.5, 2.75, 3],
			"to": [13.75, 6.25, 8],
			"rotation": {"angle": 0, "axis": "y", "origin": [9, 5.75, 7.875]},
			"faces": {
				"north": {"uv": [5, 4, 7.5, 6], "texture": "#2"},
				"east": {"uv": [5, 6, 7.5, 8], "texture": "#2"},
				"south": {"uv": [0, 7, 2.5, 9], "texture": "#2"},
				"west": {"uv": [2.5, 7, 5, 9], "texture": "#2"},
				"up": {"uv": [5, 2.5, 2.5, 0], "texture": "#2"},
				"down": {"uv": [5, 2.5, 2.5, 5], "texture": "#2"}
			}
		},
		{
			"from": [11.15, 3, 1.5],
			"to": [14.15, 6, 4.25],
			"rotation": {"angle": 0, "axis": "y", "origin": [9, 5.75, 7.875]},
			"faces": {
				"north": {"uv": [9, 6, 10.5, 7.5], "texture": "#2"},
				"east": {"uv": [6.5, 9, 8, 10.5], "texture": "#2"},
				"south": {"uv": [9, 7.5, 10.5, 9], "texture": "#2"},
				"west": {"uv": [8, 9, 9.5, 10.5], "texture": "#2"},
				"up": {"uv": [6, 11, 4.5, 9.5], "texture": "#2"},
				"down": {"uv": [11, 9, 9.5, 10.5], "texture": "#2"}
			}
		}
	],
	"display": {
		"thirdperson_righthand": {
			"translation": [0, 2.25, 2],
			"scale": [0.5, 0.5, 0.5]
		},
		"thirdperson_lefthand": {
			"translation": [0, 2.25, 2],
			"scale": [0.5, 0.5, 0.5]
		},
		"firstperson_righthand": {
			"rotation": [-1.25, 0, 0],
			"translation": [-9, 0, 4.5]
		},
		"firstperson_lefthand": {
			"rotation": [0, 15, 20],
			"translation": [-1.5, 5.5, 0]
		},
		"ground": {
			"translation": [-0.25, 1, 1.25],
			"scale": [0.6, 0.6, 0.6]
		},
		"gui": {
			"rotation": [45, -45, 0],
			"translation": [-2.5, 1, 0],
			"scale": [1.13, 1.13, 1.13]
		},
		"head": {
			"translation": [0, 11.5, 2]
		},
		"fixed": {
			"rotation": [90, 180, 180],
			"translation": [0, 1.75, -4.25]
		}
	},
	"groups": [
		0,
		{
			"name": "left_eyepiece",
			"origin": [3.85, 3, 8],
			"color": 0,
			"children": [1, 2, 3, 4]
		},
		{
			"name": "right_eyepiece",
			"origin": [12.15, 3, 8],
			"color": 0,
			"children": [5, 6, 7, 8]
		}
	]
}