{
	"credit": "Made with Blockbench",
	"textures": {
		"1": "weapons/stielhandgranate",
		"particle": "weapons/stielhandgranate"
	},
	"elements": [
		{
			"from": [7.125, 0, 7.125],
			"to": [8.875, 0.25, 8.875],
			"rotation": {"angle": 0, "axis": "y", "origin": [7.125, 0, 7.375]},
			"faces": {
				"north": {"uv": [9, 13, 11, 13.5], "texture": "#1"},
				"east": {"uv": [11, 13, 13, 13.5], "texture": "#1"},
				"south": {"uv": [13, 13, 15, 13.5], "texture": "#1"},
				"west": {"uv": [0, 14, 2, 14.5], "texture": "#1"},
				"up": {"uv": [13, 5, 11, 3], "texture": "#1"},
				"down": {"uv": [13, 5, 11, 7], "texture": "#1"}
			}
		},
		{
			"from": [7.25, 0.25, 7.25],
			"to": [8.75, 10.25, 8.75],
			"rotation": {"angle": 0, "axis": "y", "origin": [7.25, 0, 7.25]},
			"faces": {
				"north": {"uv": [0, 0, 1.5, 10], "texture": "#1"},
				"east": {"uv": [2, 0, 3.5, 10], "texture": "#1"},
				"south": {"uv": [4, 0, 5.5, 10], "texture": "#1"},
				"west": {"uv": [6, 0, 7.5, 10], "texture": "#1"}
			}
		},
		{
			"from": [6.75, 10.5, 6.75],
			"to": [9.25, 14, 9.25],
			"rotation": {"angle": 0, "axis": "y", "origin": [7.25, 0, 7.25]},
			"faces": {
				"north": {"uv": [8, 6, 10.5, 9.5], "texture": "#1"},
				"east": {"uv": [0, 10, 2.5, 13.5], "texture": "#1"},
				"south": {"uv": [3, 10, 5.5, 13.5], "texture": "#1"},
				"west": {"uv": [6, 10, 8.5, 13.5], "texture": "#1"},
				"up": {"uv": [11.5, 12.5, 9, 10], "texture": "#1"},
				"down": {"uv": [13.5, 0, 11, 2.5], "texture": "#1"}
			}
		},
		{
			"from": [6.625, 10, 6.625],
			"to": [9.375, 10.5, 9.375],
			"rotation": {"angle": 0, "axis": "y", "origin": [7.125, 0, 7.375]},
			"faces": {
				"north": {"uv": [12, 10, 15, 10.5], "texture": "#1"},
				"east": {"uv": [12, 11, 15, 11.5], "texture": "#1"},
				"south": {"uv": [12, 12, 15, 12.5], "texture": "#1"},
				"west": {"uv": [13, 3, 16, 3.5], "texture": "#1"},
				"up": {"uv": [11, 3, 8, 0], "texture": "#1"},
				"down": {"uv": [11, 3, 8, 6], "texture": "#1"}
			}
		},
		{
			"from": [7.5, 11.25, 9.5],
			"to": [8.5, 13.75, 9.75],
			"rotation": {"angle": 0, "axis": "y", "origin": [7.25, 0, 7.25]},
			"faces": {
				"north": {"uv": [11, 7, 12, 9.5], "texture": "#1"},
				"east": {"uv": [13, 4, 13.5, 6.5], "texture": "#1"},
				"south": {"uv": [12, 7, 13, 9.5], "texture": "#1"},
				"west": {"uv": [13, 7, 13.5, 9.5], "texture": "#1"},
				"up": {"uv": [15, 0.5, 14, 0], "texture": "#1"},
				"down": {"uv": [15, 1, 14, 1.5], "texture": "#1"}
			}
		},
		{
			"from": [7.5, 13.25, 9.25],
			"to": [8.5, 13.75, 9.5],
			"rotation": {"angle": 0, "axis": "y", "origin": [7.25, 0, 7.25]},
			"faces": {
				"east": {"uv": [3, 14, 3.5, 14.5], "texture": "#1"},
				"west": {"uv": [4, 14, 4.5, 14.5], "texture": "#1"},
				"up": {"uv": [3, 14.5, 2, 14], "texture": "#1"},
				"down": {"uv": [15, 2, 14, 2.5], "texture": "#1"}
			}
		}
	],
	"gui_light": "front",
	"display": {
		"thirdperson_righthand": {
			"rotation": [-7, 90, 0],
			"translation": [0, 2.5, -0.25]
		},
		"firstperson_righthand": {
			"rotation": [-18, 21, -7],
			"translation": [3.25, 2, -3.75]
		},
		"ground": {
			"translation": [0, 1.25, 0],
			"scale": [0.5, 0.5, 0.5]
		},
		"gui": {
			"translation": [0.25, 0.75, 0],
			"scale": [1.1, 1.1, 1.1]
		},
		"fixed": {
			"translation": [-0.25, 1.25, -1],
			"scale": [1.1, 1.1, 1.1]
		}
	}
}