{
	"type": "block",
	"blocks": [
		"#tacztweaks:sounds/metal_grate",
		"#tacztweaks:sounds/metal_thick",
		"#tacztweaks:sounds/metal_thin",
		"#tacztweaks:sounds/metal_soft"
	],
	"hit": [
		{
			"particle": "minecraft:block %s",
			"count": 5,
			"speed": 8,
			"force": true
		},
		{
			"particle": "createbigcannons:spark_burst 1.0 0.6 0.4 false 5",
			"count": 2,
			"speed": 0.03,
			"force": true
		},
		{
			"particle": "createbigcannons:shrapnel_smoke 5",
			"count": 1,
			"speed": 0.15,
			"force": true
		}
	],
	"pierce": [
		{
			"particle": "createbigcannons:spark_burst 1.0 0.6 0.4 true 10",
			"count": 2,
			"speed": 0.08,
			"force": true
		},
		{
			"particle": "createbigcannons:shrapnel_smoke 15",
			"count": 1,
			"speed": 0.2,
			"force": true
		}
	],
	"break": {
		"particle": "createbigcannons:shrapnel_smoke 40",
		"count": 15,
		"speed": 0.3,
		"force": true
	}
}
