{
	"type": "block",
	"blocks": [
		"#tacztweaks:stones",
		"#tacztweaks:terracotta",
		"#tacztweaks:ores",
		"#tacztweaks:mod/bricks",
		"#tacztweaks:concrete"
	],
	"hit": [
		{
			"particle": "minecraft:block %s ",
			"count": 10,
			"speed": 2,
			"force": true
		},
		{
			"particle": "createbigcannons:debris_smoke 1",
			"count": 3,
			"speed": 0.15,
			"force": true
		},
		{
			"particle": "createbigcannons:shrapnel_smoke 5",
			"count": 1,
			"speed": 0.1,
			"force": true
		}
	],
	"pierce": [
		{
			"particle": "minecraft:block %s",
			"count": 5,
			"speed": 3,
			"force": true
		},
		{
			"particle": "createbigcannons:splinter_burst %s 1",
			"count": 10,
			"speed": 0.3,
			"force": true
		},
		{
			"particle": "createbigcannons:shrapnel_smoke 13",
			"count": 1,
			"speed": 0.2,
			"force": true
		}
	],
	"break": {
		"particle": "createbigcannons:shrapnel_smoke 40",
		"count": 15,
		"speed": 0.3,
		"force": true
	}
}
