{
	"type": "block",
	"blocks": ["#tacztweaks:sounds/wood"],
	"hit": [
		{
			"particle": "minecraft:block %s",
			"speed": 5,
			"count": 10,
			"force": true
		},
		{
			"particle": "createbigcannons:debris_smoke 1",
			"count": 3,
			"speed": 0.15,
			"force": true
		}
	],
	"pierce": [
		{
			"particle": "minecraft:block %s",
			"count": 5,
			"speed": 8,
			"force": true
		},
		{
			"particle": "createbigcannons:splinter_burst %s 1",
			"count": 4,
			"speed": 0.3,
			"force": true
		},
		{
			"particle": "createbigcannons:shrapnel_smoke 10",
			"count": 1,
			"speed": 0.3,
			"force": true
		}
	],
	"break": {
		"particle": "createbigcannons:splinter_burst %s 10",
		"count": 15,
		"speed": 0.3,
		"force": true
	}
}
