{
	"credit": "Made by tjwhangLeime",
	"texture_size": [64, 64],
	"textures": {
		"0": "weapons/gun_mp41",
		"particle": "weapons/gun_mp41"
	},
	"elements": [
		{
			"name": "main2",
			"from": [7.4, 4.53224, 0.18447],
			"to": [8.6, 5.80724, 7.65447],
			"rotation": {"angle": 0, "axis": "y", "origin": [8, 0, 8]},
			"faces": {
				"north": {"uv": [7.25, 3.25, 7.75, 3.75], "texture": "#0"},
				"east": {"uv": [2.75, 1, 5.875, 1.5], "texture": "#0"},
				"south": {"uv": [4, 7.25, 4.5, 7.75], "texture": "#0"},
				"west": {"uv": [2.75, 1.5, 5.875, 2], "texture": "#0"},
				"up": {"uv": [1.5, 6.125, 1, 3], "texture": "#0"},
				"down": {"uv": [2, 3, 1.5, 6.125], "texture": "#0"}
			}
		},
		{
			"name": "main2",
			"from": [7.415, 3.87453, 5.48701],
			"to": [8.585, 5.52453, 9.28201],
			"rotation": {"angle": 45, "axis": "x", "origin": [7.85, 3.04953, 6.91201]},
			"faces": {
				"north": {"uv": [7, 3.75, 7.5, 4.375], "texture": "#0"},
				"east": {"uv": [4, 4, 5.625, 4.625], "texture": "#0"},
				"south": {"uv": [7, 6, 7.5, 6.625], "texture": "#0"},
				"west": {"uv": [4.5, 2, 6.125, 2.625], "texture": "#0"},
				"up": {"uv": [5.5, 6.375, 5, 4.75], "texture": "#0"},
				"down": {"uv": [6, 4.75, 5.5, 6.375], "texture": "#0"}
			}
		},
		{
			"name": "main2",
			"from": [7.445, 2.60793, 9.24669],
			"to": [8.57, 3.82293, 10.91169],
			"rotation": {"angle": -22.5, "axis": "x", "origin": [7.835, 1.81293, 7.43169]},
			"faces": {
				"north": {"uv": [0, 7.5, 0.5, 8], "texture": "#0"},
				"east": {"uv": [6.5, 1.5, 7.25, 2], "texture": "#0"},
				"south": {"uv": [0.5, 7.5, 1, 8], "texture": "#0"},
				"west": {"uv": [6.5, 3.25, 7.25, 3.75], "texture": "#0"},
				"up": {"uv": [7, 5, 6.5, 4.25], "texture": "#0"},
				"down": {"uv": [5.5, 6.5, 5, 7.25], "texture": "#0"}
			}
		},
		{
			"name": "main2",
			"from": [7.46, 1.99224, 9.27447],
			"to": [8.54, 4.15224, 15.58947],
			"rotation": {"angle": 0, "axis": "x", "origin": [7.85, 1.06224, 6.88947]},
			"faces": {
				"north": {"uv": [6, 5.25, 6.5, 6.125], "texture": "#0"},
				"east": {"uv": [0, 0, 2.625, 0.875], "texture": "#0"},
				"south": {"uv": [1, 6.25, 1.5, 7.125], "texture": "#0"},
				"west": {"uv": [0, 1, 2.625, 1.875], "texture": "#0"},
				"up": {"uv": [2.5, 5.625, 2, 3], "texture": "#0"},
				"down": {"uv": [3, 3, 2.5, 5.625], "texture": "#0"}
			}
		},
		{
			"name": "main2",
			"from": [7.415, 1.70176, 15.53705],
			"to": [8.585, 2.97676, 16.04705],
			"rotation": {"angle": 0, "axis": "x", "origin": [7.895, 3.09676, 6.97205]},
			"faces": {
				"north": {"uv": [6, 7.25, 6.5, 7.75], "texture": "#0"},
				"east": {"uv": [1, 7.75, 1.25, 8.25], "texture": "#0"},
				"south": {"uv": [7, 7.25, 7.5, 7.75], "texture": "#0"},
				"west": {"uv": [1.25, 7.75, 1.5, 8.25], "texture": "#0"},
				"up": {"uv": [6.75, 2.75, 6.25, 2.5], "texture": "#0"},
				"down": {"uv": [7.25, 2.5, 6.75, 2.75], "texture": "#0"}
			}
		},
		{
			"name": "main2",
			"from": [7.415, 2.97851, 15.50431],
			"to": [8.585, 5.19851, 16.01431],
			"rotation": {"angle": 0, "axis": "x", "origin": [7.85, 2.28851, 6.93931]},
			"faces": {
				"north": {"uv": [1.5, 6.25, 2, 7.125], "texture": "#0"},
				"east": {"uv": [3, 7.5, 3.25, 8.375], "texture": "#0"},
				"south": {"uv": [6, 6.25, 6.5, 7.125], "texture": "#0"},
				"west": {"uv": [3.25, 7.5, 3.5, 8.375], "texture": "#0"},
				"up": {"uv": [2, 8, 1.5, 7.75], "texture": "#0"},
				"down": {"uv": [8.25, 1.5, 7.75, 1.75], "texture": "#0"}
			}
		},
		{
			"name": "main2",
			"from": [7.415, 3.84196, 9.97674],
			"to": [8.585, 5.11696, 15.63174],
			"rotation": {"angle": 0, "axis": "x", "origin": [7.85, 2.62696, 6.60174]},
			"faces": {
				"north": {"uv": [4.5, 7.25, 5, 7.75], "texture": "#0"},
				"east": {"uv": [3, 3, 5.375, 3.5], "texture": "#0"},
				"south": {"uv": [5, 7.25, 5.5, 7.75], "texture": "#0"},
				"west": {"uv": [3, 3.5, 5.375, 4], "texture": "#0"},
				"up": {"uv": [3.5, 6.375, 3, 4], "texture": "#0"},
				"down": {"uv": [4, 4, 3.5, 6.375], "texture": "#0"}
			}
		},
		{
			"name": "main2",
			"from": [7.745, 3.52609, 6.31687],
			"to": [8.255, 4.56109, 6.55687],
			"rotation": {"angle": 0, "axis": "y", "origin": [8, 0, 8]},
			"faces": {
				"north": {"uv": [7.75, 1.75, 8, 2.125], "texture": "#0"},
				"east": {"uv": [8, 1.75, 8.125, 2.125], "texture": "#0"},
				"south": {"uv": [7.75, 2.25, 8, 2.625], "texture": "#0"},
				"west": {"uv": [8, 2.25, 8.125, 2.625], "texture": "#0"},
				"up": {"uv": [8.25, 6.875, 8, 6.75], "texture": "#0"},
				"down": {"uv": [7.25, 8, 7, 8.125], "texture": "#0"}
			}
		},
		{
			"name": "main2",
			"from": [7.82, 3.57109, 5.59687],
			"to": [8.12, 4.53109, 5.89687],
			"rotation": {"angle": 22.5, "axis": "x", "origin": [7.85, 2.92609, 7.03687]},
			"faces": {
				"north": {"uv": [3.75, 8, 3.875, 8.375], "texture": "#0"},
				"east": {"uv": [8, 3.75, 8.125, 4.125], "texture": "#0"},
				"south": {"uv": [8, 4.25, 8.125, 4.625], "texture": "#0"},
				"west": {"uv": [4.75, 8, 4.875, 8.375], "texture": "#0"},
				"up": {"uv": [8.375, 3.125, 8.25, 3], "texture": "#0"},
				"down": {"uv": [8.375, 3.25, 8.25, 3.375], "texture": "#0"}
			}
		},
		{
			"name": "main2",
			"from": [7.745, 3.52609, 4.78687],
			"to": [8.255, 4.56109, 5.05687],
			"rotation": {"angle": 0, "axis": "y", "origin": [8, 0, 8]},
			"faces": {
				"north": {"uv": [7.75, 3.25, 8, 3.625], "texture": "#0"},
				"east": {"uv": [8, 3.25, 8.125, 3.625], "texture": "#0"},
				"south": {"uv": [4, 7.75, 4.25, 8.125], "texture": "#0"},
				"west": {"uv": [3.5, 8, 3.625, 8.375], "texture": "#0"},
				"up": {"uv": [8.25, 7.125, 8, 7], "texture": "#0"},
				"down": {"uv": [7.5, 8, 7.25, 8.125], "texture": "#0"}
			}
		},
		{
			"name": "main2",
			"from": [7.745, 3.52609, 5.05687],
			"to": [8.255, 3.76609, 6.31687],
			"rotation": {"angle": 0, "axis": "y", "origin": [8, 0, 8]},
			"faces": {
				"north": {"uv": [8, 7.25, 8.25, 7.375], "texture": "#0"},
				"east": {"uv": [7.75, 2.75, 8.25, 2.875], "texture": "#0"},
				"south": {"uv": [7.5, 8, 7.75, 8.125], "texture": "#0"},
				"west": {"uv": [4.75, 7.75, 5.25, 7.875], "texture": "#0"},
				"up": {"uv": [6, 4.75, 5.75, 4.25], "texture": "#0"},
				"down": {"uv": [7, 3.75, 6.75, 4.25], "texture": "#0"}
			}
		},
		{
			"name": "main2",
			"from": [7.79, 5.74606, 7.73806],
			"to": [8.21, 6.73606, 7.90306],
			"rotation": {"angle": 0, "axis": "y", "origin": [8, 0, 8]},
			"faces": {
				"north": {"uv": [0.75, 8, 0.875, 8.375], "texture": "#0"},
				"east": {"uv": [8, 1, 8.125, 1.375], "texture": "#0"},
				"south": {"uv": [1.5, 8, 1.625, 8.375], "texture": "#0"},
				"west": {"uv": [1.75, 8, 1.875, 8.375], "texture": "#0"},
				"up": {"uv": [8.375, 1.625, 8.25, 1.5], "texture": "#0"},
				"down": {"uv": [8.375, 1.75, 8.25, 1.875], "texture": "#0"}
			}
		},
		{
			"name": "main2",
			"from": [7.79, 6.07606, 7.90306],
			"to": [8.21, 6.40606, 8.05306],
			"rotation": {"angle": 0, "axis": "y", "origin": [8, 0, 8]},
			"faces": {
				"north": {"uv": [8.25, 7.75, 8.375, 7.875], "texture": "#0"},
				"east": {"uv": [8, 8.25, 8.125, 8.375], "texture": "#0"},
				"south": {"uv": [8.25, 8, 8.375, 8.125], "texture": "#0"},
				"west": {"uv": [8.25, 8.25, 8.375, 8.375], "texture": "#0"},
				"up": {"uv": [0.125, 8.625, 0, 8.5], "texture": "#0"},
				"down": {"uv": [8.625, 0, 8.5, 0.125], "texture": "#0"}
			}
		},
		{
			"name": "main2",
			"from": [7.805, 7.43582, 6.50613],
			"to": [8.195, 7.69082, 6.65613],
			"rotation": {"angle": 45, "axis": "x", "origin": [7.85, 4.82582, 4.97613]},
			"faces": {
				"north": {"uv": [0.25, 8.5, 0.375, 8.625], "texture": "#0"},
				"east": {"uv": [8.5, 0.25, 8.625, 0.375], "texture": "#0"},
				"south": {"uv": [0.5, 8.5, 0.625, 8.625], "texture": "#0"},
				"west": {"uv": [8.5, 0.5, 8.625, 0.625], "texture": "#0"},
				"up": {"uv": [0.875, 8.625, 0.75, 8.5], "texture": "#0"},
				"down": {"uv": [8.625, 0.75, 8.5, 0.875], "texture": "#0"}
			}
		},
		{
			"name": "main2",
			"from": [7.805, 5.92269, 9.8391],
			"to": [8.195, 6.17769, 9.9891],
			"rotation": {"angle": -45, "axis": "x", "origin": [7.85, 3.31269, 8.3091]},
			"faces": {
				"north": {"uv": [1, 8.5, 1.125, 8.625], "texture": "#0"},
				"east": {"uv": [8.5, 1, 8.625, 1.125], "texture": "#0"},
				"south": {"uv": [1.25, 8.5, 1.375, 8.625], "texture": "#0"},
				"west": {"uv": [8.5, 1.25, 8.625, 1.375], "texture": "#0"},
				"up": {"uv": [1.625, 8.625, 1.5, 8.5], "texture": "#0"},
				"down": {"uv": [8.625, 1.5, 8.5, 1.625], "texture": "#0"}
			}
		},
		{
			"name": "main2",
			"from": [7.88, 6.34606, 7.52806],
			"to": [8.12, 6.58606, 7.76806],
			"rotation": {"angle": 0, "axis": "y", "origin": [8, 0, 8]},
			"faces": {
				"north": {"uv": [8.25, 2, 8.375, 2.125], "texture": "#0"},
				"east": {"uv": [8.25, 2.25, 8.375, 2.375], "texture": "#0"},
				"south": {"uv": [2.5, 8.25, 2.625, 8.375], "texture": "#0"},
				"west": {"uv": [8.25, 2.5, 8.375, 2.625], "texture": "#0"},
				"up": {"uv": [2.875, 8.375, 2.75, 8.25], "texture": "#0"},
				"down": {"uv": [8.375, 2.75, 8.25, 2.875], "texture": "#0"}
			}
		},
		{
			"name": "main2",
			"from": [7.88, 5.89606, 7.52806],
			"to": [8.12, 6.13606, 7.76806],
			"rotation": {"angle": 0, "axis": "y", "origin": [8, 0, 8]},
			"faces": {
				"north": {"uv": [8.25, 7, 8.375, 7.125], "texture": "#0"},
				"east": {"uv": [7.25, 8.25, 7.375, 8.375], "texture": "#0"},
				"south": {"uv": [8.25, 7.25, 8.375, 7.375], "texture": "#0"},
				"west": {"uv": [7.5, 8.25, 7.625, 8.375], "texture": "#0"},
				"up": {"uv": [8.375, 7.625, 8.25, 7.5], "texture": "#0"},
				"down": {"uv": [7.875, 8.25, 7.75, 8.375], "texture": "#0"}
			}
		},
		{
			"name": "main2",
			"from": [7.475, 5.73109, -3.25313],
			"to": [8.525, 6.78109, 7.54687],
			"rotation": {"angle": 0, "axis": "y", "origin": [8, 0, 8]},
			"faces": {
				"north": {"uv": [7, 4.5, 7.5, 5], "texture": "#0"},
				"east": {"uv": [0, 2, 4.5, 2.5], "texture": "#0"},
				"south": {"uv": [6.5, 7, 7, 7.5], "texture": "#0"},
				"west": {"uv": [0, 2.5, 4.5, 3], "texture": "#0"},
				"up": {"uv": [0.5, 7.5, 0, 3], "texture": "#0"},
				"down": {"uv": [1, 3, 0.5, 7.5], "texture": "#0"}
			}
		},
		{
			"name": "main2",
			"from": [7.565, 5.73109, -3.25313],
			"to": [7.565, 6.78109, 7.54687],
			"rotation": {"angle": 0, "axis": "y", "origin": [8, 0, 8]},
			"faces": {
				"north": {"uv": [0, 0, 0, 0.5], "texture": "#0"},
				"east": {"uv": [2.75, 0, 7.25, 0.5], "texture": "#0"},
				"south": {"uv": [0, 0, 0, 0.5], "texture": "#0"},
				"west": {"uv": [2.75, 0.5, 7.25, 1], "texture": "#0"},
				"up": {"uv": [0, 4.5, 0, 0], "texture": "#0"},
				"down": {"uv": [0, 0, 0, 4.5], "texture": "#0"}
			}
		},
		{
			"name": "main2",
			"from": [8.525, 5.73109, -3.23813],
			"to": [8.975, 6.78109, -2.96813],
			"rotation": {"angle": 0, "axis": "y", "origin": [8, 0, 8]},
			"faces": {
				"north": {"uv": [8.625, 3.125, 9, 3.625], "texture": "#0"},
				"east": {"uv": [0.5, 8, 0.625, 8.5], "texture": "#0"},
				"south": {"uv": [9.125, 3.125, 9.5, 3.625], "texture": "#0"},
				"west": {"uv": [8, 0.5, 8.125, 1], "texture": "#0"},
				"up": {"uv": [8.5, 0.625, 8.25, 0.5], "texture": "#0"},
				"down": {"uv": [8.5, 0.75, 8.25, 0.875], "texture": "#0"}
			}
		},
		{
			"name": "main2",
			"from": [7.625, 6.78109, 2.50687],
			"to": [8.375, 6.93109, 3.51187],
			"rotation": {"angle": 0, "axis": "y", "origin": [8, 0, 8]},
			"faces": {
				"north": {"uv": [8, 4.75, 8.375, 4.875], "texture": "#0"},
				"east": {"uv": [5, 8, 5.375, 8.125], "texture": "#0"},
				"south": {"uv": [8, 5, 8.375, 5.125], "texture": "#0"},
				"west": {"uv": [8, 5.25, 8.375, 5.375], "texture": "#0"},
				"up": {"uv": [7.875, 6.625, 7.5, 6.25], "texture": "#0"},
				"down": {"uv": [6.875, 7.5, 6.5, 7.875], "texture": "#0"}
			}
		},
		{
			"name": "main2",
			"from": [7.625, 6.93109, 3.04687],
			"to": [8.375, 7.23109, 3.18187],
			"rotation": {"angle": 0, "axis": "y", "origin": [8, 0, 8]},
			"faces": {
				"north": {"uv": [5.5, 7.875, 5.875, 8.125], "texture": "#0"},
				"east": {"uv": [4.5, 8.25, 4.625, 8.375], "texture": "#0"},
				"south": {"uv": [8, 5.375, 8.375, 5.625], "texture": "#0"},
				"west": {"uv": [8.25, 4.5, 8.375, 4.625], "texture": "#0"},
				"up": {"uv": [8.375, 5.875, 8, 5.75], "texture": "#0"},
				"down": {"uv": [6.375, 8, 6, 8.125], "texture": "#0"}
			}
		},
		{
			"name": "main2",
			"from": [7.625, 6.93109, 2.67187],
			"to": [8.375, 7.06609, 3.04687],
			"rotation": {"angle": 0, "axis": "y", "origin": [8, 0, 8]},
			"faces": {
				"north": {"uv": [8, 6, 8.375, 6.125], "texture": "#0"},
				"east": {"uv": [5, 8.25, 5.125, 8.375], "texture": "#0"},
				"south": {"uv": [8, 6.25, 8.375, 6.375], "texture": "#0"},
				"west": {"uv": [5.25, 8.25, 5.375, 8.375], "texture": "#0"},
				"up": {"uv": [6.875, 8.25, 6.5, 8], "texture": "#0"},
				"down": {"uv": [8.375, 6.5, 8, 6.75], "texture": "#0"}
			}
		},
		{
			"name": "main2",
			"from": [7.415, 5.67109, -2.32313],
			"to": [8.585, 6.84109, 0.01687],
			"rotation": {"angle": 0, "axis": "y", "origin": [8, 0, 8]},
			"faces": {
				"north": {"uv": [7.25, 2, 7.75, 2.5], "texture": "#0"},
				"east": {"uv": [5.5, 3.25, 6.5, 3.75], "texture": "#0"},
				"south": {"uv": [7.25, 2.5, 7.75, 3], "texture": "#0"},
				"west": {"uv": [5.75, 3.75, 6.75, 4.25], "texture": "#0"},
				"up": {"uv": [6.5, 2, 6, 1], "texture": "#0"},
				"down": {"uv": [6.5, 4.25, 6, 5.25], "texture": "#0"}
			}
		},
		{
			"name": "main2",
			"from": [7.73, 5.98609, -9.37313],
			"to": [8.27, 6.52609, -3.20813],
			"rotation": {"angle": 0, "axis": "y", "origin": [8, 0, 8]},
			"faces": {
				"north": {"uv": [5.5, 3.75, 5.75, 4], "texture": "#0"},
				"east": {"uv": [4.5, 2.75, 7.125, 3], "texture": "#0"},
				"south": {"uv": [5.25, 7.75, 5.5, 8], "texture": "#0"},
				"west": {"uv": [5.5, 3, 8.125, 3.25], "texture": "#0"},
				"up": {"uv": [2.25, 8.375, 2, 5.75], "texture": "#0"},
				"down": {"uv": [2.5, 5.75, 2.25, 8.375], "texture": "#0"}
			}
		},
		{
			"name": "main2",
			"from": [7.685, 6.88609, -8.81813],
			"to": [8.315, 7.48609, -8.35313],
			"rotation": {"angle": 0, "axis": "y", "origin": [8, 0, 8]},
			"faces": {
				"north": {"uv": [8.6875, 1.9375, 9.0625, 2.3125], "texture": "#0"},
				"east": {"uv": [9.125, 2.5625, 9.375, 2.9375], "texture": "#0"},
				"south": {"uv": [8.6875, 2.5625, 9.0625, 2.9375], "texture": "#0"},
				"west": {"uv": [9.125, 1.9375, 9.375, 2.3125], "texture": "#0"},
				"up": {"uv": [7.75, 8, 7.5, 7.75], "texture": "#0"},
				"down": {"uv": [8, 7.75, 7.75, 8], "texture": "#0"}
			}
		},
		{
			"name": "main2",
			"from": [7.94, 6.88609, -8.87813],
			"to": [8.06, 7.23109, -8.50313],
			"rotation": {"angle": 0, "axis": "y", "origin": [8, 0, 8]},
			"faces": {
				"north": {"uv": [8.25, 3.5, 8.375, 3.625], "texture": "#0"},
				"east": {"uv": [8.25, 3.75, 8.375, 3.875], "texture": "#0"},
				"south": {"uv": [4, 8.25, 4.125, 8.375], "texture": "#0"},
				"west": {"uv": [8.25, 4, 8.375, 4.125], "texture": "#0"},
				"up": {"uv": [4.375, 8.375, 4.25, 8.25], "texture": "#0"},
				"down": {"uv": [8.375, 4.25, 8.25, 4.375], "texture": "#0"}
			}
		},
		{
			"name": "main2",
			"from": [7.775, 6.51109, -8.87813],
			"to": [8.225, 6.88609, -8.35313],
			"rotation": {"angle": 0, "axis": "y", "origin": [8, 0, 8]},
			"faces": {
				"north": {"uv": [8, 7.5, 8.25, 7.625], "texture": "#0"},
				"east": {"uv": [7.75, 8, 8, 8.125], "texture": "#0"},
				"south": {"uv": [8, 7.75, 8.25, 7.875], "texture": "#0"},
				"west": {"uv": [8, 8, 8.25, 8.125], "texture": "#0"},
				"up": {"uv": [0.25, 8.25, 0, 8], "texture": "#0"},
				"down": {"uv": [8.25, 0, 8, 0.25], "texture": "#0"}
			}
		},
		{
			"name": "main2",
			"from": [7.775, 0.38739, -11.38326],
			"to": [8.225, 0.62739, -10.81326],
			"rotation": {"angle": 22.5, "axis": "x", "origin": [8, -3.12261, 3.94674]},
			"faces": {
				"north": {"uv": [0, 8.25, 0.25, 8.375], "texture": "#0"},
				"east": {"uv": [8.25, 0, 8.5, 0.125], "texture": "#0"},
				"south": {"uv": [0.25, 8.25, 0.5, 8.375], "texture": "#0"},
				"west": {"uv": [8.25, 0.25, 8.5, 0.375], "texture": "#0"},
				"up": {"uv": [0.5, 8.25, 0.25, 8], "texture": "#0"},
				"down": {"uv": [8.25, 0.25, 8, 0.5], "texture": "#0"}
			}
		},
		{
			"name": "main2",
			"from": [7.355, 5.67109, 6.13687],
			"to": [8.645, 6.85609, 7.24687],
			"rotation": {"angle": 0, "axis": "y", "origin": [8, 0, 8]},
			"faces": {
				"north": {"uv": [7, 6.75, 7.5, 7.25], "texture": "#0"},
				"east": {"uv": [7.25, 0, 7.75, 0.5], "texture": "#0"},
				"south": {"uv": [7.25, 0.5, 7.75, 1], "texture": "#0"},
				"west": {"uv": [1, 7.25, 1.5, 7.75], "texture": "#0"},
				"up": {"uv": [2, 7.75, 1.5, 7.25], "texture": "#0"},
				"down": {"uv": [7.75, 1.5, 7.25, 2], "texture": "#0"}
			}
		},
		{
			"name": "main2",
			"from": [7.61, 5.01109, -1.96313],
			"to": [8.39, 5.98609, 0.19687],
			"rotation": {"angle": 0, "axis": "y", "origin": [8, 0, 8]},
			"faces": {
				"north": {"uv": [7.5, 4.75, 7.875, 5.125], "texture": "#0"},
				"east": {"uv": [6.5, 5, 7.375, 5.375], "texture": "#0"},
				"south": {"uv": [7.5, 5.25, 7.875, 5.625], "texture": "#0"},
				"west": {"uv": [6.5, 5.5, 7.375, 5.875], "texture": "#0"},
				"up": {"uv": [5.875, 7.375, 5.5, 6.5], "texture": "#0"},
				"down": {"uv": [6.875, 6, 6.5, 6.875], "texture": "#0"}
			}
		},
		{
			"name": "main2",
			"from": [7.61, 4.21609, -1.96313],
			"to": [8.39, 5.01109, -0.74813],
			"rotation": {"angle": 0, "axis": "y", "origin": [8, 0, 8]},
			"faces": {
				"north": {"uv": [5.5, 7.5, 5.875, 7.875], "texture": "#0"},
				"east": {"uv": [7.5, 1, 8, 1.375], "texture": "#0"},
				"south": {"uv": [7.5, 5.75, 7.875, 6.125], "texture": "#0"},
				"west": {"uv": [3.5, 7.5, 4, 7.875], "texture": "#0"},
				"up": {"uv": [7.875, 4.25, 7.5, 3.75], "texture": "#0"},
				"down": {"uv": [7.875, 4.25, 7.5, 4.75], "texture": "#0"}
			}
		},
		{
			"name": "slide",
			"from": [7.535, 5.79109, 2.18687],
			"to": [8.465, 6.72109, 4.70687],
			"rotation": {"angle": 0, "axis": "y", "origin": [8, 0, 12]},
			"faces": {
				"north": {"uv": [7.5, 6.75, 7.875, 7.125], "texture": "#0"},
				"east": {"uv": [6.25, 2, 7.25, 2.375], "texture": "#0"},
				"south": {"uv": [7.5, 7.25, 7.875, 7.625], "texture": "#0"},
				"west": {"uv": [6.5, 1, 7.5, 1.375], "texture": "#0"},
				"up": {"uv": [3.375, 7.5, 3, 6.5], "texture": "#0"},
				"down": {"uv": [3.875, 6.5, 3.5, 7.5], "texture": "#0"}
			}
		},
		{
			"name": "slide2",
			"from": [6.905, 6.06109, 4.34687],
			"to": [7.565, 6.25609, 4.69187],
			"rotation": {"angle": 0, "axis": "y", "origin": [8, 0, 12]},
			"faces": {
				"north": {"uv": [1, 8.25, 1.25, 8.375], "texture": "#0"},
				"east": {"uv": [5.5, 8.25, 5.625, 8.375], "texture": "#0"},
				"south": {"uv": [8.25, 1, 8.5, 1.125], "texture": "#0"},
				"west": {"uv": [5.75, 8.25, 5.875, 8.375], "texture": "#0"},
				"up": {"uv": [1.5, 8.375, 1.25, 8.25], "texture": "#0"},
				"down": {"uv": [8.5, 1.25, 8.25, 1.375], "texture": "#0"}
			}
		},
		{
			"name": "slide2",
			"from": [6.665, 6.00109, 4.28687],
			"to": [6.935, 6.31609, 4.75187],
			"rotation": {"angle": 0, "axis": "y", "origin": [8, 0, 12]},
			"faces": {
				"north": {"uv": [6, 8.25, 6.125, 8.375], "texture": "#0"},
				"east": {"uv": [6.25, 8.25, 6.375, 8.375], "texture": "#0"},
				"south": {"uv": [6.5, 8.25, 6.625, 8.375], "texture": "#0"},
				"west": {"uv": [6.75, 8.25, 6.875, 8.375], "texture": "#0"},
				"up": {"uv": [8.375, 6.875, 8.25, 6.75], "texture": "#0"},
				"down": {"uv": [7.125, 8.25, 7, 8.375], "texture": "#0"}
			}
		},
		{
			"name": "mag",
			"from": [7.76, -0.82391, -1.87313],
			"to": [8.24, 5.01109, -0.83813],
			"rotation": {"angle": 0, "axis": "y", "origin": [8, 0, 8]},
			"faces": {
				"north": {"uv": [2.5, 5.75, 2.75, 8.125], "texture": "#0"},
				"east": {"uv": [4, 4.75, 4.375, 7.125], "texture": "#0"},
				"south": {"uv": [2.75, 5.75, 3, 8.125], "texture": "#0"},
				"west": {"uv": [4.5, 4.75, 4.875, 7.125], "texture": "#0"},
				"up": {"uv": [4.5, 8.125, 4.25, 7.75], "texture": "#0"},
				"down": {"uv": [4.75, 7.75, 4.5, 8.125], "texture": "#0"}
			}
		},
		{
			"name": "muzzleflash",
			"from": [7.994, 6.27, -9.49],
			"to": [7.994, 6.27, -9.49],
			"rotation": {"angle": 0, "axis": "y", "origin": [8, 0, 8]},
			"faces": {
				"north": {"uv": [0, 0, 0, 0], "texture": "#0"},
				"east": {"uv": [0, 0, 0, 0], "texture": "#0"},
				"south": {"uv": [0, 0, 0, 0], "texture": "#0"},
				"west": {"uv": [0, 0, 0, 0], "texture": "#0"},
				"up": {"uv": [0, 0, 0, 0], "texture": "#0"},
				"down": {"uv": [0, 0, 0, 0], "texture": "#0"}
			}
		},
		{
			"name": "eject",
			"from": [8.444, 6.51, -1.03],
			"to": [8.444, 6.51, -1.03],
			"rotation": {"angle": 0, "axis": "y", "origin": [8, 0, 8]},
			"faces": {
				"north": {"uv": [7.25, 5, 7.5625, 5.3125], "texture": "#0"},
				"east": {"uv": [6.75, 7, 7.125, 7.3125], "texture": "#0"},
				"south": {"uv": [7.25, 5.5, 7.5625, 5.8125], "texture": "#0"},
				"west": {"uv": [7.25, 0, 7.625, 0.3125], "texture": "#0"},
				"up": {"uv": [7.5625, 2.625, 7.25, 2.25], "texture": "#0"},
				"down": {"uv": [3.3125, 7.25, 3, 7.625], "texture": "#0"}
			}
		}
	],
	"display": {
		"thirdperson_righthand": {
			"rotation": [-1.22, -7.08, 1.1],
			"translation": [-0.75, 2.75, 1.25],
			"scale": [0.8, 0.8, 0.8]
		},
		"firstperson_righthand": {
			"translation": [-9, 10, 6.75],
			"scale": [2.3, 2.3, 2.3]
		},
		"gui": {
			"rotation": [80.29, 53.6, -82.14],
			"translation": [5.75, 0, 0]
		},
		"fixed": {
			"rotation": [86.26, -60.66, 86.98],
			"translation": [-4.75, 0.5, 0]
		}
	},
	"groups": [
		0,
		1,
		2,
		3,
		4,
		5,
		6,
		7,
		8,
		9,
		10,
		11,
		12,
		13,
		14,
		15,
		16,
		17,
		18,
		19,
		20,
		21,
		22,
		23,
		24,
		25,
		26,
		27,
		28,
		29,
		30,
		31,
		{
			"name": "bolt",
			"origin": [0, 0, 8],
			"color": 0,
			"children": [32, 33, 34]
		},
		35,
		36,
		37
	]
}