{
  "ammo": "tacz:10mm",
  "rpm": 400,
  "bullet": {
    "life": 0.8,
    "bullet_amount": 1,
    "damage": 11,
    "tracer_count_interval": 0,
    "extra_damage": {
      "armor_ignore": 0,
      "head_shot_multiplier": 1.5,
      "damage_adjust": [
        {"distance": 20, "damage": 11},
        {"distance": 45, "damage": 7},
        {"distance": "infinite", "damage": 4}
      ]
    },
    "speed": 150,
    "gravity": 0.15,
    "knockback": 0,
    "friction": 0.025,
    "ignite": false,
    "pierce": 1
  },
  "ammo_amount": 15,
  "extended_mag_ammo_amount": [
    30,
    50,
    100
  ],
  "bolt": "closed_bolt",
  "reload": {
    "type": "magazine",
    "feed": {
      "empty": 1.63,
      "tactical": 1.05
    },
    "cooldown": {
      "empty": 1.88,
      "tactical": 1.5
    }
  },
  "draw_time": 0.32,
  "put_away_time": 0.35,
  "aim_time": 0.17,
  "sprint_time": 0.05,
  "weight": 1,
  "movement_speed": {
    "base": 0.0,
    "aim": 0,
    "reload": 0.1
  },
  "crawl_recoil_multiplier": 0.75,
  "fire_mode": [
    "semi"
  ],
  "allow_attachment_types": [
    "scope",
    "muzzle",
    "extended_mag",
    "laser"
  ],
  "recoil": {
    "pitch": [
      {"time": 0, "value": [2.75, 2.75]},
      {"time": 0.04, "value": [1.75, 1.75]},
      {"time": 0.08, "value": [2.25, 2.25]},
      {"time": 0.27, "value": [0.1, 0.1]},
      {"time": 0.3, "value": [0.08, 0.08]},
      {"time": 0.55, "value": [0, 0]}
    ],
    "yaw": [
      {"time": 0, "value": [-0.65, -0.65]},
      {"time": 0.05, "value": [0.35, 0.35]},
      {"time": 0.11, "value": [0.1, 0.1]},
      {"time": 0.28, "value": [0, 0]}
    ]
  },
  "inaccuracy": {
    "stand": 2,
    "move": 2.5,
    "sneak": 1.5,
    "lie": 0.7,
    "aim": 0.2
  }
}