{
  "ammo": "tacz:308",
  "ammo_amount": 20,
  "extended_mag_ammo_amount": [
    20,
    20,
    20
  ],
  "bolt": "closed_bolt",
  "rpm": 600,
  "script": "tacz:xmag_reload_logic",
  "script_param": {
    "reload_feed": 2.21,
    "reload_cooldown": 3.33,
    "empty_feed": 3.21,
    "empty_cooldown": 3.83,
    "reload_xmag_1_feed": 2.21,
    "reload_xmag_1_cooldown": 3.33,
    "empty_xmag_1_feed": 3.21,
    "empty_xmag_1_cooldown": 3.83,
    "reload_xmag_2_feed": 2.21,
    "reload_xmag_2_cooldown": 3.33,
    "empty_xmag_2_feed": 3.21,
    "empty_xmag_2_cooldown": 3.83,
    "reload_xmag_3_feed": 2.21,
    "reload_xmag_3_cooldown": 3.33,
    "empty_xmag_3_feed": 3.21,
    "empty_xmag_3_cooldown": 3.83
  },
  "bullet": {
    "life": 1.3,
    "bullet_amount": 1,
    "damage": 14,
    "tracer_count_interval": 0,
    "extra_damage": {
      "armor_ignore": 0.3,
      "head_shot_multiplier": 1.5,
      "damage_adjust": [
        {"distance": 45, "damage": 14},
        {"distance": 80, "damage": 12},
        {"distance": "infinite", "damage": 10}
      ]
    },
    "speed": 385,
    "gravity": 0.15,
    "knockback": 0,
    "friction": 0.015,
    "ignite": false,
    "pierce": 2
  },
  "reload": {
    "type": "magazine",
    "feed": {
      "empty": 2.07,
      "tactical": 1.4
    },
    "cooldown": {
      "empty": 2.63,
      "tactical": 2
    }
  },
  "draw_time": 0.47,
  "put_away_time": 0.53,
  "aim_time": 0.16,
  "sprint_time": 0.17,
  "weight": 4.0,
  "movement_speed": {
    "base": 0.0,
    "aim": -0.2,
    "reload": -0.1
  },
  "crawl_recoil_multiplier": 0.5,
  "fire_mode": [
        "semi",
        "auto"
  ],
  "fire_mode_adjust": {
    // 全自动状态的数值调整，如无调整可不写
    // 半自动状态的数值调整，如无调整可不写
    "semi": {
      // 加算，半自动模式的开火数值调整，如无调整可不写
      "damage": 4,
      "rpm": -200,
      "speed": 20,
      "knockback": 0.1,
      "armor_ignore": 0.1,
      "head_shot_multiplier": 0.5,
      "aim_inaccuracy": -0.1,
      "other_inaccuracy": -0.5
    }
  },
  "recoil": {
    "pitch": [
      {"time": 0, "value": [1.75, 2.00]},
      {"time": 0.05, "value": [1.25, 1.25]},
      {"time": 0.12, "value": [1.5, 1.5]},
      {"time": 0.25, "value": [-0.15, -0.1]},
      {"time": 0.5, "value": [0, 0]},
      {"time": 0.7, "value": [0.15, 0.25]},
      {"time": 0.9, "value": [0, 0]}
    ],
    "yaw": [
      {"time": 0, "value": [-0.5, 0.35]},
      {"time": 0.05, "value": [-0.5, 0.35]},
      {"time": 0.25, "value": [0, 0]}
    ]
  },
  "inaccuracy": {
    "stand": 4.75,
    "move": 5,
    "sneak": 4.25,
    "lie": 3.75,
    "aim": 0.1
  },
  // 近战相关
  "melee": {
    // 枪械距离参数，用来延升近战攻击范围
    // 会与刺刀等配件的距离做加和
    "distance": 1,
    // 使用时的冷却时间
    "cooldown": 0.6,
    // 默认近战数据，会被配件的数据替换掉
    "default": {
      // 动画类型：没有枪托的为 melee_push，有枪托的为 melee_stock
      "animation_type": "melee_stock",
      // 刺刀距离参数，枪械里还有个刺刀攻击距离参数，两者做加和
      "distance": 1,
      // 刺刀范围角度
      "range_angle": 30,
      // 伤害值
      "damage": 2,
      // 击退效果
      "knockback": 0.5,
      // 前摇时长，单位：秒
      "prep": 0.1
    }
  },
  "allow_attachment_types": [
    "scope",
    "stock",
    "grip",
    "laser",
    "muzzle",
    "extended_mag"
  ],
  "builtin_attachments": {
  "stock": "tacz:stock_hk_slim_line"
  },
  "exclusive_attachments": {
  }
}