{
    "ammo": "tacz:556x45",
    "ammo_amount": 30,
    "extended_mag_ammo_amount": [45, 50, 60],
    "bolt": "closed_bolt",
    "rpm": 850,
    "bullet": {
        "life": 0.9,
        "bullet_amount": 1,
        "damage": 7.5,
        "tracer_count_interval": 0,
        "extra_damage": {
            "armor_ignore": 0.2,
            "head_shot_multiplier": 1.5,
            "damage_adjust": [
                { "distance": 20, "damage": 7.5 },
                { "distance": 55, "damage": 6 },
                { "distance": "infinite", "damage": 5 }
            ]
        },
        "speed": 285,
        "gravity": 0.15,
        "knockback": 0,
        "friction": 0.015,
        "ignite": false,
        "pierce": 1
    },
    "reload": {
        "type": "magazine",
        "feed": {
            "empty": 1.87,
            "tactical": 1.4
        },
        "cooldown": {
            "empty": 2.2,
            "tactical": 1.87
        }
    },
    "draw_time": 0.47,
    "put_away_time": 0.53,
    "aim_time": 0.16,
    "sprint_time": 0.17,
    "weight": 2.7,
    "movement_speed": {
        "base": 0.0,
        "aim": -0.05,
        "reload": -0.1
    },
    "crawl_recoil_multiplier": 0.5,
    "fire_mode": ["auto", "semi"],
    "recoil": {
        "pitch": [
            { "time": 0, "value": [1.625, 1.625] },
            { "time": 0.15, "value": [1.625, 1.625] },
            { "time": 0.5, "value": [-0.125, -0.125] },
            { "time": 0.65, "value": [0, 0] }
        ],
        "yaw": [
            { "time": 0, "value": [-0.3, 0.2] },
            { "time": 0.15, "value": [-0.3, 0.2] },
            { "time": 0.5, "value": [0, 0] }
        ]
    },
    "inaccuracy": {
        "stand": 4.75,
        "move": 5,
        "sneak": 4.25,
        "lie": 3.75,
        "aim": 0.1
    },
    // 近战相关
    "melee": {
        // 枪械距离参数，用来延升近战攻击范围
        // 会与刺刀等配件的距离做加和
        "distance": 1,
        // 使用时的冷却时间
        "cooldown": 0.6,
        // 默认近战数据，会被配件的数据替换掉
        "default": {
            // 动画类型：没有枪托的为 melee_push，有枪托的为 melee_stock
            "animation_type": "melee_stock",
            // 刺刀距离参数，枪械里还有个刺刀攻击距离参数，两者做加和
            "distance": 1,
            // 刺刀范围角度
            "range_angle": 30,
            // 伤害值
            "damage": 2,
            // 击退效果
            "knockback": 0.5,
            // 前摇时长，单位：秒
            "prep": 0.1
        }
    },
    "allow_attachment_types": [
        "scope",
        "stock",
        "grip",
        "laser",
        "extended_mag"
    ],
    "builtin_attachments": {
        "muzzle": "classicr:muzzle_silencer_default",
        "scope": "classicr:sight_red_dot"
    },
    "exclusive_attachments": {
        // 配件 ID，后面的数据和配件的 data 部分结构完全一致
        "classicr:muzzle_silencer_default": {
            "distance_addend": -24,
            // 是否使用专门的消音后的音源
            "use_silence_sound": true
        }
    }
}
